source_file,benchmark,transport,scenario,nodes,payload_size,sample,value_ns,ms,extra_col1_name,extra_col1_value,extra_col2_name,extra_col2_value
burst_recovery.csv,burst_recovery,TCP,burst_loss,,,1,244347768,244.348,,,,
burst_recovery.csv,burst_recovery,TCP,burst_loss,,,2,434077212,434.077,,,,
burst_recovery.csv,burst_recovery,TCP,burst_loss,,,3,10265108,10.265,,,,
burst_recovery.csv,burst_recovery,TCP,burst_loss,,,4,249631755,249.632,,,,
burst_recovery.csv,burst_recovery,TCP,burst_loss,,,5,20007221,20.007,,,,
burst_recovery.csv,burst_recovery,TCP,burst_loss,,,6,19992104,19.992,,,,
burst_recovery.csv,burst_recovery,TCP,burst_loss,,,7,53878235,53.878,,,,
burst_recovery.csv,burst_recovery,TCP,burst_loss,,,8,10223397,10.223,,,,
burst_recovery.csv,burst_recovery,TCP,burst_loss,,,9,10256493,10.256,,,,
burst_recovery.csv,burst_recovery,TCP,burst_loss,,,10,20049225,20.049,,,,
burst_recovery.csv,burst_recovery,TCP,burst_loss,,,11,10202918,10.203,,,,
burst_recovery.csv,burst_recovery,TCP,burst_loss,,,12,30450691,30.451,,,,
burst_recovery.csv,burst_recovery,TCP,burst_loss,,,13,10234656,10.235,,,,
burst_recovery.csv,burst_recovery,TCP,burst_loss,,,14,20036559,20.037,,,,
burst_recovery.csv,burst_recovery,TCP,burst_loss,,,15,82560384,82.560,,,,
burst_recovery.csv,burst_recovery,TCP,burst_loss,,,16,20119161,20.119,,,,
burst_recovery.csv,burst_recovery,TCP,burst_loss,,,17,20161965,20.162,,,,
burst_recovery.csv,burst_recovery,TCP,burst_loss,,,18,10106258,10.106,,,,
burst_recovery.csv,burst_recovery,TCP,burst_loss,,,19,20226479,20.226,,,,
burst_recovery.csv,burst_recovery,TCP,burst_loss,,,20,10175119,10.175,,,,
burst_recovery.csv,burst_recovery,TCP,burst_loss,,,21,726166422,726.166,,,,
burst_recovery.csv,burst_recovery,TCP,burst_loss,,,22,925092889,925.093,,,,
burst_recovery.csv,burst_recovery,TCP,burst_loss,,,23,19963395,19.963,,,,
burst_recovery.csv,burst_recovery,TCP,burst_loss,,,24,10258059,10.258,,,,
burst_recovery.csv,burst_recovery,TCP,burst_loss,,,25,10182047,10.182,,,,
burst_recovery.csv,burst_recovery,TCP,burst_loss,,,26,20112550,20.113,,,,
burst_recovery.csv,burst_recovery,TCP,burst_loss,,,27,10251101,10.251,,,,
burst_recovery.csv,burst_recovery,TCP,burst_loss,,,28,20024299,20.024,,,,
burst_recovery.csv,burst_recovery,TCP,burst_loss,,,29,10175652,10.176,,,,
burst_recovery.csv,burst_recovery,TCP,burst_loss,,,30,10250033,10.250,,,,
burst_recovery.csv,burst_recovery,TCP,burst_loss,,,31,10396049,10.396,,,,
burst_recovery.csv,burst_recovery,TCP,burst_loss,,,32,257227537,257.228,,,,
burst_recovery.csv,burst_recovery,TCP,burst_loss,,,33,10470276,10.470,,,,
burst_recovery.csv,burst_recovery,TCP,burst_loss,,,34,43341007,43.341,,,,
burst_recovery.csv,burst_recovery,TCP,burst_loss,,,35,19999876,20.000,,,,
burst_recovery.csv,burst_recovery,TCP,burst_loss,,,36,20173057,20.173,,,,
burst_recovery.csv,burst_recovery,TCP,burst_loss,,,37,10294614,10.295,,,,
burst_recovery.csv,burst_recovery,TCP,burst_loss,,,38,20193218,20.193,,,,
burst_recovery.csv,burst_recovery,TCP,burst_loss,,,39,10231617,10.232,,,,
burst_recovery.csv,burst_recovery,TCP,burst_loss,,,40,20195760,20.196,,,,
burst_recovery.csv,burst_recovery,TCP,burst_loss,,,41,10285666,10.286,,,,
burst_recovery.csv,burst_recovery,TCP,burst_loss,,,42,20348117,20.348,,,,
burst_recovery.csv,burst_recovery,TCP,burst_loss,,,43,10589938,10.590,,,,
burst_recovery.csv,burst_recovery,TCP,burst_loss,,,44,475687947,475.688,,,,
burst_recovery.csv,burst_recovery,TCP,burst_loss,,,45,248092019,248.092,,,,
burst_recovery.csv,burst_recovery,TCP,burst_loss,,,46,20195849,20.196,,,,
burst_recovery.csv,burst_recovery,TCP,burst_loss,,,47,20236714,20.237,,,,
burst_recovery.csv,burst_recovery,TCP,burst_loss,,,48,255442050,255.442,,,,
burst_recovery.csv,burst_recovery,TCP,burst_loss,,,49,256170135,256.170,,,,
burst_recovery.csv,burst_recovery,TCP,burst_loss,,,50,20106018,20.106,,,,
burst_recovery.csv,burst_recovery,QUIC,burst_loss,,,1,10532484,10.532,,,,
burst_recovery.csv,burst_recovery,QUIC,burst_loss,,,2,10373586,10.374,,,,
burst_recovery.csv,burst_recovery,QUIC,burst_loss,,,3,10461163,10.461,,,,
burst_recovery.csv,burst_recovery,QUIC,burst_loss,,,4,10490313,10.490,,,,
burst_recovery.csv,burst_recovery,QUIC,burst_loss,,,5,10348914,10.349,,,,
burst_recovery.csv,burst_recovery,QUIC,burst_loss,,,6,10414806,10.415,,,,
burst_recovery.csv,burst_recovery,QUIC,burst_loss,,,7,10271945,10.272,,,,
burst_recovery.csv,burst_recovery,QUIC,burst_loss,,,8,87859602,87.860,,,,
burst_recovery.csv,burst_recovery,QUIC,burst_loss,,,9,10110531,10.111,,,,
burst_recovery.csv,burst_recovery,QUIC,burst_loss,,,10,10304743,10.305,,,,
burst_recovery.csv,burst_recovery,QUIC,burst_loss,,,11,90488979,90.489,,,,
burst_recovery.csv,burst_recovery,QUIC,burst_loss,,,12,250288936,250.289,,,,
burst_recovery.csv,burst_recovery,QUIC,burst_loss,,,13,10502925,10.503,,,,
burst_recovery.csv,burst_recovery,QUIC,burst_loss,,,14,10376470,10.376,,,,
burst_recovery.csv,burst_recovery,QUIC,burst_loss,,,15,10239948,10.240,,,,
burst_recovery.csv,burst_recovery,QUIC,burst_loss,,,16,10485645,10.486,,,,
burst_recovery.csv,burst_recovery,QUIC,burst_loss,,,17,10369249,10.369,,,,
burst_recovery.csv,burst_recovery,QUIC,burst_loss,,,18,10488917,10.489,,,,
burst_recovery.csv,burst_recovery,QUIC,burst_loss,,,19,10227041,10.227,,,,
burst_recovery.csv,burst_recovery,QUIC,burst_loss,,,20,10179670,10.180,,,,
burst_recovery.csv,burst_recovery,QUIC,burst_loss,,,21,82301304,82.301,,,,
burst_recovery.csv,burst_recovery,QUIC,burst_loss,,,22,10408050,10.408,,,,
burst_recovery.csv,burst_recovery,QUIC,burst_loss,,,23,80297599,80.298,,,,
burst_recovery.csv,burst_recovery,QUIC,burst_loss,,,24,10147233,10.147,,,,
burst_recovery.csv,burst_recovery,QUIC,burst_loss,,,25,10187121,10.187,,,,
burst_recovery.csv,burst_recovery,QUIC,burst_loss,,,26,10257570,10.258,,,,
burst_recovery.csv,burst_recovery,QUIC,burst_loss,,,27,10329645,10.330,,,,
burst_recovery.csv,burst_recovery,QUIC,burst_loss,,,28,10380400,10.380,,,,
burst_recovery.csv,burst_recovery,QUIC,burst_loss,,,29,10478912,10.479,,,,
burst_recovery.csv,burst_recovery,QUIC,burst_loss,,,30,10467608,10.468,,,,
burst_recovery.csv,burst_recovery,QUIC,burst_loss,,,31,10308788,10.309,,,,
burst_recovery.csv,burst_recovery,QUIC,burst_loss,,,32,10422031,10.422,,,,
burst_recovery.csv,burst_recovery,QUIC,burst_loss,,,33,10380662,10.381,,,,
burst_recovery.csv,burst_recovery,QUIC,burst_loss,,,34,10223353,10.223,,,,
burst_recovery.csv,burst_recovery,QUIC,burst_loss,,,35,10132385,10.132,,,,
burst_recovery.csv,burst_recovery,QUIC,burst_loss,,,36,10391715,10.392,,,,
burst_recovery.csv,burst_recovery,QUIC,burst_loss,,,37,10318622,10.319,,,,
burst_recovery.csv,burst_recovery,QUIC,burst_loss,,,38,10281667,10.282,,,,
burst_recovery.csv,burst_recovery,QUIC,burst_loss,,,39,86852522,86.853,,,,
burst_recovery.csv,burst_recovery,QUIC,burst_loss,,,40,10176630,10.177,,,,
burst_recovery.csv,burst_recovery,QUIC,burst_loss,,,41,10090176,10.090,,,,
burst_recovery.csv,burst_recovery,QUIC,burst_loss,,,42,10108769,10.109,,,,
burst_recovery.csv,burst_recovery,QUIC,burst_loss,,,43,10074635,10.075,,,,
burst_recovery.csv,burst_recovery,QUIC,burst_loss,,,44,10109942,10.110,,,,
burst_recovery.csv,burst_recovery,QUIC,burst_loss,,,45,10267733,10.268,,,,
burst_recovery.csv,burst_recovery,QUIC,burst_loss,,,46,61422622,61.423,,,,
burst_recovery.csv,burst_recovery,QUIC,burst_loss,,,47,10284699,10.285,,,,
burst_recovery.csv,burst_recovery,QUIC,burst_loss,,,48,61430607,61.431,,,,
burst_recovery.csv,burst_recovery,QUIC,burst_loss,,,49,10409255,10.409,,,,
burst_recovery.csv,burst_recovery,QUIC,burst_loss,,,50,10424843,10.425,,,,
connection_setup.csv,connection_setup,TCP,localhost,4,,1,2265701,2.266,,,,
connection_setup.csv,connection_setup,TCP,localhost,4,,2,2104549,2.105,,,,
connection_setup.csv,connection_setup,TCP,localhost,4,,3,1957268,1.957,,,,
connection_setup.csv,connection_setup,QUIC,localhost,4,,1,32634574,32.635,,,,
connection_setup.csv,connection_setup,QUIC,localhost,4,,2,32868170,32.868,,,,
connection_setup.csv,connection_setup,QUIC,localhost,4,,3,30809057,30.809,,,,
connection_setup.csv,connection_setup,TCP,localhost,7,,1,2537503,2.538,,,,
connection_setup.csv,connection_setup,TCP,localhost,7,,2,3015943,3.016,,,,
connection_setup.csv,connection_setup,TCP,localhost,7,,3,2975349,2.975,,,,
connection_setup.csv,connection_setup,QUIC,localhost,7,,1,81785396,81.785,,,,
connection_setup.csv,connection_setup,QUIC,localhost,7,,2,82165071,82.165,,,,
connection_setup.csv,connection_setup,QUIC,localhost,7,,3,83149674,83.150,,,,
consensus_with_setup.csv,consensus_with_setup,TCP,localhost,4,,1,13908681,13.909,,,,
consensus_with_setup.csv,consensus_with_setup,TCP,localhost,4,,2,4119517,4.120,,,,
consensus_with_setup.csv,consensus_with_setup,TCP,localhost,4,,3,3098490,3.098,,,,
consensus_with_setup.csv,consensus_with_setup,TCP,localhost,4,,4,2637525,2.638,,,,
consensus_with_setup.csv,consensus_with_setup,TCP,localhost,4,,5,2987782,2.988,,,,
consensus_with_setup.csv,consensus_with_setup,TCP,localhost,4,,6,2449149,2.449,,,,
consensus_with_setup.csv,consensus_with_setup,TCP,localhost,4,,7,3240332,3.240,,,,
consensus_with_setup.csv,consensus_with_setup,TCP,localhost,4,,8,1991523,1.992,,,,
consensus_with_setup.csv,consensus_with_setup,TCP,localhost,4,,9,2124567,2.125,,,,
consensus_with_setup.csv,consensus_with_setup,TCP,localhost,4,,10,2376991,2.377,,,,
consensus_with_setup.csv,consensus_with_setup,TCP,localhost,4,,11,2251215,2.251,,,,
consensus_with_setup.csv,consensus_with_setup,TCP,localhost,4,,12,2496485,2.496,,,,
consensus_with_setup.csv,consensus_with_setup,TCP,localhost,4,,13,2341655,2.342,,,,
consensus_with_setup.csv,consensus_with_setup,TCP,localhost,4,,14,5132233,5.132,,,,
consensus_with_setup.csv,consensus_with_setup,TCP,localhost,4,,15,3125845,3.126,,,,
consensus_with_setup.csv,consensus_with_setup,TCP,localhost,4,,16,2502974,2.503,,,,
consensus_with_setup.csv,consensus_with_setup,TCP,localhost,4,,17,2153133,2.153,,,,
consensus_with_setup.csv,consensus_with_setup,TCP,localhost,4,,18,3326527,3.327,,,,
consensus_with_setup.csv,consensus_with_setup,TCP,localhost,4,,19,2613962,2.614,,,,
consensus_with_setup.csv,consensus_with_setup,TCP,localhost,4,,20,2953812,2.954,,,,
consensus_with_setup.csv,consensus_with_setup,TCP,localhost,4,,21,2271150,2.271,,,,
consensus_with_setup.csv,consensus_with_setup,TCP,localhost,4,,22,3370524,3.371,,,,
consensus_with_setup.csv,consensus_with_setup,TCP,localhost,4,,23,2278830,2.279,,,,
consensus_with_setup.csv,consensus_with_setup,TCP,localhost,4,,24,2333009,2.333,,,,
consensus_with_setup.csv,consensus_with_setup,TCP,localhost,4,,25,2554396,2.554,,,,
consensus_with_setup.csv,consensus_with_setup,TCP,localhost,4,,26,2889997,2.890,,,,
consensus_with_setup.csv,consensus_with_setup,TCP,localhost,4,,27,5478322,5.478,,,,
consensus_with_setup.csv,consensus_with_setup,TCP,localhost,4,,28,2150897,2.151,,,,
consensus_with_setup.csv,consensus_with_setup,TCP,localhost,4,,29,3062987,3.063,,,,
consensus_with_setup.csv,consensus_with_setup,TCP,localhost,4,,30,1849847,1.850,,,,
consensus_with_setup.csv,consensus_with_setup,QUIC,localhost,4,,1,36200673,36.201,,,,
consensus_with_setup.csv,consensus_with_setup,QUIC,localhost,4,,2,33045838,33.046,,,,
consensus_with_setup.csv,consensus_with_setup,QUIC,localhost,4,,3,26119834,26.120,,,,
consensus_with_setup.csv,consensus_with_setup,QUIC,localhost,4,,4,27797075,27.797,,,,
consensus_with_setup.csv,consensus_with_setup,QUIC,localhost,4,,5,23547999,23.548,,,,
consensus_with_setup.csv,consensus_with_setup,QUIC,localhost,4,,6,31006542,31.007,,,,
consensus_with_setup.csv,consensus_with_setup,QUIC,localhost,4,,7,40426723,40.427,,,,
consensus_with_setup.csv,consensus_with_setup,QUIC,localhost,4,,8,46283729,46.284,,,,
consensus_with_setup.csv,consensus_with_setup,QUIC,localhost,4,,9,28362654,28.363,,,,
consensus_with_setup.csv,consensus_with_setup,QUIC,localhost,4,,10,28706291,28.706,,,,
consensus_with_setup.csv,consensus_with_setup,QUIC,localhost,4,,11,26926603,26.927,,,,
consensus_with_setup.csv,consensus_with_setup,QUIC,localhost,4,,12,24179378,24.179,,,,
consensus_with_setup.csv,consensus_with_setup,QUIC,localhost,4,,13,33846408,33.846,,,,
consensus_with_setup.csv,consensus_with_setup,QUIC,localhost,4,,14,32420237,32.420,,,,
consensus_with_setup.csv,consensus_with_setup,QUIC,localhost,4,,15,26346121,26.346,,,,
consensus_with_setup.csv,consensus_with_setup,QUIC,localhost,4,,16,39782562,39.783,,,,
consensus_with_setup.csv,consensus_with_setup,QUIC,localhost,4,,17,25207522,25.208,,,,
consensus_with_setup.csv,consensus_with_setup,QUIC,localhost,4,,18,23605039,23.605,,,,
consensus_with_setup.csv,consensus_with_setup,QUIC,localhost,4,,19,23250983,23.251,,,,
consensus_with_setup.csv,consensus_with_setup,QUIC,localhost,4,,20,29339193,29.339,,,,
consensus_with_setup.csv,consensus_with_setup,QUIC,localhost,4,,21,27645240,27.645,,,,
consensus_with_setup.csv,consensus_with_setup,QUIC,localhost,4,,22,22816532,22.817,,,,
consensus_with_setup.csv,consensus_with_setup,QUIC,localhost,4,,23,29613826,29.614,,,,
consensus_with_setup.csv,consensus_with_setup,QUIC,localhost,4,,24,24137807,24.138,,,,
consensus_with_setup.csv,consensus_with_setup,QUIC,localhost,4,,25,22192489,22.192,,,,
consensus_with_setup.csv,consensus_with_setup,QUIC,localhost,4,,26,27203125,27.203,,,,
consensus_with_setup.csv,consensus_with_setup,QUIC,localhost,4,,27,27934181,27.934,,,,
consensus_with_setup.csv,consensus_with_setup,QUIC,localhost,4,,28,23565117,23.565,,,,
consensus_with_setup.csv,consensus_with_setup,QUIC,localhost,4,,29,28640158,28.640,,,,
consensus_with_setup.csv,consensus_with_setup,QUIC,localhost,4,,30,72156217,72.156,,,,
consensus_with_setup.csv,consensus_with_setup,TCP,10ms,4,,1,52687396,52.687,,,,
consensus_with_setup.csv,consensus_with_setup,TCP,10ms,4,,2,51979394,51.979,,,,
consensus_with_setup.csv,consensus_with_setup,TCP,10ms,4,,3,52184123,52.184,,,,
consensus_with_setup.csv,consensus_with_setup,TCP,10ms,4,,4,52240150,52.240,,,,
consensus_with_setup.csv,consensus_with_setup,TCP,10ms,4,,5,51973272,51.973,,,,
consensus_with_setup.csv,consensus_with_setup,TCP,10ms,4,,6,53474007,53.474,,,,
consensus_with_setup.csv,consensus_with_setup,TCP,10ms,4,,7,52006698,52.007,,,,
consensus_with_setup.csv,consensus_with_setup,TCP,10ms,4,,8,51905744,51.906,,,,
consensus_with_setup.csv,consensus_with_setup,TCP,10ms,4,,9,52448694,52.449,,,,
consensus_with_setup.csv,consensus_with_setup,TCP,10ms,4,,10,52504998,52.505,,,,
consensus_with_setup.csv,consensus_with_setup,TCP,10ms,4,,11,53104586,53.105,,,,
consensus_with_setup.csv,consensus_with_setup,TCP,10ms,4,,12,52213521,52.214,,,,
consensus_with_setup.csv,consensus_with_setup,TCP,10ms,4,,13,53830193,53.830,,,,
consensus_with_setup.csv,consensus_with_setup,TCP,10ms,4,,14,51848779,51.849,,,,
consensus_with_setup.csv,consensus_with_setup,TCP,10ms,4,,15,51740810,51.741,,,,
consensus_with_setup.csv,consensus_with_setup,TCP,10ms,4,,16,51860669,51.861,,,,
consensus_with_setup.csv,consensus_with_setup,TCP,10ms,4,,17,52893839,52.894,,,,
consensus_with_setup.csv,consensus_with_setup,TCP,10ms,4,,18,52771701,52.772,,,,
consensus_with_setup.csv,consensus_with_setup,TCP,10ms,4,,19,52458164,52.458,,,,
consensus_with_setup.csv,consensus_with_setup,TCP,10ms,4,,20,52610986,52.611,,,,
consensus_with_setup.csv,consensus_with_setup,TCP,10ms,4,,21,52356807,52.357,,,,
consensus_with_setup.csv,consensus_with_setup,TCP,10ms,4,,22,52787929,52.788,,,,
consensus_with_setup.csv,consensus_with_setup,TCP,10ms,4,,23,53210327,53.210,,,,
consensus_with_setup.csv,consensus_with_setup,TCP,10ms,4,,24,52296843,52.297,,,,
consensus_with_setup.csv,consensus_with_setup,TCP,10ms,4,,25,52076646,52.077,,,,
consensus_with_setup.csv,consensus_with_setup,TCP,10ms,4,,26,52978564,52.979,,,,
consensus_with_setup.csv,consensus_with_setup,TCP,10ms,4,,27,52878054,52.878,,,,
consensus_with_setup.csv,consensus_with_setup,TCP,10ms,4,,28,53078677,53.079,,,,
consensus_with_setup.csv,consensus_with_setup,TCP,10ms,4,,29,53208017,53.208,,,,
consensus_with_setup.csv,consensus_with_setup,TCP,10ms,4,,30,53106647,53.107,,,,
consensus_with_setup.csv,consensus_with_setup,QUIC,10ms,4,,1,91026544,91.027,,,,
consensus_with_setup.csv,consensus_with_setup,QUIC,10ms,4,,2,77723532,77.724,,,,
consensus_with_setup.csv,consensus_with_setup,QUIC,10ms,4,,3,82443985,82.444,,,,
consensus_with_setup.csv,consensus_with_setup,QUIC,10ms,4,,4,72700347,72.700,,,,
consensus_with_setup.csv,consensus_with_setup,QUIC,10ms,4,,5,75278616,75.279,,,,
consensus_with_setup.csv,consensus_with_setup,QUIC,10ms,4,,6,84713865,84.714,,,,
consensus_with_setup.csv,consensus_with_setup,QUIC,10ms,4,,7,75587285,75.587,,,,
consensus_with_setup.csv,consensus_with_setup,QUIC,10ms,4,,8,79656077,79.656,,,,
consensus_with_setup.csv,consensus_with_setup,QUIC,10ms,4,,9,81753371,81.753,,,,
consensus_with_setup.csv,consensus_with_setup,QUIC,10ms,4,,10,95170024,95.170,,,,
consensus_with_setup.csv,consensus_with_setup,QUIC,10ms,4,,11,80115679,80.116,,,,
consensus_with_setup.csv,consensus_with_setup,QUIC,10ms,4,,12,68728217,68.728,,,,
consensus_with_setup.csv,consensus_with_setup,QUIC,10ms,4,,13,72180323,72.180,,,,
consensus_with_setup.csv,consensus_with_setup,QUIC,10ms,4,,14,73971013,73.971,,,,
consensus_with_setup.csv,consensus_with_setup,QUIC,10ms,4,,15,70584130,70.584,,,,
consensus_with_setup.csv,consensus_with_setup,QUIC,10ms,4,,16,69371804,69.372,,,,
consensus_with_setup.csv,consensus_with_setup,QUIC,10ms,4,,17,70851501,70.852,,,,
consensus_with_setup.csv,consensus_with_setup,QUIC,10ms,4,,18,70013657,70.014,,,,
consensus_with_setup.csv,consensus_with_setup,QUIC,10ms,4,,19,78271764,78.272,,,,
consensus_with_setup.csv,consensus_with_setup,QUIC,10ms,4,,20,70105031,70.105,,,,
consensus_with_setup.csv,consensus_with_setup,QUIC,10ms,4,,21,73311153,73.311,,,,
consensus_with_setup.csv,consensus_with_setup,QUIC,10ms,4,,22,69834374,69.834,,,,
consensus_with_setup.csv,consensus_with_setup,QUIC,10ms,4,,23,67608917,67.609,,,,
consensus_with_setup.csv,consensus_with_setup,QUIC,10ms,4,,24,71051664,71.052,,,,
consensus_with_setup.csv,consensus_with_setup,QUIC,10ms,4,,25,72593405,72.593,,,,
consensus_with_setup.csv,consensus_with_setup,QUIC,10ms,4,,26,71030137,71.030,,,,
consensus_with_setup.csv,consensus_with_setup,QUIC,10ms,4,,27,70217741,70.218,,,,
consensus_with_setup.csv,consensus_with_setup,QUIC,10ms,4,,28,68097263,68.097,,,,
consensus_with_setup.csv,consensus_with_setup,QUIC,10ms,4,,29,69749268,69.749,,,,
consensus_with_setup.csv,consensus_with_setup,QUIC,10ms,4,,30,67596711,67.597,,,,
consensus_with_setup.csv,consensus_with_setup,TCP,50ms,4,,1,253164595,253.165,,,,
consensus_with_setup.csv,consensus_with_setup,TCP,50ms,4,,2,253918761,253.919,,,,
consensus_with_setup.csv,consensus_with_setup,TCP,50ms,4,,3,252716748,252.717,,,,
consensus_with_setup.csv,consensus_with_setup,TCP,50ms,4,,4,252630923,252.631,,,,
consensus_with_setup.csv,consensus_with_setup,TCP,50ms,4,,5,252858359,252.858,,,,
consensus_with_setup.csv,consensus_with_setup,TCP,50ms,4,,6,253130978,253.131,,,,
consensus_with_setup.csv,consensus_with_setup,TCP,50ms,4,,7,252554926,252.555,,,,
consensus_with_setup.csv,consensus_with_setup,TCP,50ms,4,,8,254269276,254.269,,,,
consensus_with_setup.csv,consensus_with_setup,TCP,50ms,4,,9,252748266,252.748,,,,
consensus_with_setup.csv,consensus_with_setup,TCP,50ms,4,,10,252470886,252.471,,,,
consensus_with_setup.csv,consensus_with_setup,TCP,50ms,4,,11,252550948,252.551,,,,
consensus_with_setup.csv,consensus_with_setup,TCP,50ms,4,,12,252613003,252.613,,,,
consensus_with_setup.csv,consensus_with_setup,TCP,50ms,4,,13,252748213,252.748,,,,
consensus_with_setup.csv,consensus_with_setup,TCP,50ms,4,,14,252657906,252.658,,,,
consensus_with_setup.csv,consensus_with_setup,TCP,50ms,4,,15,253044197,253.044,,,,
consensus_with_setup.csv,consensus_with_setup,TCP,50ms,4,,16,252860085,252.860,,,,
consensus_with_setup.csv,consensus_with_setup,TCP,50ms,4,,17,252970609,252.971,,,,
consensus_with_setup.csv,consensus_with_setup,TCP,50ms,4,,18,252889291,252.889,,,,
consensus_with_setup.csv,consensus_with_setup,TCP,50ms,4,,19,254229256,254.229,,,,
consensus_with_setup.csv,consensus_with_setup,TCP,50ms,4,,20,252329807,252.330,,,,
consensus_with_setup.csv,consensus_with_setup,TCP,50ms,4,,21,252234771,252.235,,,,
consensus_with_setup.csv,consensus_with_setup,TCP,50ms,4,,22,252644623,252.645,,,,
consensus_with_setup.csv,consensus_with_setup,TCP,50ms,4,,23,252930466,252.930,,,,
consensus_with_setup.csv,consensus_with_setup,TCP,50ms,4,,24,252280015,252.280,,,,
consensus_with_setup.csv,consensus_with_setup,TCP,50ms,4,,25,252564682,252.565,,,,
consensus_with_setup.csv,consensus_with_setup,TCP,50ms,4,,26,252355668,252.356,,,,
consensus_with_setup.csv,consensus_with_setup,TCP,50ms,4,,27,252547617,252.548,,,,
consensus_with_setup.csv,consensus_with_setup,TCP,50ms,4,,28,252187636,252.188,,,,
consensus_with_setup.csv,consensus_with_setup,TCP,50ms,4,,29,252564296,252.564,,,,
consensus_with_setup.csv,consensus_with_setup,TCP,50ms,4,,30,254263577,254.264,,,,
consensus_with_setup.csv,consensus_with_setup,QUIC,50ms,4,,1,270827310,270.827,,,,
consensus_with_setup.csv,consensus_with_setup,QUIC,50ms,4,,2,273877786,273.878,,,,
consensus_with_setup.csv,consensus_with_setup,QUIC,50ms,4,,3,272090796,272.091,,,,
consensus_with_setup.csv,consensus_with_setup,QUIC,50ms,4,,4,269045803,269.046,,,,
consensus_with_setup.csv,consensus_with_setup,QUIC,50ms,4,,5,264302563,264.303,,,,
consensus_with_setup.csv,consensus_with_setup,QUIC,50ms,4,,6,268965704,268.966,,,,
consensus_with_setup.csv,consensus_with_setup,QUIC,50ms,4,,7,265527591,265.528,,,,
consensus_with_setup.csv,consensus_with_setup,QUIC,50ms,4,,8,274917959,274.918,,,,
consensus_with_setup.csv,consensus_with_setup,QUIC,50ms,4,,9,266241669,266.242,,,,
consensus_with_setup.csv,consensus_with_setup,QUIC,50ms,4,,10,276645681,276.646,,,,
consensus_with_setup.csv,consensus_with_setup,QUIC,50ms,4,,11,267032760,267.033,,,,
consensus_with_setup.csv,consensus_with_setup,QUIC,50ms,4,,12,271916030,271.916,,,,
consensus_with_setup.csv,consensus_with_setup,QUIC,50ms,4,,13,270622582,270.623,,,,
consensus_with_setup.csv,consensus_with_setup,QUIC,50ms,4,,14,267246211,267.246,,,,
consensus_with_setup.csv,consensus_with_setup,QUIC,50ms,4,,15,265081591,265.082,,,,
consensus_with_setup.csv,consensus_with_setup,QUIC,50ms,4,,16,271964756,271.965,,,,
consensus_with_setup.csv,consensus_with_setup,QUIC,50ms,4,,17,274569463,274.569,,,,
consensus_with_setup.csv,consensus_with_setup,QUIC,50ms,4,,18,280301586,280.302,,,,
consensus_with_setup.csv,consensus_with_setup,QUIC,50ms,4,,19,269882124,269.882,,,,
consensus_with_setup.csv,consensus_with_setup,QUIC,50ms,4,,20,272126537,272.127,,,,
consensus_with_setup.csv,consensus_with_setup,QUIC,50ms,4,,21,270807364,270.807,,,,
consensus_with_setup.csv,consensus_with_setup,QUIC,50ms,4,,22,270394348,270.394,,,,
consensus_with_setup.csv,consensus_with_setup,QUIC,50ms,4,,23,266103864,266.104,,,,
consensus_with_setup.csv,consensus_with_setup,QUIC,50ms,4,,24,270648195,270.648,,,,
consensus_with_setup.csv,consensus_with_setup,QUIC,50ms,4,,25,269079299,269.079,,,,
consensus_with_setup.csv,consensus_with_setup,QUIC,50ms,4,,26,271191379,271.191,,,,
consensus_with_setup.csv,consensus_with_setup,QUIC,50ms,4,,27,268462098,268.462,,,,
consensus_with_setup.csv,consensus_with_setup,QUIC,50ms,4,,28,270901960,270.902,,,,
consensus_with_setup.csv,consensus_with_setup,QUIC,50ms,4,,29,278454986,278.455,,,,
consensus_with_setup.csv,consensus_with_setup,QUIC,50ms,4,,30,273862828,273.863,,,,
consensus_with_setup.csv,consensus_with_setup,TCP,5pct_loss,4,,1,297185422,297.185,,,,
consensus_with_setup.csv,consensus_with_setup,TCP,5pct_loss,4,,2,109461400,109.461,,,,
consensus_with_setup.csv,consensus_with_setup,TCP,5pct_loss,4,,3,110509798,110.510,,,,
consensus_with_setup.csv,consensus_with_setup,TCP,5pct_loss,4,,4,1103599388,1103.599,,,,
consensus_with_setup.csv,consensus_with_setup,TCP,5pct_loss,4,,5,52301691,52.302,,,,
consensus_with_setup.csv,consensus_with_setup,TCP,5pct_loss,4,,6,361347781,361.348,,,,
consensus_with_setup.csv,consensus_with_setup,TCP,5pct_loss,4,,7,1103864576,1103.865,,,,
consensus_with_setup.csv,consensus_with_setup,TCP,5pct_loss,4,,8,1121960083,1121.960,,,,
consensus_with_setup.csv,consensus_with_setup,TCP,5pct_loss,4,,9,72596654,72.597,,,,
consensus_with_setup.csv,consensus_with_setup,TCP,5pct_loss,4,,10,2154793335,2154.793,,,,
consensus_with_setup.csv,consensus_with_setup,TCP,5pct_loss,4,,11,1131132157,1131.132,,,,
consensus_with_setup.csv,consensus_with_setup,TCP,5pct_loss,4,,12,52667067,52.667,,,,
consensus_with_setup.csv,consensus_with_setup,TCP,5pct_loss,4,,13,1122757177,1122.757,,,,
consensus_with_setup.csv,consensus_with_setup,TCP,5pct_loss,4,,14,71508129,71.508,,,,
consensus_with_setup.csv,consensus_with_setup,TCP,5pct_loss,4,,15,81987391,81.987,,,,
consensus_with_setup.csv,consensus_with_setup,TCP,5pct_loss,4,,16,72359425,72.359,,,,
consensus_with_setup.csv,consensus_with_setup,TCP,5pct_loss,4,,17,1103642776,1103.643,,,,
consensus_with_setup.csv,consensus_with_setup,TCP,5pct_loss,4,,18,1103834982,1103.835,,,,
consensus_with_setup.csv,consensus_with_setup,TCP,5pct_loss,4,,19,52219018,52.219,,,,
consensus_with_setup.csv,consensus_with_setup,TCP,5pct_loss,4,,20,1094119899,1094.120,,,,
consensus_with_setup.csv,consensus_with_setup,TCP,5pct_loss,4,,21,70202733,70.203,,,,
consensus_with_setup.csv,consensus_with_setup,TCP,5pct_loss,4,,22,1093468911,1093.469,,,,
consensus_with_setup.csv,consensus_with_setup,TCP,5pct_loss,4,,23,1093262129,1093.262,,,,
consensus_with_setup.csv,consensus_with_setup,TCP,5pct_loss,4,,24,52807375,52.807,,,,
consensus_with_setup.csv,consensus_with_setup,TCP,5pct_loss,4,,25,53217360,53.217,,,,
consensus_with_setup.csv,consensus_with_setup,TCP,5pct_loss,4,,26,54386616,54.387,,,,
consensus_with_setup.csv,consensus_with_setup,TCP,5pct_loss,4,,27,52855864,52.856,,,,
consensus_with_setup.csv,consensus_with_setup,TCP,5pct_loss,4,,28,101488738,101.489,,,,
consensus_with_setup.csv,consensus_with_setup,TCP,5pct_loss,4,,29,1131125704,1131.126,,,,
consensus_with_setup.csv,consensus_with_setup,TCP,5pct_loss,4,,30,324673578,324.674,,,,
consensus_with_setup.csv,consensus_with_setup,QUIC,5pct_loss,4,,1,252593316,252.593,,,,
consensus_with_setup.csv,consensus_with_setup,QUIC,5pct_loss,4,,2,308148588,308.149,,,,
consensus_with_setup.csv,consensus_with_setup,QUIC,5pct_loss,4,,3,138798199,138.798,,,,
consensus_with_setup.csv,consensus_with_setup,QUIC,5pct_loss,4,,4,255313475,255.313,,,,
consensus_with_setup.csv,consensus_with_setup,QUIC,5pct_loss,4,,5,137425786,137.426,,,,
consensus_with_setup.csv,consensus_with_setup,QUIC,5pct_loss,4,,6,260000458,260.000,,,,
consensus_with_setup.csv,consensus_with_setup,QUIC,5pct_loss,4,,7,126176186,126.176,,,,
consensus_with_setup.csv,consensus_with_setup,QUIC,5pct_loss,4,,8,70234389,70.234,,,,
consensus_with_setup.csv,consensus_with_setup,QUIC,5pct_loss,4,,9,152492598,152.493,,,,
consensus_with_setup.csv,consensus_with_setup,QUIC,5pct_loss,4,,10,251291945,251.292,,,,
consensus_with_setup.csv,consensus_with_setup,QUIC,5pct_loss,4,,11,237553107,237.553,,,,
consensus_with_setup.csv,consensus_with_setup,QUIC,5pct_loss,4,,12,381439813,381.440,,,,
consensus_with_setup.csv,consensus_with_setup,QUIC,5pct_loss,4,,13,70707621,70.708,,,,
consensus_with_setup.csv,consensus_with_setup,QUIC,5pct_loss,4,,14,106944866,106.945,,,,
consensus_with_setup.csv,consensus_with_setup,QUIC,5pct_loss,4,,15,171177641,171.178,,,,
consensus_with_setup.csv,consensus_with_setup,QUIC,5pct_loss,4,,16,197957158,197.957,,,,
consensus_with_setup.csv,consensus_with_setup,QUIC,5pct_loss,4,,17,111819235,111.819,,,,
consensus_with_setup.csv,consensus_with_setup,QUIC,5pct_loss,4,,18,289172980,289.173,,,,
consensus_with_setup.csv,consensus_with_setup,QUIC,5pct_loss,4,,19,144241701,144.242,,,,
consensus_with_setup.csv,consensus_with_setup,QUIC,5pct_loss,4,,20,117619788,117.620,,,,
consensus_with_setup.csv,consensus_with_setup,QUIC,5pct_loss,4,,21,139238402,139.238,,,,
consensus_with_setup.csv,consensus_with_setup,QUIC,5pct_loss,4,,22,128543957,128.544,,,,
consensus_with_setup.csv,consensus_with_setup,QUIC,5pct_loss,4,,23,130309153,130.309,,,,
consensus_with_setup.csv,consensus_with_setup,QUIC,5pct_loss,4,,24,133905734,133.906,,,,
consensus_with_setup.csv,consensus_with_setup,QUIC,5pct_loss,4,,25,263335357,263.335,,,,
consensus_with_setup.csv,consensus_with_setup,QUIC,5pct_loss,4,,26,68932723,68.933,,,,
consensus_with_setup.csv,consensus_with_setup,QUIC,5pct_loss,4,,27,181075049,181.075,,,,
consensus_with_setup.csv,consensus_with_setup,QUIC,5pct_loss,4,,28,128739043,128.739,,,,
consensus_with_setup.csv,consensus_with_setup,QUIC,5pct_loss,4,,29,129166415,129.166,,,,
consensus_with_setup.csv,consensus_with_setup,QUIC,5pct_loss,4,,30,588629471,588.629,,,,
consensus_with_setup.csv,consensus_with_setup,TCP,wan,4,,1,1191262401,1191.262,,,,
consensus_with_setup.csv,consensus_with_setup,TCP,wan,4,,2,285817884,285.818,,,,
consensus_with_setup.csv,consensus_with_setup,TCP,wan,4,,3,292842914,292.843,,,,
consensus_with_setup.csv,consensus_with_setup,TCP,wan,4,,4,199103712,199.104,,,,
consensus_with_setup.csv,consensus_with_setup,TCP,wan,4,,5,198366543,198.367,,,,
consensus_with_setup.csv,consensus_with_setup,TCP,wan,4,,6,1193620852,1193.621,,,,
consensus_with_setup.csv,consensus_with_setup,TCP,wan,4,,7,199566268,199.566,,,,
consensus_with_setup.csv,consensus_with_setup,TCP,wan,4,,8,1225284650,1225.285,,,,
consensus_with_setup.csv,consensus_with_setup,TCP,wan,4,,9,199154463,199.154,,,,
consensus_with_setup.csv,consensus_with_setup,TCP,wan,4,,10,200501961,200.502,,,,
consensus_with_setup.csv,consensus_with_setup,TCP,wan,4,,11,200463220,200.463,,,,
consensus_with_setup.csv,consensus_with_setup,TCP,wan,4,,12,275499514,275.500,,,,
consensus_with_setup.csv,consensus_with_setup,TCP,wan,4,,13,193268255,193.268,,,,
consensus_with_setup.csv,consensus_with_setup,TCP,wan,4,,14,201688450,201.688,,,,
consensus_with_setup.csv,consensus_with_setup,TCP,wan,4,,15,198288780,198.289,,,,
consensus_with_setup.csv,consensus_with_setup,TCP,wan,4,,16,196980028,196.980,,,,
consensus_with_setup.csv,consensus_with_setup,TCP,wan,4,,17,198148919,198.149,,,,
consensus_with_setup.csv,consensus_with_setup,TCP,wan,4,,18,197563321,197.563,,,,
consensus_with_setup.csv,consensus_with_setup,TCP,wan,4,,19,200185829,200.186,,,,
consensus_with_setup.csv,consensus_with_setup,TCP,wan,4,,20,197621564,197.622,,,,
consensus_with_setup.csv,consensus_with_setup,TCP,wan,4,,21,194472040,194.472,,,,
consensus_with_setup.csv,consensus_with_setup,TCP,wan,4,,22,197696078,197.696,,,,
consensus_with_setup.csv,consensus_with_setup,TCP,wan,4,,23,1229982220,1229.982,,,,
consensus_with_setup.csv,consensus_with_setup,TCP,wan,4,,24,199647349,199.647,,,,
consensus_with_setup.csv,consensus_with_setup,TCP,wan,4,,25,196728294,196.728,,,,
consensus_with_setup.csv,consensus_with_setup,TCP,wan,4,,26,198285152,198.285,,,,
consensus_with_setup.csv,consensus_with_setup,TCP,wan,4,,27,196665939,196.666,,,,
consensus_with_setup.csv,consensus_with_setup,TCP,wan,4,,28,199177532,199.178,,,,
consensus_with_setup.csv,consensus_with_setup,TCP,wan,4,,29,200597406,200.597,,,,
consensus_with_setup.csv,consensus_with_setup,TCP,wan,4,,30,200077605,200.078,,,,
consensus_with_setup.csv,consensus_with_setup,QUIC,wan,4,,1,222322612,222.323,,,,
consensus_with_setup.csv,consensus_with_setup,QUIC,wan,4,,2,222911852,222.912,,,,
consensus_with_setup.csv,consensus_with_setup,QUIC,wan,4,,3,474224810,474.225,,,,
consensus_with_setup.csv,consensus_with_setup,QUIC,wan,4,,4,215183684,215.184,,,,
consensus_with_setup.csv,consensus_with_setup,QUIC,wan,4,,5,217977461,217.977,,,,
consensus_with_setup.csv,consensus_with_setup,QUIC,wan,4,,6,218297848,218.298,,,,
consensus_with_setup.csv,consensus_with_setup,QUIC,wan,4,,7,317757249,317.757,,,,
consensus_with_setup.csv,consensus_with_setup,QUIC,wan,4,,8,218816791,218.817,,,,
consensus_with_setup.csv,consensus_with_setup,QUIC,wan,4,,9,387241183,387.241,,,,
consensus_with_setup.csv,consensus_with_setup,QUIC,wan,4,,10,218687239,218.687,,,,
consensus_with_setup.csv,consensus_with_setup,QUIC,wan,4,,11,206511205,206.511,,,,
consensus_with_setup.csv,consensus_with_setup,QUIC,wan,4,,12,218688334,218.688,,,,
consensus_with_setup.csv,consensus_with_setup,QUIC,wan,4,,13,220942063,220.942,,,,
consensus_with_setup.csv,consensus_with_setup,QUIC,wan,4,,14,225225321,225.225,,,,
consensus_with_setup.csv,consensus_with_setup,QUIC,wan,4,,15,218817639,218.818,,,,
consensus_with_setup.csv,consensus_with_setup,QUIC,wan,4,,16,223888764,223.889,,,,
consensus_with_setup.csv,consensus_with_setup,QUIC,wan,4,,17,217416960,217.417,,,,
consensus_with_setup.csv,consensus_with_setup,QUIC,wan,4,,18,363376802,363.377,,,,
consensus_with_setup.csv,consensus_with_setup,QUIC,wan,4,,19,225582388,225.582,,,,
consensus_with_setup.csv,consensus_with_setup,QUIC,wan,4,,20,224539666,224.540,,,,
consensus_with_setup.csv,consensus_with_setup,QUIC,wan,4,,21,223841850,223.842,,,,
consensus_with_setup.csv,consensus_with_setup,QUIC,wan,4,,22,224804755,224.805,,,,
consensus_with_setup.csv,consensus_with_setup,QUIC,wan,4,,23,220892987,220.893,,,,
consensus_with_setup.csv,consensus_with_setup,QUIC,wan,4,,24,418514159,418.514,,,,
consensus_with_setup.csv,consensus_with_setup,QUIC,wan,4,,25,220976380,220.976,,,,
consensus_with_setup.csv,consensus_with_setup,QUIC,wan,4,,26,373346345,373.346,,,,
consensus_with_setup.csv,consensus_with_setup,QUIC,wan,4,,27,220133317,220.133,,,,
consensus_with_setup.csv,consensus_with_setup,QUIC,wan,4,,28,224721430,224.721,,,,
consensus_with_setup.csv,consensus_with_setup,QUIC,wan,4,,29,225763008,225.763,,,,
consensus_with_setup.csv,consensus_with_setup,QUIC,wan,4,,30,212112534,212.113,,,,
consensus_with_setup.csv,consensus_with_setup,TCP,harsh,4,,1,2422878427,2422.878,,,,
consensus_with_setup.csv,consensus_with_setup,TCP,harsh,4,,2,339354327,339.354,,,,
consensus_with_setup.csv,consensus_with_setup,TCP,harsh,4,,3,1504277413,1504.277,,,,
consensus_with_setup.csv,consensus_with_setup,TCP,harsh,4,,4,1932333535,1932.334,,,,
consensus_with_setup.csv,consensus_with_setup,TCP,harsh,4,,5,666566894,666.567,,,,
consensus_with_setup.csv,consensus_with_setup,TCP,harsh,4,,6,443267661,443.268,,,,
consensus_with_setup.csv,consensus_with_setup,TCP,harsh,4,,7,1296127378,1296.127,,,,
consensus_with_setup.csv,consensus_with_setup,TCP,harsh,4,,8,347604188,347.604,,,,
consensus_with_setup.csv,consensus_with_setup,TCP,harsh,4,,9,733220831,733.221,,,,
consensus_with_setup.csv,consensus_with_setup,TCP,harsh,4,,10,346528034,346.528,,,,
consensus_with_setup.csv,consensus_with_setup,TCP,harsh,4,,11,467526245,467.526,,,,
consensus_with_setup.csv,consensus_with_setup,TCP,harsh,4,,12,339869414,339.869,,,,
consensus_with_setup.csv,consensus_with_setup,TCP,harsh,4,,13,1256749019,1256.749,,,,
consensus_with_setup.csv,consensus_with_setup,TCP,harsh,4,,14,1327976883,1327.977,,,,
consensus_with_setup.csv,consensus_with_setup,TCP,harsh,4,,15,865064375,865.064,,,,
consensus_with_setup.csv,consensus_with_setup,TCP,harsh,4,,16,418948066,418.948,,,,
consensus_with_setup.csv,consensus_with_setup,TCP,harsh,4,,17,1287747072,1287.747,,,,
consensus_with_setup.csv,consensus_with_setup,TCP,harsh,4,,18,1538803083,1538.803,,,,
consensus_with_setup.csv,consensus_with_setup,TCP,harsh,4,,19,341697916,341.698,,,,
consensus_with_setup.csv,consensus_with_setup,TCP,harsh,4,,20,1303596542,1303.597,,,,
consensus_with_setup.csv,consensus_with_setup,TCP,harsh,4,,21,873272338,873.272,,,,
consensus_with_setup.csv,consensus_with_setup,TCP,harsh,4,,22,520177776,520.178,,,,
consensus_with_setup.csv,consensus_with_setup,TCP,harsh,4,,23,1510144632,1510.145,,,,
consensus_with_setup.csv,consensus_with_setup,TCP,harsh,4,,24,338813249,338.813,,,,
consensus_with_setup.csv,consensus_with_setup,TCP,harsh,4,,25,1289134538,1289.135,,,,
consensus_with_setup.csv,consensus_with_setup,TCP,harsh,4,,26,350282485,350.282,,,,
consensus_with_setup.csv,consensus_with_setup,TCP,harsh,4,,27,449677015,449.677,,,,
consensus_with_setup.csv,consensus_with_setup,TCP,harsh,4,,28,1288332885,1288.333,,,,
consensus_with_setup.csv,consensus_with_setup,TCP,harsh,4,,29,533308761,533.309,,,,
consensus_with_setup.csv,consensus_with_setup,TCP,harsh,4,,30,328782504,328.783,,,,
consensus_with_setup.csv,consensus_with_setup,QUIC,harsh,4,,1,529661197,529.661,,,,
consensus_with_setup.csv,consensus_with_setup,QUIC,harsh,4,,2,588791503,588.792,,,,
consensus_with_setup.csv,consensus_with_setup,QUIC,harsh,4,,3,913814028,913.814,,,,
consensus_with_setup.csv,consensus_with_setup,QUIC,harsh,4,,4,773434553,773.435,,,,
consensus_with_setup.csv,consensus_with_setup,QUIC,harsh,4,,5,520627863,520.628,,,,
consensus_with_setup.csv,consensus_with_setup,QUIC,harsh,4,,6,544829287,544.829,,,,
consensus_with_setup.csv,consensus_with_setup,QUIC,harsh,4,,7,706934333,706.934,,,,
consensus_with_setup.csv,consensus_with_setup,QUIC,harsh,4,,8,722060904,722.061,,,,
consensus_with_setup.csv,consensus_with_setup,QUIC,harsh,4,,9,389306400,389.306,,,,
consensus_with_setup.csv,consensus_with_setup,QUIC,harsh,4,,10,778500097,778.500,,,,
consensus_with_setup.csv,consensus_with_setup,QUIC,harsh,4,,11,917487527,917.488,,,,
consensus_with_setup.csv,consensus_with_setup,QUIC,harsh,4,,12,516349069,516.349,,,,
consensus_with_setup.csv,consensus_with_setup,QUIC,harsh,4,,13,614783273,614.783,,,,
consensus_with_setup.csv,consensus_with_setup,QUIC,harsh,4,,14,750382773,750.383,,,,
consensus_with_setup.csv,consensus_with_setup,QUIC,harsh,4,,15,1130661726,1130.662,,,,
consensus_with_setup.csv,consensus_with_setup,QUIC,harsh,4,,16,856816195,856.816,,,,
consensus_with_setup.csv,consensus_with_setup,QUIC,harsh,4,,17,878411205,878.411,,,,
consensus_with_setup.csv,consensus_with_setup,QUIC,harsh,4,,18,587110023,587.110,,,,
consensus_with_setup.csv,consensus_with_setup,QUIC,harsh,4,,19,394369547,394.370,,,,
consensus_with_setup.csv,consensus_with_setup,QUIC,harsh,4,,20,905574511,905.575,,,,
consensus_with_setup.csv,consensus_with_setup,QUIC,harsh,4,,21,461603435,461.603,,,,
consensus_with_setup.csv,consensus_with_setup,QUIC,harsh,4,,22,674564565,674.565,,,,
consensus_with_setup.csv,consensus_with_setup,QUIC,harsh,4,,23,822438717,822.439,,,,
consensus_with_setup.csv,consensus_with_setup,QUIC,harsh,4,,24,667583003,667.583,,,,
consensus_with_setup.csv,consensus_with_setup,QUIC,harsh,4,,25,876788795,876.789,,,,
consensus_with_setup.csv,consensus_with_setup,QUIC,harsh,4,,26,744861422,744.861,,,,
consensus_with_setup.csv,consensus_with_setup,QUIC,harsh,4,,27,552547665,552.548,,,,
consensus_with_setup.csv,consensus_with_setup,QUIC,harsh,4,,28,755434038,755.434,,,,
consensus_with_setup.csv,consensus_with_setup,QUIC,harsh,4,,29,822922983,822.923,,,,
consensus_with_setup.csv,consensus_with_setup,QUIC,harsh,4,,30,928929837,928.930,,,,
hol_blocking.csv,hol_blocking,TCP,localhost,,,1,548586,0.549,control_latency_ns,548586,total_iteration_ns,54457504
hol_blocking.csv,hol_blocking,TCP,localhost,,,2,2608028,2.608,control_latency_ns,2608028,total_iteration_ns,44032197
hol_blocking.csv,hol_blocking,TCP,localhost,,,3,213286,0.213,control_latency_ns,213286,total_iteration_ns,41738317
hol_blocking.csv,hol_blocking,TCP,localhost,,,4,1707971,1.708,control_latency_ns,1707971,total_iteration_ns,43039676
hol_blocking.csv,hol_blocking,TCP,localhost,,,5,2923860,2.924,control_latency_ns,2923860,total_iteration_ns,45927556
hol_blocking.csv,hol_blocking,TCP,localhost,,,6,2569006,2.569,control_latency_ns,2569006,total_iteration_ns,51657061
hol_blocking.csv,hol_blocking,TCP,localhost,,,7,3186372,3.186,control_latency_ns,3186372,total_iteration_ns,34106827
hol_blocking.csv,hol_blocking,TCP,localhost,,,8,5324940,5.325,control_latency_ns,5324940,total_iteration_ns,38479302
hol_blocking.csv,hol_blocking,TCP,localhost,,,9,3133690,3.134,control_latency_ns,3133690,total_iteration_ns,36371861
hol_blocking.csv,hol_blocking,TCP,localhost,,,10,2385935,2.386,control_latency_ns,2385935,total_iteration_ns,44630778
hol_blocking.csv,hol_blocking,TCP,localhost,,,11,2380611,2.381,control_latency_ns,2380611,total_iteration_ns,46013648
hol_blocking.csv,hol_blocking,TCP,localhost,,,12,2363562,2.364,control_latency_ns,2363562,total_iteration_ns,45358743
hol_blocking.csv,hol_blocking,TCP,localhost,,,13,2507561,2.508,control_latency_ns,2507561,total_iteration_ns,46760131
hol_blocking.csv,hol_blocking,TCP,localhost,,,14,2385328,2.385,control_latency_ns,2385328,total_iteration_ns,45343366
hol_blocking.csv,hol_blocking,TCP,localhost,,,15,404730,0.405,control_latency_ns,404730,total_iteration_ns,47142131
hol_blocking.csv,hol_blocking,TCP,localhost,,,16,2428460,2.428,control_latency_ns,2428460,total_iteration_ns,46805742
hol_blocking.csv,hol_blocking,TCP,localhost,,,17,2387142,2.387,control_latency_ns,2387142,total_iteration_ns,43645596
hol_blocking.csv,hol_blocking,TCP,localhost,,,18,17024403,17.024,control_latency_ns,17024403,total_iteration_ns,46734572
hol_blocking.csv,hol_blocking,TCP,localhost,,,19,3277109,3.277,control_latency_ns,3277109,total_iteration_ns,47794247
hol_blocking.csv,hol_blocking,TCP,localhost,,,20,2670845,2.671,control_latency_ns,2670845,total_iteration_ns,52045008
hol_blocking.csv,hol_blocking,TCP,localhost,,,21,2264148,2.264,control_latency_ns,2264148,total_iteration_ns,31657882
hol_blocking.csv,hol_blocking,TCP,localhost,,,22,5025632,5.026,control_latency_ns,5025632,total_iteration_ns,49344444
hol_blocking.csv,hol_blocking,TCP,localhost,,,23,2470857,2.471,control_latency_ns,2470857,total_iteration_ns,40128296
hol_blocking.csv,hol_blocking,TCP,localhost,,,24,5042158,5.042,control_latency_ns,5042158,total_iteration_ns,43653195
hol_blocking.csv,hol_blocking,TCP,localhost,,,25,2308691,2.309,control_latency_ns,2308691,total_iteration_ns,45152926
hol_blocking.csv,hol_blocking,TCP,localhost,,,26,2433719,2.434,control_latency_ns,2433719,total_iteration_ns,45793339
hol_blocking.csv,hol_blocking,TCP,localhost,,,27,2519982,2.520,control_latency_ns,2519982,total_iteration_ns,61453484
hol_blocking.csv,hol_blocking,TCP,localhost,,,28,2543910,2.544,control_latency_ns,2543910,total_iteration_ns,46581574
hol_blocking.csv,hol_blocking,TCP,localhost,,,29,2230813,2.231,control_latency_ns,2230813,total_iteration_ns,49847605
hol_blocking.csv,hol_blocking,TCP,localhost,,,30,2459570,2.460,control_latency_ns,2459570,total_iteration_ns,44064557
hol_blocking.csv,hol_blocking,QUIC,localhost,,,1,597644,0.598,control_latency_ns,597644,total_iteration_ns,60049139
hol_blocking.csv,hol_blocking,QUIC,localhost,,,2,642547,0.643,control_latency_ns,642547,total_iteration_ns,54514302
hol_blocking.csv,hol_blocking,QUIC,localhost,,,3,588449,0.588,control_latency_ns,588449,total_iteration_ns,38866985
hol_blocking.csv,hol_blocking,QUIC,localhost,,,4,887161,0.887,control_latency_ns,887161,total_iteration_ns,53744412
hol_blocking.csv,hol_blocking,QUIC,localhost,,,5,446245,0.446,control_latency_ns,446245,total_iteration_ns,46983136
hol_blocking.csv,hol_blocking,QUIC,localhost,,,6,428874,0.429,control_latency_ns,428874,total_iteration_ns,46970636
hol_blocking.csv,hol_blocking,QUIC,localhost,,,7,1432016,1.432,control_latency_ns,1432016,total_iteration_ns,51070533
hol_blocking.csv,hol_blocking,QUIC,localhost,,,8,457938,0.458,control_latency_ns,457938,total_iteration_ns,42019041
hol_blocking.csv,hol_blocking,QUIC,localhost,,,9,436401,0.436,control_latency_ns,436401,total_iteration_ns,47479988
hol_blocking.csv,hol_blocking,QUIC,localhost,,,10,351978,0.352,control_latency_ns,351978,total_iteration_ns,57142494
hol_blocking.csv,hol_blocking,QUIC,localhost,,,11,556958,0.557,control_latency_ns,556958,total_iteration_ns,51904594
hol_blocking.csv,hol_blocking,QUIC,localhost,,,12,574398,0.574,control_latency_ns,574398,total_iteration_ns,49311175
hol_blocking.csv,hol_blocking,QUIC,localhost,,,13,422845,0.423,control_latency_ns,422845,total_iteration_ns,49217227
hol_blocking.csv,hol_blocking,QUIC,localhost,,,14,534203,0.534,control_latency_ns,534203,total_iteration_ns,50540785
hol_blocking.csv,hol_blocking,QUIC,localhost,,,15,591828,0.592,control_latency_ns,591828,total_iteration_ns,50567654
hol_blocking.csv,hol_blocking,QUIC,localhost,,,16,883865,0.884,control_latency_ns,883865,total_iteration_ns,47833485
hol_blocking.csv,hol_blocking,QUIC,localhost,,,17,582929,0.583,control_latency_ns,582929,total_iteration_ns,54989091
hol_blocking.csv,hol_blocking,QUIC,localhost,,,18,366368,0.366,control_latency_ns,366368,total_iteration_ns,43898781
hol_blocking.csv,hol_blocking,QUIC,localhost,,,19,529423,0.529,control_latency_ns,529423,total_iteration_ns,47915331
hol_blocking.csv,hol_blocking,QUIC,localhost,,,20,495495,0.495,control_latency_ns,495495,total_iteration_ns,55173523
hol_blocking.csv,hol_blocking,QUIC,localhost,,,21,1230404,1.230,control_latency_ns,1230404,total_iteration_ns,55151116
hol_blocking.csv,hol_blocking,QUIC,localhost,,,22,484607,0.485,control_latency_ns,484607,total_iteration_ns,49126870
hol_blocking.csv,hol_blocking,QUIC,localhost,,,23,363622,0.364,control_latency_ns,363622,total_iteration_ns,47032648
hol_blocking.csv,hol_blocking,QUIC,localhost,,,24,480115,0.480,control_latency_ns,480115,total_iteration_ns,52516869
hol_blocking.csv,hol_blocking,QUIC,localhost,,,25,566941,0.567,control_latency_ns,566941,total_iteration_ns,35383433
hol_blocking.csv,hol_blocking,QUIC,localhost,,,26,605327,0.605,control_latency_ns,605327,total_iteration_ns,45904317
hol_blocking.csv,hol_blocking,QUIC,localhost,,,27,524908,0.525,control_latency_ns,524908,total_iteration_ns,46640308
hol_blocking.csv,hol_blocking,QUIC,localhost,,,28,452022,0.452,control_latency_ns,452022,total_iteration_ns,47766808
hol_blocking.csv,hol_blocking,QUIC,localhost,,,29,573975,0.574,control_latency_ns,573975,total_iteration_ns,45893442
hol_blocking.csv,hol_blocking,QUIC,localhost,,,30,434209,0.434,control_latency_ns,434209,total_iteration_ns,48812950
hol_blocking.csv,hol_blocking,TCP,1pct_loss,,,1,32191929,32.192,control_latency_ns,32191929,total_iteration_ns,166431511
hol_blocking.csv,hol_blocking,TCP,1pct_loss,,,2,12070389,12.070,control_latency_ns,12070389,total_iteration_ns,73707002
hol_blocking.csv,hol_blocking,TCP,1pct_loss,,,3,12247041,12.247,control_latency_ns,12247041,total_iteration_ns,72948736
hol_blocking.csv,hol_blocking,TCP,1pct_loss,,,4,12621573,12.622,control_latency_ns,12621573,total_iteration_ns,63484031
hol_blocking.csv,hol_blocking,TCP,1pct_loss,,,5,12949562,12.950,control_latency_ns,12949562,total_iteration_ns,62762097
hol_blocking.csv,hol_blocking,TCP,1pct_loss,,,6,12579446,12.579,control_latency_ns,12579446,total_iteration_ns,61610899
hol_blocking.csv,hol_blocking,TCP,1pct_loss,,,7,12384809,12.385,control_latency_ns,12384809,total_iteration_ns,284585683
hol_blocking.csv,hol_blocking,TCP,1pct_loss,,,8,12346793,12.347,control_latency_ns,12346793,total_iteration_ns,68371062
hol_blocking.csv,hol_blocking,TCP,1pct_loss,,,9,12524098,12.524,control_latency_ns,12524098,total_iteration_ns,70515551
hol_blocking.csv,hol_blocking,TCP,1pct_loss,,,10,12905484,12.905,control_latency_ns,12905484,total_iteration_ns,89670095
hol_blocking.csv,hol_blocking,TCP,1pct_loss,,,11,10512951,10.513,control_latency_ns,10512951,total_iteration_ns,80150651
hol_blocking.csv,hol_blocking,TCP,1pct_loss,,,12,12415970,12.416,control_latency_ns,12415970,total_iteration_ns,73078607
hol_blocking.csv,hol_blocking,TCP,1pct_loss,,,13,12514154,12.514,control_latency_ns,12514154,total_iteration_ns,66369668
hol_blocking.csv,hol_blocking,TCP,1pct_loss,,,14,10401254,10.401,control_latency_ns,10401254,total_iteration_ns,72934236
hol_blocking.csv,hol_blocking,TCP,1pct_loss,,,15,12346557,12.347,control_latency_ns,12346557,total_iteration_ns,65505423
hol_blocking.csv,hol_blocking,TCP,1pct_loss,,,16,12483898,12.484,control_latency_ns,12483898,total_iteration_ns,65422461
hol_blocking.csv,hol_blocking,TCP,1pct_loss,,,17,12377582,12.378,control_latency_ns,12377582,total_iteration_ns,65525052
hol_blocking.csv,hol_blocking,TCP,1pct_loss,,,18,14134321,14.134,control_latency_ns,14134321,total_iteration_ns,67471714
hol_blocking.csv,hol_blocking,TCP,1pct_loss,,,19,12358326,12.358,control_latency_ns,12358326,total_iteration_ns,65605043
hol_blocking.csv,hol_blocking,TCP,1pct_loss,,,20,12284782,12.285,control_latency_ns,12284782,total_iteration_ns,71147854
hol_blocking.csv,hol_blocking,TCP,1pct_loss,,,21,12880305,12.880,control_latency_ns,12880305,total_iteration_ns,64977734
hol_blocking.csv,hol_blocking,TCP,1pct_loss,,,22,10497655,10.498,control_latency_ns,10497655,total_iteration_ns,72085098
hol_blocking.csv,hol_blocking,TCP,1pct_loss,,,23,12441992,12.442,control_latency_ns,12441992,total_iteration_ns,73898934
hol_blocking.csv,hol_blocking,TCP,1pct_loss,,,24,30438290,30.438,control_latency_ns,30438290,total_iteration_ns,79385686
hol_blocking.csv,hol_blocking,TCP,1pct_loss,,,25,12000320,12.000,control_latency_ns,12000320,total_iteration_ns,73092667
hol_blocking.csv,hol_blocking,TCP,1pct_loss,,,26,12358789,12.359,control_latency_ns,12358789,total_iteration_ns,71456650
hol_blocking.csv,hol_blocking,TCP,1pct_loss,,,27,12485331,12.485,control_latency_ns,12485331,total_iteration_ns,70387595
hol_blocking.csv,hol_blocking,TCP,1pct_loss,,,28,12330159,12.330,control_latency_ns,12330159,total_iteration_ns,64464556
hol_blocking.csv,hol_blocking,TCP,1pct_loss,,,29,13169319,13.169,control_latency_ns,13169319,total_iteration_ns,68322867
hol_blocking.csv,hol_blocking,TCP,1pct_loss,,,30,10415096,10.415,control_latency_ns,10415096,total_iteration_ns,66134823
hol_blocking.csv,hol_blocking,QUIC,1pct_loss,,,1,10830315,10.830,control_latency_ns,10830315,total_iteration_ns,349729998
hol_blocking.csv,hol_blocking,QUIC,1pct_loss,,,2,11554255,11.554,control_latency_ns,11554255,total_iteration_ns,798260494
hol_blocking.csv,hol_blocking,QUIC,1pct_loss,,,3,10893474,10.893,control_latency_ns,10893474,total_iteration_ns,622500370
hol_blocking.csv,hol_blocking,QUIC,1pct_loss,,,4,11642820,11.643,control_latency_ns,11642820,total_iteration_ns,728388262
hol_blocking.csv,hol_blocking,QUIC,1pct_loss,,,5,11671904,11.672,control_latency_ns,11671904,total_iteration_ns,607153404
hol_blocking.csv,hol_blocking,QUIC,1pct_loss,,,6,10376335,10.376,control_latency_ns,10376335,total_iteration_ns,554330684
hol_blocking.csv,hol_blocking,QUIC,1pct_loss,,,7,11427660,11.428,control_latency_ns,11427660,total_iteration_ns,719513727
hol_blocking.csv,hol_blocking,QUIC,1pct_loss,,,8,10431802,10.432,control_latency_ns,10431802,total_iteration_ns,951281575
hol_blocking.csv,hol_blocking,QUIC,1pct_loss,,,9,11562033,11.562,control_latency_ns,11562033,total_iteration_ns,972461541
hol_blocking.csv,hol_blocking,QUIC,1pct_loss,,,10,11186915,11.187,control_latency_ns,11186915,total_iteration_ns,1068602156
hol_blocking.csv,hol_blocking,QUIC,1pct_loss,,,11,11287476,11.287,control_latency_ns,11287476,total_iteration_ns,952420122
hol_blocking.csv,hol_blocking,QUIC,1pct_loss,,,12,16480415,16.480,control_latency_ns,16480415,total_iteration_ns,1022913239
hol_blocking.csv,hol_blocking,QUIC,1pct_loss,,,13,12332361,12.332,control_latency_ns,12332361,total_iteration_ns,861058942
hol_blocking.csv,hol_blocking,QUIC,1pct_loss,,,14,17692173,17.692,control_latency_ns,17692173,total_iteration_ns,976997881
hol_blocking.csv,hol_blocking,QUIC,1pct_loss,,,15,11518896,11.519,control_latency_ns,11518896,total_iteration_ns,1100916175
hol_blocking.csv,hol_blocking,QUIC,1pct_loss,,,16,11239964,11.240,control_latency_ns,11239964,total_iteration_ns,828907149
hol_blocking.csv,hol_blocking,QUIC,1pct_loss,,,17,11552597,11.553,control_latency_ns,11552597,total_iteration_ns,835457099
hol_blocking.csv,hol_blocking,QUIC,1pct_loss,,,18,10228383,10.228,control_latency_ns,10228383,total_iteration_ns,783182672
hol_blocking.csv,hol_blocking,QUIC,1pct_loss,,,19,10260788,10.261,control_latency_ns,10260788,total_iteration_ns,821765818
hol_blocking.csv,hol_blocking,QUIC,1pct_loss,,,20,10904849,10.905,control_latency_ns,10904849,total_iteration_ns,886504977
hol_blocking.csv,hol_blocking,QUIC,1pct_loss,,,21,11328026,11.328,control_latency_ns,11328026,total_iteration_ns,940783180
hol_blocking.csv,hol_blocking,QUIC,1pct_loss,,,22,11372831,11.373,control_latency_ns,11372831,total_iteration_ns,807143726
hol_blocking.csv,hol_blocking,QUIC,1pct_loss,,,23,11467514,11.468,control_latency_ns,11467514,total_iteration_ns,933756540
hol_blocking.csv,hol_blocking,QUIC,1pct_loss,,,24,12589881,12.590,control_latency_ns,12589881,total_iteration_ns,1251702898
hol_blocking.csv,hol_blocking,QUIC,1pct_loss,,,25,12187982,12.188,control_latency_ns,12187982,total_iteration_ns,809279193
hol_blocking.csv,hol_blocking,QUIC,1pct_loss,,,26,10238334,10.238,control_latency_ns,10238334,total_iteration_ns,975051404
hol_blocking.csv,hol_blocking,QUIC,1pct_loss,,,27,11380164,11.380,control_latency_ns,11380164,total_iteration_ns,678713388
hol_blocking.csv,hol_blocking,QUIC,1pct_loss,,,28,11486542,11.487,control_latency_ns,11486542,total_iteration_ns,828999814
hol_blocking.csv,hol_blocking,QUIC,1pct_loss,,,29,11278869,11.279,control_latency_ns,11278869,total_iteration_ns,786393040
hol_blocking.csv,hol_blocking,QUIC,1pct_loss,,,30,11499911,11.500,control_latency_ns,11499911,total_iteration_ns,890971737
hol_blocking.csv,hol_blocking,TCP,5pct_loss,,,1,32495565,32.496,control_latency_ns,32495565,total_iteration_ns,564541026
hol_blocking.csv,hol_blocking,TCP,5pct_loss,,,2,12372870,12.373,control_latency_ns,12372870,total_iteration_ns,69404969
hol_blocking.csv,hol_blocking,TCP,5pct_loss,,,3,12316351,12.316,control_latency_ns,12316351,total_iteration_ns,80530841
hol_blocking.csv,hol_blocking,TCP,5pct_loss,,,4,12494575,12.495,control_latency_ns,12494575,total_iteration_ns,69146083
hol_blocking.csv,hol_blocking,TCP,5pct_loss,,,5,33477844,33.478,control_latency_ns,33477844,total_iteration_ns,82794680
hol_blocking.csv,hol_blocking,TCP,5pct_loss,,,6,12680570,12.681,control_latency_ns,12680570,total_iteration_ns,96879480
hol_blocking.csv,hol_blocking,TCP,5pct_loss,,,7,12316908,12.317,control_latency_ns,12316908,total_iteration_ns,367163873
hol_blocking.csv,hol_blocking,TCP,5pct_loss,,,8,19069656,19.070,control_latency_ns,19069656,total_iteration_ns,115589039
hol_blocking.csv,hol_blocking,TCP,5pct_loss,,,9,12209739,12.210,control_latency_ns,12209739,total_iteration_ns,167552163
hol_blocking.csv,hol_blocking,TCP,5pct_loss,,,10,17662203,17.662,control_latency_ns,17662203,total_iteration_ns,113055269
hol_blocking.csv,hol_blocking,TCP,5pct_loss,,,11,30469347,30.469,control_latency_ns,30469347,total_iteration_ns,179488155
hol_blocking.csv,hol_blocking,TCP,5pct_loss,,,12,14818007,14.818,control_latency_ns,14818007,total_iteration_ns,197568879
hol_blocking.csv,hol_blocking,TCP,5pct_loss,,,13,16918507,16.919,control_latency_ns,16918507,total_iteration_ns,383739765
hol_blocking.csv,hol_blocking,TCP,5pct_loss,,,14,86226053,86.226,control_latency_ns,86226053,total_iteration_ns,294894297
hol_blocking.csv,hol_blocking,TCP,5pct_loss,,,15,17616703,17.617,control_latency_ns,17616703,total_iteration_ns,125747196
hol_blocking.csv,hol_blocking,TCP,5pct_loss,,,16,13219122,13.219,control_latency_ns,13219122,total_iteration_ns,84489564
hol_blocking.csv,hol_blocking,TCP,5pct_loss,,,17,12354952,12.355,control_latency_ns,12354952,total_iteration_ns,142378161
hol_blocking.csv,hol_blocking,TCP,5pct_loss,,,18,12312967,12.313,control_latency_ns,12312967,total_iteration_ns,104636930
hol_blocking.csv,hol_blocking,TCP,5pct_loss,,,19,12349958,12.350,control_latency_ns,12349958,total_iteration_ns,97499682
hol_blocking.csv,hol_blocking,TCP,5pct_loss,,,20,32449287,32.449,control_latency_ns,32449287,total_iteration_ns,388798475
hol_blocking.csv,hol_blocking,TCP,5pct_loss,,,21,32649720,32.650,control_latency_ns,32649720,total_iteration_ns,163912176
hol_blocking.csv,hol_blocking,TCP,5pct_loss,,,22,15617304,15.617,control_latency_ns,15617304,total_iteration_ns,100094504
hol_blocking.csv,hol_blocking,TCP,5pct_loss,,,23,33367598,33.368,control_latency_ns,33367598,total_iteration_ns,448827622
hol_blocking.csv,hol_blocking,TCP,5pct_loss,,,24,14640402,14.640,control_latency_ns,14640402,total_iteration_ns,199827274
hol_blocking.csv,hol_blocking,TCP,5pct_loss,,,25,19469250,19.469,control_latency_ns,19469250,total_iteration_ns,129929449
hol_blocking.csv,hol_blocking,TCP,5pct_loss,,,26,32348309,32.348,control_latency_ns,32348309,total_iteration_ns,206904065
hol_blocking.csv,hol_blocking,TCP,5pct_loss,,,27,38484510,38.485,control_latency_ns,38484510,total_iteration_ns,392756310
hol_blocking.csv,hol_blocking,TCP,5pct_loss,,,28,15339474,15.339,control_latency_ns,15339474,total_iteration_ns,488924754
hol_blocking.csv,hol_blocking,TCP,5pct_loss,,,29,15844599,15.845,control_latency_ns,15844599,total_iteration_ns,149500067
hol_blocking.csv,hol_blocking,TCP,5pct_loss,,,30,30286089,30.286,control_latency_ns,30286089,total_iteration_ns,133177517
hol_blocking.csv,hol_blocking,QUIC,5pct_loss,,,1,10600745,10.601,control_latency_ns,10600745,total_iteration_ns,2204295032
hol_blocking.csv,hol_blocking,QUIC,5pct_loss,,,2,16797055,16.797,control_latency_ns,16797055,total_iteration_ns,1912460726
hol_blocking.csv,hol_blocking,QUIC,5pct_loss,,,3,15084831,15.085,control_latency_ns,15084831,total_iteration_ns,1899115911
hol_blocking.csv,hol_blocking,QUIC,5pct_loss,,,4,16950178,16.950,control_latency_ns,16950178,total_iteration_ns,2221133609
hol_blocking.csv,hol_blocking,QUIC,5pct_loss,,,5,12760318,12.760,control_latency_ns,12760318,total_iteration_ns,2005516800
hol_blocking.csv,hol_blocking,QUIC,5pct_loss,,,6,14621160,14.621,control_latency_ns,14621160,total_iteration_ns,2073444317
hol_blocking.csv,hol_blocking,QUIC,5pct_loss,,,7,15301270,15.301,control_latency_ns,15301270,total_iteration_ns,2207573399
hol_blocking.csv,hol_blocking,QUIC,5pct_loss,,,8,16788661,16.789,control_latency_ns,16788661,total_iteration_ns,2118940087
hol_blocking.csv,hol_blocking,QUIC,5pct_loss,,,9,30591825,30.592,control_latency_ns,30591825,total_iteration_ns,2113667403
hol_blocking.csv,hol_blocking,QUIC,5pct_loss,,,10,12610517,12.611,control_latency_ns,12610517,total_iteration_ns,2136794355
hol_blocking.csv,hol_blocking,QUIC,5pct_loss,,,11,17745885,17.746,control_latency_ns,17745885,total_iteration_ns,2102943919
hol_blocking.csv,hol_blocking,QUIC,5pct_loss,,,12,10339402,10.339,control_latency_ns,10339402,total_iteration_ns,2168280816
hol_blocking.csv,hol_blocking,QUIC,5pct_loss,,,13,17971774,17.972,control_latency_ns,17971774,total_iteration_ns,2237469988
hol_blocking.csv,hol_blocking,QUIC,5pct_loss,,,14,13086086,13.086,control_latency_ns,13086086,total_iteration_ns,2070069380
hol_blocking.csv,hol_blocking,QUIC,5pct_loss,,,15,10504971,10.505,control_latency_ns,10504971,total_iteration_ns,2551179748
hol_blocking.csv,hol_blocking,QUIC,5pct_loss,,,16,29530445,29.530,control_latency_ns,29530445,total_iteration_ns,2290177665
hol_blocking.csv,hol_blocking,QUIC,5pct_loss,,,17,17861133,17.861,control_latency_ns,17861133,total_iteration_ns,1947651096
hol_blocking.csv,hol_blocking,QUIC,5pct_loss,,,18,10712738,10.713,control_latency_ns,10712738,total_iteration_ns,1748293074
hol_blocking.csv,hol_blocking,QUIC,5pct_loss,,,19,17780688,17.781,control_latency_ns,17780688,total_iteration_ns,2488217446
hol_blocking.csv,hol_blocking,QUIC,5pct_loss,,,20,12586052,12.586,control_latency_ns,12586052,total_iteration_ns,1750229682
hol_blocking.csv,hol_blocking,QUIC,5pct_loss,,,21,17011112,17.011,control_latency_ns,17011112,total_iteration_ns,2207498905
hol_blocking.csv,hol_blocking,QUIC,5pct_loss,,,22,10827248,10.827,control_latency_ns,10827248,total_iteration_ns,2545927297
hol_blocking.csv,hol_blocking,QUIC,5pct_loss,,,23,30932916,30.933,control_latency_ns,30932916,total_iteration_ns,2228495904
hol_blocking.csv,hol_blocking,QUIC,5pct_loss,,,24,16999168,16.999,control_latency_ns,16999168,total_iteration_ns,2365736595
hol_blocking.csv,hol_blocking,QUIC,5pct_loss,,,25,17881310,17.881,control_latency_ns,17881310,total_iteration_ns,1811930337
hol_blocking.csv,hol_blocking,QUIC,5pct_loss,,,26,16812944,16.813,control_latency_ns,16812944,total_iteration_ns,1730921339
hol_blocking.csv,hol_blocking,QUIC,5pct_loss,,,27,38449615,38.450,control_latency_ns,38449615,total_iteration_ns,2273532997
hol_blocking.csv,hol_blocking,QUIC,5pct_loss,,,28,12679056,12.679,control_latency_ns,12679056,total_iteration_ns,2339056982
hol_blocking.csv,hol_blocking,QUIC,5pct_loss,,,29,30911352,30.911,control_latency_ns,30911352,total_iteration_ns,1768502935
hol_blocking.csv,hol_blocking,QUIC,5pct_loss,,,30,11653911,11.654,control_latency_ns,11653911,total_iteration_ns,2112820952
hol_blocking.csv,hol_blocking,TCP,wan,,,1,294011053,294.011,control_latency_ns,294011053,total_iteration_ns,1782054646
hol_blocking.csv,hol_blocking,TCP,wan,,,2,101525138,101.525,control_latency_ns,101525138,total_iteration_ns,1468387342
hol_blocking.csv,hol_blocking,TCP,wan,,,3,928203325,928.203,control_latency_ns,928203325,total_iteration_ns,1472965724
hol_blocking.csv,hol_blocking,TCP,wan,,,4,106933310,106.933,control_latency_ns,106933310,total_iteration_ns,1474517942
hol_blocking.csv,hol_blocking,TCP,wan,,,5,102392706,102.393,control_latency_ns,102392706,total_iteration_ns,1473346124
hol_blocking.csv,hol_blocking,TCP,wan,,,6,110598847,110.599,control_latency_ns,110598847,total_iteration_ns,1474754290
hol_blocking.csv,hol_blocking,TCP,wan,,,7,105859260,105.859,control_latency_ns,105859260,total_iteration_ns,1474960584
hol_blocking.csv,hol_blocking,TCP,wan,,,8,108539226,108.539,control_latency_ns,108539226,total_iteration_ns,1474860284
hol_blocking.csv,hol_blocking,TCP,wan,,,9,111966485,111.966,control_latency_ns,111966485,total_iteration_ns,1446324600
hol_blocking.csv,hol_blocking,TCP,wan,,,10,105460310,105.460,control_latency_ns,105460310,total_iteration_ns,1497491726
hol_blocking.csv,hol_blocking,TCP,wan,,,11,103934008,103.934,control_latency_ns,103934008,total_iteration_ns,1436544889
hol_blocking.csv,hol_blocking,TCP,wan,,,12,250815049,250.815,control_latency_ns,250815049,total_iteration_ns,1511172079
hol_blocking.csv,hol_blocking,TCP,wan,,,13,107101031,107.101,control_latency_ns,107101031,total_iteration_ns,1486681508
hol_blocking.csv,hol_blocking,TCP,wan,,,14,109271686,109.272,control_latency_ns,109271686,total_iteration_ns,1476435870
hol_blocking.csv,hol_blocking,TCP,wan,,,15,175856509,175.857,control_latency_ns,175856509,total_iteration_ns,3274651295
hol_blocking.csv,hol_blocking,TCP,wan,,,16,168659294,168.659,control_latency_ns,168659294,total_iteration_ns,1506291215
hol_blocking.csv,hol_blocking,TCP,wan,,,17,111375854,111.376,control_latency_ns,111375854,total_iteration_ns,1476763207
hol_blocking.csv,hol_blocking,TCP,wan,,,18,107123730,107.124,control_latency_ns,107123730,total_iteration_ns,1472002035
hol_blocking.csv,hol_blocking,TCP,wan,,,19,1032421168,1032.421,control_latency_ns,1032421168,total_iteration_ns,1473224527
hol_blocking.csv,hol_blocking,TCP,wan,,,20,112059629,112.060,control_latency_ns,112059629,total_iteration_ns,1467098267
hol_blocking.csv,hol_blocking,TCP,wan,,,21,110148237,110.148,control_latency_ns,110148237,total_iteration_ns,1467011352
hol_blocking.csv,hol_blocking,TCP,wan,,,22,108599527,108.600,control_latency_ns,108599527,total_iteration_ns,1480169456
hol_blocking.csv,hol_blocking,TCP,wan,,,23,109341060,109.341,control_latency_ns,109341060,total_iteration_ns,1481936952
hol_blocking.csv,hol_blocking,TCP,wan,,,24,1287594976,1287.595,control_latency_ns,1287594976,total_iteration_ns,1465638807
hol_blocking.csv,hol_blocking,TCP,wan,,,25,108928497,108.928,control_latency_ns,108928497,total_iteration_ns,1499263821
hol_blocking.csv,hol_blocking,TCP,wan,,,26,107939975,107.940,control_latency_ns,107939975,total_iteration_ns,1478829552
hol_blocking.csv,hol_blocking,TCP,wan,,,27,171087904,171.088,control_latency_ns,171087904,total_iteration_ns,1467604220
hol_blocking.csv,hol_blocking,TCP,wan,,,28,108158405,108.158,control_latency_ns,108158405,total_iteration_ns,1462582555
hol_blocking.csv,hol_blocking,TCP,wan,,,29,557864095,557.864,control_latency_ns,557864095,total_iteration_ns,1469450342
hol_blocking.csv,hol_blocking,TCP,wan,,,30,101667331,101.667,control_latency_ns,101667331,total_iteration_ns,1464133267
hol_blocking.csv,hol_blocking,QUIC,wan,,,1,22779772,22.780,control_latency_ns,22779772,total_iteration_ns,2402832601
hol_blocking.csv,hol_blocking,QUIC,wan,,,2,49833116,49.833,control_latency_ns,49833116,total_iteration_ns,4006073605
hol_blocking.csv,hol_blocking,QUIC,wan,,,3,44189100,44.189,control_latency_ns,44189100,total_iteration_ns,4650599851
hol_blocking.csv,hol_blocking,QUIC,wan,,,4,52357076,52.357,control_latency_ns,52357076,total_iteration_ns,4067756894
hol_blocking.csv,hol_blocking,QUIC,wan,,,5,43983116,43.983,control_latency_ns,43983116,total_iteration_ns,3737324706
hol_blocking.csv,hol_blocking,QUIC,wan,,,6,40642588,40.643,control_latency_ns,40642588,total_iteration_ns,3781507862
hol_blocking.csv,hol_blocking,QUIC,wan,,,7,51720969,51.721,control_latency_ns,51720969,total_iteration_ns,4224077680
hol_blocking.csv,hol_blocking,QUIC,wan,,,8,29923279,29.923,control_latency_ns,29923279,total_iteration_ns,3929800272
hol_blocking.csv,hol_blocking,QUIC,wan,,,9,50582037,50.582,control_latency_ns,50582037,total_iteration_ns,3471380360
hol_blocking.csv,hol_blocking,QUIC,wan,,,10,51067644,51.068,control_latency_ns,51067644,total_iteration_ns,3877278560
hol_blocking.csv,hol_blocking,QUIC,wan,,,11,46489528,46.490,control_latency_ns,46489528,total_iteration_ns,4913265666
hol_blocking.csv,hol_blocking,QUIC,wan,,,12,47701324,47.701,control_latency_ns,47701324,total_iteration_ns,3931722162
hol_blocking.csv,hol_blocking,QUIC,wan,,,13,39565834,39.566,control_latency_ns,39565834,total_iteration_ns,3692994701
hol_blocking.csv,hol_blocking,QUIC,wan,,,14,49666158,49.666,control_latency_ns,49666158,total_iteration_ns,4309553170
hol_blocking.csv,hol_blocking,QUIC,wan,,,15,42255749,42.256,control_latency_ns,42255749,total_iteration_ns,3969344037
hol_blocking.csv,hol_blocking,QUIC,wan,,,16,41717400,41.717,control_latency_ns,41717400,total_iteration_ns,4057236086
hol_blocking.csv,hol_blocking,QUIC,wan,,,17,71887042,71.887,control_latency_ns,71887042,total_iteration_ns,3912869993
hol_blocking.csv,hol_blocking,QUIC,wan,,,18,39966548,39.967,control_latency_ns,39966548,total_iteration_ns,3394573121
hol_blocking.csv,hol_blocking,QUIC,wan,,,19,49313517,49.314,control_latency_ns,49313517,total_iteration_ns,3884757260
hol_blocking.csv,hol_blocking,QUIC,wan,,,20,46928922,46.929,control_latency_ns,46928922,total_iteration_ns,3729962527
hol_blocking.csv,hol_blocking,QUIC,wan,,,21,24791768,24.792,control_latency_ns,24791768,total_iteration_ns,4140681412
hol_blocking.csv,hol_blocking,QUIC,wan,,,22,43172069,43.172,control_latency_ns,43172069,total_iteration_ns,3970123980
hol_blocking.csv,hol_blocking,QUIC,wan,,,23,51302312,51.302,control_latency_ns,51302312,total_iteration_ns,3079664243
hol_blocking.csv,hol_blocking,QUIC,wan,,,24,52938352,52.938,control_latency_ns,52938352,total_iteration_ns,3580815496
hol_blocking.csv,hol_blocking,QUIC,wan,,,25,40660661,40.661,control_latency_ns,40660661,total_iteration_ns,3581484419
hol_blocking.csv,hol_blocking,QUIC,wan,,,26,43765831,43.766,control_latency_ns,43765831,total_iteration_ns,2978561210
hol_blocking.csv,hol_blocking,QUIC,wan,,,27,41952144,41.952,control_latency_ns,41952144,total_iteration_ns,4260828849
hol_blocking.csv,hol_blocking,QUIC,wan,,,28,50051588,50.052,control_latency_ns,50051588,total_iteration_ns,3720029828
hol_blocking.csv,hol_blocking,QUIC,wan,,,29,42389670,42.390,control_latency_ns,42389670,total_iteration_ns,4351076580
hol_blocking.csv,hol_blocking,QUIC,wan,,,30,51870150,51.870,control_latency_ns,51870150,total_iteration_ns,4369773390
hol_blocking.csv,hol_blocking,TCP,harsh,,,1,55913419,55.913,control_latency_ns,55913419,total_iteration_ns,3483141421
hol_blocking.csv,hol_blocking,TCP,harsh,,,2,383696428,383.696,control_latency_ns,383696428,total_iteration_ns,2871271999
hol_blocking.csv,hol_blocking,TCP,harsh,,,3,1521731777,1521.732,control_latency_ns,1521731777,total_iteration_ns,2923055286
hol_blocking.csv,hol_blocking,TCP,harsh,,,4,207141588,207.142,control_latency_ns,207141588,total_iteration_ns,3078079842
hol_blocking.csv,hol_blocking,TCP,harsh,,,5,1108927226,1108.927,control_latency_ns,1108927226,total_iteration_ns,3107707282
hol_blocking.csv,hol_blocking,TCP,harsh,,,6,190480295,190.480,control_latency_ns,190480295,total_iteration_ns,3035519209
hol_blocking.csv,hol_blocking,TCP,harsh,,,7,245815718,245.816,control_latency_ns,245815718,total_iteration_ns,3075066828
hol_blocking.csv,hol_blocking,TCP,harsh,,,8,303064836,303.065,control_latency_ns,303064836,total_iteration_ns,3255055480
hol_blocking.csv,hol_blocking,TCP,harsh,,,9,273097000,273.097,control_latency_ns,273097000,total_iteration_ns,4393122722
hol_blocking.csv,hol_blocking,TCP,harsh,,,10,209906099,209.906,control_latency_ns,209906099,total_iteration_ns,3091246337
hol_blocking.csv,hol_blocking,TCP,harsh,,,11,487372633,487.373,control_latency_ns,487372633,total_iteration_ns,3102105033
hol_blocking.csv,hol_blocking,TCP,harsh,,,12,196156487,196.156,control_latency_ns,196156487,total_iteration_ns,3325211670
hol_blocking.csv,hol_blocking,TCP,harsh,,,13,431902944,431.903,control_latency_ns,431902944,total_iteration_ns,3229370987
hol_blocking.csv,hol_blocking,TCP,harsh,,,14,63467127,63.467,control_latency_ns,63467127,total_iteration_ns,3255581849
hol_blocking.csv,hol_blocking,TCP,harsh,,,15,891526994,891.527,control_latency_ns,891526994,total_iteration_ns,3286048292
hol_blocking.csv,hol_blocking,TCP,harsh,,,16,366277901,366.278,control_latency_ns,366277901,total_iteration_ns,2918959007
hol_blocking.csv,hol_blocking,TCP,harsh,,,17,61118427,61.118,control_latency_ns,61118427,total_iteration_ns,2922744909
hol_blocking.csv,hol_blocking,TCP,harsh,,,18,202540437,202.540,control_latency_ns,202540437,total_iteration_ns,2946213631
hol_blocking.csv,hol_blocking,TCP,harsh,,,19,1393400337,1393.400,control_latency_ns,1393400337,total_iteration_ns,2994269645
hol_blocking.csv,hol_blocking,TCP,harsh,,,20,187223479,187.223,control_latency_ns,187223479,total_iteration_ns,2973262976
hol_blocking.csv,hol_blocking,TCP,harsh,,,21,192019976,192.020,control_latency_ns,192019976,total_iteration_ns,2976197252
hol_blocking.csv,hol_blocking,TCP,harsh,,,22,210229960,210.230,control_latency_ns,210229960,total_iteration_ns,3004498235
hol_blocking.csv,hol_blocking,TCP,harsh,,,23,205683975,205.684,control_latency_ns,205683975,total_iteration_ns,6571764827
hol_blocking.csv,hol_blocking,TCP,harsh,,,24,209711771,209.712,control_latency_ns,209711771,total_iteration_ns,3068107146
hol_blocking.csv,hol_blocking,TCP,harsh,,,25,203013830,203.014,control_latency_ns,203013830,total_iteration_ns,2966764952
hol_blocking.csv,hol_blocking,TCP,harsh,,,26,683715755,683.716,control_latency_ns,683715755,total_iteration_ns,3155637082
hol_blocking.csv,hol_blocking,TCP,harsh,,,27,416861407,416.861,control_latency_ns,416861407,total_iteration_ns,3135002803
hol_blocking.csv,hol_blocking,TCP,harsh,,,28,206104642,206.105,control_latency_ns,206104642,total_iteration_ns,3079992210
hol_blocking.csv,hol_blocking,TCP,harsh,,,29,199909116,199.909,control_latency_ns,199909116,total_iteration_ns,2927435700
hol_blocking.csv,hol_blocking,TCP,harsh,,,30,206717390,206.717,control_latency_ns,206717390,total_iteration_ns,2935648642
hol_blocking.csv,hol_blocking,QUIC,harsh,,,1,105752459,105.752,control_latency_ns,105752459,total_iteration_ns,12754820661
hol_blocking.csv,hol_blocking,QUIC,harsh,,,2,100213036,100.213,control_latency_ns,100213036,total_iteration_ns,14153251899
hol_blocking.csv,hol_blocking,QUIC,harsh,,,3,204933467,204.933,control_latency_ns,204933467,total_iteration_ns,13087307767
hol_blocking.csv,hol_blocking,QUIC,harsh,,,4,44934904,44.935,control_latency_ns,44934904,total_iteration_ns,10799195146
hol_blocking.csv,hol_blocking,QUIC,harsh,,,5,91940366,91.940,control_latency_ns,91940366,total_iteration_ns,13201279509
hol_blocking.csv,hol_blocking,QUIC,harsh,,,6,107538316,107.538,control_latency_ns,107538316,total_iteration_ns,13053726850
hol_blocking.csv,hol_blocking,QUIC,harsh,,,7,112343555,112.344,control_latency_ns,112343555,total_iteration_ns,14788887982
hol_blocking.csv,hol_blocking,QUIC,harsh,,,8,77067727,77.068,control_latency_ns,77067727,total_iteration_ns,10353202927
hol_blocking.csv,hol_blocking,QUIC,harsh,,,9,98499671,98.500,control_latency_ns,98499671,total_iteration_ns,11321706199
hol_blocking.csv,hol_blocking,QUIC,harsh,,,10,74638525,74.639,control_latency_ns,74638525,total_iteration_ns,11523678875
hol_blocking.csv,hol_blocking,QUIC,harsh,,,11,100233122,100.233,control_latency_ns,100233122,total_iteration_ns,12838174887
hol_blocking.csv,hol_blocking,QUIC,harsh,,,12,86922847,86.923,control_latency_ns,86922847,total_iteration_ns,10113446505
hol_blocking.csv,hol_blocking,QUIC,harsh,,,13,70939841,70.940,control_latency_ns,70939841,total_iteration_ns,12606541621
hol_blocking.csv,hol_blocking,QUIC,harsh,,,14,84123777,84.124,control_latency_ns,84123777,total_iteration_ns,14701262299
hol_blocking.csv,hol_blocking,QUIC,harsh,,,15,244727204,244.727,control_latency_ns,244727204,total_iteration_ns,11349187726
hol_blocking.csv,hol_blocking,QUIC,harsh,,,16,102408729,102.409,control_latency_ns,102408729,total_iteration_ns,13092420197
hol_blocking.csv,hol_blocking,QUIC,harsh,,,17,234721008,234.721,control_latency_ns,234721008,total_iteration_ns,12800352301
hol_blocking.csv,hol_blocking,QUIC,harsh,,,18,73593600,73.594,control_latency_ns,73593600,total_iteration_ns,14518910389
hol_blocking.csv,hol_blocking,QUIC,harsh,,,19,67103610,67.104,control_latency_ns,67103610,total_iteration_ns,13308315640
hol_blocking.csv,hol_blocking,QUIC,harsh,,,20,76604644,76.605,control_latency_ns,76604644,total_iteration_ns,11451680749
hol_blocking.csv,hol_blocking,QUIC,harsh,,,21,93394584,93.395,control_latency_ns,93394584,total_iteration_ns,11228066838
hol_blocking.csv,hol_blocking,QUIC,harsh,,,22,101397155,101.397,control_latency_ns,101397155,total_iteration_ns,10301469040
hol_blocking.csv,hol_blocking,QUIC,harsh,,,23,92114119,92.114,control_latency_ns,92114119,total_iteration_ns,11519747364
hol_blocking.csv,hol_blocking,QUIC,harsh,,,24,87521128,87.521,control_latency_ns,87521128,total_iteration_ns,12491061380
hol_blocking.csv,hol_blocking,QUIC,harsh,,,25,325004387,325.004,control_latency_ns,325004387,total_iteration_ns,13461602612
hol_blocking.csv,hol_blocking,QUIC,harsh,,,26,41463017,41.463,control_latency_ns,41463017,total_iteration_ns,10993556027
hol_blocking.csv,hol_blocking,QUIC,harsh,,,27,92775955,92.776,control_latency_ns,92775955,total_iteration_ns,12319005270
hol_blocking.csv,hol_blocking,QUIC,harsh,,,28,92453160,92.453,control_latency_ns,92453160,total_iteration_ns,12539018286
hol_blocking.csv,hol_blocking,QUIC,harsh,,,29,97170292,97.170,control_latency_ns,97170292,total_iteration_ns,13228057855
hol_blocking.csv,hol_blocking,QUIC,harsh,,,30,110142331,110.142,control_latency_ns,110142331,total_iteration_ns,10818018362
message_latency.csv,message_latency,TCP,localhost,,,1,1019600,1.020,,,,
message_latency.csv,message_latency,TCP,localhost,,,2,302472,0.302,,,,
message_latency.csv,message_latency,TCP,localhost,,,3,199458,0.199,,,,
message_latency.csv,message_latency,TCP,localhost,,,4,187552,0.188,,,,
message_latency.csv,message_latency,TCP,localhost,,,5,195675,0.196,,,,
message_latency.csv,message_latency,TCP,localhost,,,6,179179,0.179,,,,
message_latency.csv,message_latency,TCP,localhost,,,7,187196,0.187,,,,
message_latency.csv,message_latency,TCP,localhost,,,8,179233,0.179,,,,
message_latency.csv,message_latency,TCP,localhost,,,9,197561,0.198,,,,
message_latency.csv,message_latency,TCP,localhost,,,10,200274,0.200,,,,
message_latency.csv,message_latency,TCP,localhost,,,11,187332,0.187,,,,
message_latency.csv,message_latency,TCP,localhost,,,12,201547,0.202,,,,
message_latency.csv,message_latency,TCP,localhost,,,13,186837,0.187,,,,
message_latency.csv,message_latency,TCP,localhost,,,14,183693,0.184,,,,
message_latency.csv,message_latency,TCP,localhost,,,15,209870,0.210,,,,
message_latency.csv,message_latency,TCP,localhost,,,16,187826,0.188,,,,
message_latency.csv,message_latency,TCP,localhost,,,17,181805,0.182,,,,
message_latency.csv,message_latency,TCP,localhost,,,18,182168,0.182,,,,
message_latency.csv,message_latency,TCP,localhost,,,19,194836,0.195,,,,
message_latency.csv,message_latency,TCP,localhost,,,20,283219,0.283,,,,
message_latency.csv,message_latency,TCP,localhost,,,21,255642,0.256,,,,
message_latency.csv,message_latency,TCP,localhost,,,22,247115,0.247,,,,
message_latency.csv,message_latency,TCP,localhost,,,23,258418,0.258,,,,
message_latency.csv,message_latency,TCP,localhost,,,24,271493,0.271,,,,
message_latency.csv,message_latency,TCP,localhost,,,25,246236,0.246,,,,
message_latency.csv,message_latency,TCP,localhost,,,26,237631,0.238,,,,
message_latency.csv,message_latency,TCP,localhost,,,27,350351,0.350,,,,
message_latency.csv,message_latency,TCP,localhost,,,28,300880,0.301,,,,
message_latency.csv,message_latency,TCP,localhost,,,29,233000,0.233,,,,
message_latency.csv,message_latency,TCP,localhost,,,30,265437,0.265,,,,
message_latency.csv,message_latency,TCP,localhost,,,31,263757,0.264,,,,
message_latency.csv,message_latency,TCP,localhost,,,32,317405,0.317,,,,
message_latency.csv,message_latency,TCP,localhost,,,33,146240,0.146,,,,
message_latency.csv,message_latency,TCP,localhost,,,34,204871,0.205,,,,
message_latency.csv,message_latency,TCP,localhost,,,35,272661,0.273,,,,
message_latency.csv,message_latency,TCP,localhost,,,36,190121,0.190,,,,
message_latency.csv,message_latency,TCP,localhost,,,37,185798,0.186,,,,
message_latency.csv,message_latency,TCP,localhost,,,38,197228,0.197,,,,
message_latency.csv,message_latency,TCP,localhost,,,39,188688,0.189,,,,
message_latency.csv,message_latency,TCP,localhost,,,40,198126,0.198,,,,
message_latency.csv,message_latency,TCP,localhost,,,41,182602,0.183,,,,
message_latency.csv,message_latency,TCP,localhost,,,42,179603,0.180,,,,
message_latency.csv,message_latency,TCP,localhost,,,43,181854,0.182,,,,
message_latency.csv,message_latency,TCP,localhost,,,44,250895,0.251,,,,
message_latency.csv,message_latency,TCP,localhost,,,45,194610,0.195,,,,
message_latency.csv,message_latency,TCP,localhost,,,46,138444,0.138,,,,
message_latency.csv,message_latency,TCP,localhost,,,47,138127,0.138,,,,
message_latency.csv,message_latency,TCP,localhost,,,48,136197,0.136,,,,
message_latency.csv,message_latency,TCP,localhost,,,49,171489,0.171,,,,
message_latency.csv,message_latency,TCP,localhost,,,50,128667,0.129,,,,
message_latency.csv,message_latency,TCP,localhost,,,51,132940,0.133,,,,
message_latency.csv,message_latency,TCP,localhost,,,52,217176,0.217,,,,
message_latency.csv,message_latency,TCP,localhost,,,53,145339,0.145,,,,
message_latency.csv,message_latency,TCP,localhost,,,54,143675,0.144,,,,
message_latency.csv,message_latency,TCP,localhost,,,55,158774,0.159,,,,
message_latency.csv,message_latency,TCP,localhost,,,56,141835,0.142,,,,
message_latency.csv,message_latency,TCP,localhost,,,57,136813,0.137,,,,
message_latency.csv,message_latency,TCP,localhost,,,58,169911,0.170,,,,
message_latency.csv,message_latency,TCP,localhost,,,59,145115,0.145,,,,
message_latency.csv,message_latency,TCP,localhost,,,60,145404,0.145,,,,
message_latency.csv,message_latency,TCP,localhost,,,61,142764,0.143,,,,
message_latency.csv,message_latency,TCP,localhost,,,62,138856,0.139,,,,
message_latency.csv,message_latency,TCP,localhost,,,63,139368,0.139,,,,
message_latency.csv,message_latency,TCP,localhost,,,64,137548,0.138,,,,
message_latency.csv,message_latency,TCP,localhost,,,65,149848,0.150,,,,
message_latency.csv,message_latency,TCP,localhost,,,66,163468,0.163,,,,
message_latency.csv,message_latency,TCP,localhost,,,67,1167194,1.167,,,,
message_latency.csv,message_latency,TCP,localhost,,,68,241799,0.242,,,,
message_latency.csv,message_latency,TCP,localhost,,,69,168191,0.168,,,,
message_latency.csv,message_latency,TCP,localhost,,,70,122654,0.123,,,,
message_latency.csv,message_latency,TCP,localhost,,,71,173241,0.173,,,,
message_latency.csv,message_latency,TCP,localhost,,,72,108636,0.109,,,,
message_latency.csv,message_latency,TCP,localhost,,,73,88215,0.088,,,,
message_latency.csv,message_latency,TCP,localhost,,,74,90983,0.091,,,,
message_latency.csv,message_latency,TCP,localhost,,,75,84473,0.084,,,,
message_latency.csv,message_latency,TCP,localhost,,,76,76867,0.077,,,,
message_latency.csv,message_latency,TCP,localhost,,,77,80458,0.080,,,,
message_latency.csv,message_latency,TCP,localhost,,,78,64868,0.065,,,,
message_latency.csv,message_latency,TCP,localhost,,,79,66276,0.066,,,,
message_latency.csv,message_latency,TCP,localhost,,,80,70514,0.071,,,,
message_latency.csv,message_latency,TCP,localhost,,,81,84505,0.085,,,,
message_latency.csv,message_latency,TCP,localhost,,,82,91405,0.091,,,,
message_latency.csv,message_latency,TCP,localhost,,,83,108417,0.108,,,,
message_latency.csv,message_latency,TCP,localhost,,,84,83006,0.083,,,,
message_latency.csv,message_latency,TCP,localhost,,,85,76334,0.076,,,,
message_latency.csv,message_latency,TCP,localhost,,,86,76040,0.076,,,,
message_latency.csv,message_latency,TCP,localhost,,,87,77010,0.077,,,,
message_latency.csv,message_latency,TCP,localhost,,,88,76975,0.077,,,,
message_latency.csv,message_latency,TCP,localhost,,,89,77135,0.077,,,,
message_latency.csv,message_latency,TCP,localhost,,,90,110613,0.111,,,,
message_latency.csv,message_latency,TCP,localhost,,,91,66083,0.066,,,,
message_latency.csv,message_latency,TCP,localhost,,,92,64819,0.065,,,,
message_latency.csv,message_latency,TCP,localhost,,,93,84806,0.085,,,,
message_latency.csv,message_latency,TCP,localhost,,,94,64978,0.065,,,,
message_latency.csv,message_latency,TCP,localhost,,,95,65222,0.065,,,,
message_latency.csv,message_latency,TCP,localhost,,,96,83108,0.083,,,,
message_latency.csv,message_latency,TCP,localhost,,,97,101143,0.101,,,,
message_latency.csv,message_latency,TCP,localhost,,,98,148050,0.148,,,,
message_latency.csv,message_latency,TCP,localhost,,,99,112712,0.113,,,,
message_latency.csv,message_latency,TCP,localhost,,,100,69701,0.070,,,,
message_latency.csv,message_latency,QUIC,localhost,,,1,421767,0.422,,,,
message_latency.csv,message_latency,QUIC,localhost,,,2,291027,0.291,,,,
message_latency.csv,message_latency,QUIC,localhost,,,3,240565,0.241,,,,
message_latency.csv,message_latency,QUIC,localhost,,,4,117799,0.118,,,,
message_latency.csv,message_latency,QUIC,localhost,,,5,186526,0.187,,,,
message_latency.csv,message_latency,QUIC,localhost,,,6,108223,0.108,,,,
message_latency.csv,message_latency,QUIC,localhost,,,7,343506,0.344,,,,
message_latency.csv,message_latency,QUIC,localhost,,,8,185649,0.186,,,,
message_latency.csv,message_latency,QUIC,localhost,,,9,236162,0.236,,,,
message_latency.csv,message_latency,QUIC,localhost,,,10,233387,0.233,,,,
message_latency.csv,message_latency,QUIC,localhost,,,11,138306,0.138,,,,
message_latency.csv,message_latency,QUIC,localhost,,,12,114282,0.114,,,,
message_latency.csv,message_latency,QUIC,localhost,,,13,86640,0.087,,,,
message_latency.csv,message_latency,QUIC,localhost,,,14,93453,0.093,,,,
message_latency.csv,message_latency,QUIC,localhost,,,15,92767,0.093,,,,
message_latency.csv,message_latency,QUIC,localhost,,,16,123245,0.123,,,,
message_latency.csv,message_latency,QUIC,localhost,,,17,112592,0.113,,,,
message_latency.csv,message_latency,QUIC,localhost,,,18,104926,0.105,,,,
message_latency.csv,message_latency,QUIC,localhost,,,19,77751,0.078,,,,
message_latency.csv,message_latency,QUIC,localhost,,,20,199296,0.199,,,,
message_latency.csv,message_latency,QUIC,localhost,,,21,192692,0.193,,,,
message_latency.csv,message_latency,QUIC,localhost,,,22,168332,0.168,,,,
message_latency.csv,message_latency,QUIC,localhost,,,23,93173,0.093,,,,
message_latency.csv,message_latency,QUIC,localhost,,,24,116685,0.117,,,,
message_latency.csv,message_latency,QUIC,localhost,,,25,141279,0.141,,,,
message_latency.csv,message_latency,QUIC,localhost,,,26,218466,0.218,,,,
message_latency.csv,message_latency,QUIC,localhost,,,27,97113,0.097,,,,
message_latency.csv,message_latency,QUIC,localhost,,,28,107256,0.107,,,,
message_latency.csv,message_latency,QUIC,localhost,,,29,137246,0.137,,,,
message_latency.csv,message_latency,QUIC,localhost,,,30,203079,0.203,,,,
message_latency.csv,message_latency,QUIC,localhost,,,31,363459,0.363,,,,
message_latency.csv,message_latency,QUIC,localhost,,,32,207494,0.207,,,,
message_latency.csv,message_latency,QUIC,localhost,,,33,121581,0.122,,,,
message_latency.csv,message_latency,QUIC,localhost,,,34,157128,0.157,,,,
message_latency.csv,message_latency,QUIC,localhost,,,35,92865,0.093,,,,
message_latency.csv,message_latency,QUIC,localhost,,,36,160723,0.161,,,,
message_latency.csv,message_latency,QUIC,localhost,,,37,138462,0.138,,,,
message_latency.csv,message_latency,QUIC,localhost,,,38,162983,0.163,,,,
message_latency.csv,message_latency,QUIC,localhost,,,39,88229,0.088,,,,
message_latency.csv,message_latency,QUIC,localhost,,,40,210182,0.210,,,,
message_latency.csv,message_latency,QUIC,localhost,,,41,88408,0.088,,,,
message_latency.csv,message_latency,QUIC,localhost,,,42,199278,0.199,,,,
message_latency.csv,message_latency,QUIC,localhost,,,43,220091,0.220,,,,
message_latency.csv,message_latency,QUIC,localhost,,,44,200403,0.200,,,,
message_latency.csv,message_latency,QUIC,localhost,,,45,150761,0.151,,,,
message_latency.csv,message_latency,QUIC,localhost,,,46,184503,0.185,,,,
message_latency.csv,message_latency,QUIC,localhost,,,47,145270,0.145,,,,
message_latency.csv,message_latency,QUIC,localhost,,,48,165124,0.165,,,,
message_latency.csv,message_latency,QUIC,localhost,,,49,116083,0.116,,,,
message_latency.csv,message_latency,QUIC,localhost,,,50,180078,0.180,,,,
message_latency.csv,message_latency,QUIC,localhost,,,51,550651,0.551,,,,
message_latency.csv,message_latency,QUIC,localhost,,,52,322403,0.322,,,,
message_latency.csv,message_latency,QUIC,localhost,,,53,188399,0.188,,,,
message_latency.csv,message_latency,QUIC,localhost,,,54,322440,0.322,,,,
message_latency.csv,message_latency,QUIC,localhost,,,55,179547,0.180,,,,
message_latency.csv,message_latency,QUIC,localhost,,,56,280858,0.281,,,,
message_latency.csv,message_latency,QUIC,localhost,,,57,538254,0.538,,,,
message_latency.csv,message_latency,QUIC,localhost,,,58,400260,0.400,,,,
message_latency.csv,message_latency,QUIC,localhost,,,59,255697,0.256,,,,
message_latency.csv,message_latency,QUIC,localhost,,,60,338269,0.338,,,,
message_latency.csv,message_latency,QUIC,localhost,,,61,319874,0.320,,,,
message_latency.csv,message_latency,QUIC,localhost,,,62,227801,0.228,,,,
message_latency.csv,message_latency,QUIC,localhost,,,63,183866,0.184,,,,
message_latency.csv,message_latency,QUIC,localhost,,,64,215957,0.216,,,,
message_latency.csv,message_latency,QUIC,localhost,,,65,176458,0.176,,,,
message_latency.csv,message_latency,QUIC,localhost,,,66,175040,0.175,,,,
message_latency.csv,message_latency,QUIC,localhost,,,67,71460,0.071,,,,
message_latency.csv,message_latency,QUIC,localhost,,,68,98625,0.099,,,,
message_latency.csv,message_latency,QUIC,localhost,,,69,76996,0.077,,,,
message_latency.csv,message_latency,QUIC,localhost,,,70,123216,0.123,,,,
message_latency.csv,message_latency,QUIC,localhost,,,71,170249,0.170,,,,
message_latency.csv,message_latency,QUIC,localhost,,,72,67342,0.067,,,,
message_latency.csv,message_latency,QUIC,localhost,,,73,70809,0.071,,,,
message_latency.csv,message_latency,QUIC,localhost,,,74,95747,0.096,,,,
message_latency.csv,message_latency,QUIC,localhost,,,75,92029,0.092,,,,
message_latency.csv,message_latency,QUIC,localhost,,,76,70154,0.070,,,,
message_latency.csv,message_latency,QUIC,localhost,,,77,72746,0.073,,,,
message_latency.csv,message_latency,QUIC,localhost,,,78,101690,0.102,,,,
message_latency.csv,message_latency,QUIC,localhost,,,79,70892,0.071,,,,
message_latency.csv,message_latency,QUIC,localhost,,,80,106311,0.106,,,,
message_latency.csv,message_latency,QUIC,localhost,,,81,71842,0.072,,,,
message_latency.csv,message_latency,QUIC,localhost,,,82,95177,0.095,,,,
message_latency.csv,message_latency,QUIC,localhost,,,83,70330,0.070,,,,
message_latency.csv,message_latency,QUIC,localhost,,,84,179868,0.180,,,,
message_latency.csv,message_latency,QUIC,localhost,,,85,343336,0.343,,,,
message_latency.csv,message_latency,QUIC,localhost,,,86,134525,0.135,,,,
message_latency.csv,message_latency,QUIC,localhost,,,87,778995,0.779,,,,
message_latency.csv,message_latency,QUIC,localhost,,,88,217198,0.217,,,,
message_latency.csv,message_latency,QUIC,localhost,,,89,307489,0.307,,,,
message_latency.csv,message_latency,QUIC,localhost,,,90,106749,0.107,,,,
message_latency.csv,message_latency,QUIC,localhost,,,91,253802,0.254,,,,
message_latency.csv,message_latency,QUIC,localhost,,,92,189486,0.189,,,,
message_latency.csv,message_latency,QUIC,localhost,,,93,169029,0.169,,,,
message_latency.csv,message_latency,QUIC,localhost,,,94,213746,0.214,,,,
message_latency.csv,message_latency,QUIC,localhost,,,95,376117,0.376,,,,
message_latency.csv,message_latency,QUIC,localhost,,,96,140037,0.140,,,,
message_latency.csv,message_latency,QUIC,localhost,,,97,118400,0.118,,,,
message_latency.csv,message_latency,QUIC,localhost,,,98,90675,0.091,,,,
message_latency.csv,message_latency,QUIC,localhost,,,99,112099,0.112,,,,
message_latency.csv,message_latency,QUIC,localhost,,,100,91139,0.091,,,,
message_latency.csv,message_latency,TCP,10ms,,,1,10259314,10.259,,,,
message_latency.csv,message_latency,TCP,10ms,,,2,10130375,10.130,,,,
message_latency.csv,message_latency,TCP,10ms,,,3,10221335,10.221,,,,
message_latency.csv,message_latency,TCP,10ms,,,4,10107547,10.108,,,,
message_latency.csv,message_latency,TCP,10ms,,,5,10143853,10.144,,,,
message_latency.csv,message_latency,TCP,10ms,,,6,10091933,10.092,,,,
message_latency.csv,message_latency,TCP,10ms,,,7,10073740,10.074,,,,
message_latency.csv,message_latency,TCP,10ms,,,8,10084278,10.084,,,,
message_latency.csv,message_latency,TCP,10ms,,,9,10071278,10.071,,,,
message_latency.csv,message_latency,TCP,10ms,,,10,10093008,10.093,,,,
message_latency.csv,message_latency,TCP,10ms,,,11,10094159,10.094,,,,
message_latency.csv,message_latency,TCP,10ms,,,12,10087293,10.087,,,,
message_latency.csv,message_latency,TCP,10ms,,,13,10225679,10.226,,,,
message_latency.csv,message_latency,TCP,10ms,,,14,10304159,10.304,,,,
message_latency.csv,message_latency,TCP,10ms,,,15,10198303,10.198,,,,
message_latency.csv,message_latency,TCP,10ms,,,16,10204481,10.204,,,,
message_latency.csv,message_latency,TCP,10ms,,,17,10182949,10.183,,,,
message_latency.csv,message_latency,TCP,10ms,,,18,10268361,10.268,,,,
message_latency.csv,message_latency,TCP,10ms,,,19,10134286,10.134,,,,
message_latency.csv,message_latency,TCP,10ms,,,20,10157760,10.158,,,,
message_latency.csv,message_latency,TCP,10ms,,,21,10128486,10.128,,,,
message_latency.csv,message_latency,TCP,10ms,,,22,10098372,10.098,,,,
message_latency.csv,message_latency,TCP,10ms,,,23,10139641,10.140,,,,
message_latency.csv,message_latency,TCP,10ms,,,24,10094390,10.094,,,,
message_latency.csv,message_latency,TCP,10ms,,,25,10087509,10.088,,,,
message_latency.csv,message_latency,TCP,10ms,,,26,10191854,10.192,,,,
message_latency.csv,message_latency,TCP,10ms,,,27,10128261,10.128,,,,
message_latency.csv,message_latency,TCP,10ms,,,28,10111473,10.111,,,,
message_latency.csv,message_latency,TCP,10ms,,,29,10196901,10.197,,,,
message_latency.csv,message_latency,TCP,10ms,,,30,10122165,10.122,,,,
message_latency.csv,message_latency,TCP,10ms,,,31,10086911,10.087,,,,
message_latency.csv,message_latency,TCP,10ms,,,32,10074095,10.074,,,,
message_latency.csv,message_latency,TCP,10ms,,,33,10073101,10.073,,,,
message_latency.csv,message_latency,TCP,10ms,,,34,10085478,10.085,,,,
message_latency.csv,message_latency,TCP,10ms,,,35,10118960,10.119,,,,
message_latency.csv,message_latency,TCP,10ms,,,36,10088146,10.088,,,,
message_latency.csv,message_latency,TCP,10ms,,,37,10125808,10.126,,,,
message_latency.csv,message_latency,TCP,10ms,,,38,10124534,10.125,,,,
message_latency.csv,message_latency,TCP,10ms,,,39,10110971,10.111,,,,
message_latency.csv,message_latency,TCP,10ms,,,40,10124434,10.124,,,,
message_latency.csv,message_latency,TCP,10ms,,,41,10096705,10.097,,,,
message_latency.csv,message_latency,TCP,10ms,,,42,10102399,10.102,,,,
message_latency.csv,message_latency,TCP,10ms,,,43,10079119,10.079,,,,
message_latency.csv,message_latency,TCP,10ms,,,44,10087553,10.088,,,,
message_latency.csv,message_latency,TCP,10ms,,,45,10078519,10.079,,,,
message_latency.csv,message_latency,TCP,10ms,,,46,10089119,10.089,,,,
message_latency.csv,message_latency,TCP,10ms,,,47,10112477,10.112,,,,
message_latency.csv,message_latency,TCP,10ms,,,48,10102894,10.103,,,,
message_latency.csv,message_latency,TCP,10ms,,,49,10159684,10.160,,,,
message_latency.csv,message_latency,TCP,10ms,,,50,10118543,10.119,,,,
message_latency.csv,message_latency,TCP,10ms,,,51,10174148,10.174,,,,
message_latency.csv,message_latency,TCP,10ms,,,52,10158248,10.158,,,,
message_latency.csv,message_latency,TCP,10ms,,,53,10200183,10.200,,,,
message_latency.csv,message_latency,TCP,10ms,,,54,10176744,10.177,,,,
message_latency.csv,message_latency,TCP,10ms,,,55,10141184,10.141,,,,
message_latency.csv,message_latency,TCP,10ms,,,56,10091551,10.092,,,,
message_latency.csv,message_latency,TCP,10ms,,,57,10120974,10.121,,,,
message_latency.csv,message_latency,TCP,10ms,,,58,10153881,10.154,,,,
message_latency.csv,message_latency,TCP,10ms,,,59,10163320,10.163,,,,
message_latency.csv,message_latency,TCP,10ms,,,60,10186015,10.186,,,,
message_latency.csv,message_latency,TCP,10ms,,,61,10137267,10.137,,,,
message_latency.csv,message_latency,TCP,10ms,,,62,10154552,10.155,,,,
message_latency.csv,message_latency,TCP,10ms,,,63,10111422,10.111,,,,
message_latency.csv,message_latency,TCP,10ms,,,64,10135653,10.136,,,,
message_latency.csv,message_latency,TCP,10ms,,,65,10093851,10.094,,,,
message_latency.csv,message_latency,TCP,10ms,,,66,10100462,10.100,,,,
message_latency.csv,message_latency,TCP,10ms,,,67,10099300,10.099,,,,
message_latency.csv,message_latency,TCP,10ms,,,68,10139040,10.139,,,,
message_latency.csv,message_latency,TCP,10ms,,,69,10115394,10.115,,,,
message_latency.csv,message_latency,TCP,10ms,,,70,10080165,10.080,,,,
message_latency.csv,message_latency,TCP,10ms,,,71,10076639,10.077,,,,
message_latency.csv,message_latency,TCP,10ms,,,72,10076578,10.077,,,,
message_latency.csv,message_latency,TCP,10ms,,,73,10075557,10.076,,,,
message_latency.csv,message_latency,TCP,10ms,,,74,10087890,10.088,,,,
message_latency.csv,message_latency,TCP,10ms,,,75,10074573,10.075,,,,
message_latency.csv,message_latency,TCP,10ms,,,76,10099687,10.100,,,,
message_latency.csv,message_latency,TCP,10ms,,,77,10120170,10.120,,,,
message_latency.csv,message_latency,TCP,10ms,,,78,10177864,10.178,,,,
message_latency.csv,message_latency,TCP,10ms,,,79,10115735,10.116,,,,
message_latency.csv,message_latency,TCP,10ms,,,80,10086036,10.086,,,,
message_latency.csv,message_latency,TCP,10ms,,,81,10099062,10.099,,,,
message_latency.csv,message_latency,TCP,10ms,,,82,10093576,10.094,,,,
message_latency.csv,message_latency,TCP,10ms,,,83,10085939,10.086,,,,
message_latency.csv,message_latency,TCP,10ms,,,84,10074729,10.075,,,,
message_latency.csv,message_latency,TCP,10ms,,,85,10082249,10.082,,,,
message_latency.csv,message_latency,TCP,10ms,,,86,10104100,10.104,,,,
message_latency.csv,message_latency,TCP,10ms,,,87,10127245,10.127,,,,
message_latency.csv,message_latency,TCP,10ms,,,88,10139403,10.139,,,,
message_latency.csv,message_latency,TCP,10ms,,,89,10129080,10.129,,,,
message_latency.csv,message_latency,TCP,10ms,,,90,10096304,10.096,,,,
message_latency.csv,message_latency,TCP,10ms,,,91,10102059,10.102,,,,
message_latency.csv,message_latency,TCP,10ms,,,92,10122173,10.122,,,,
message_latency.csv,message_latency,TCP,10ms,,,93,10100919,10.101,,,,
message_latency.csv,message_latency,TCP,10ms,,,94,10124897,10.125,,,,
message_latency.csv,message_latency,TCP,10ms,,,95,10128285,10.128,,,,
message_latency.csv,message_latency,TCP,10ms,,,96,10151389,10.151,,,,
message_latency.csv,message_latency,TCP,10ms,,,97,10131261,10.131,,,,
message_latency.csv,message_latency,TCP,10ms,,,98,10105019,10.105,,,,
message_latency.csv,message_latency,TCP,10ms,,,99,10122815,10.123,,,,
message_latency.csv,message_latency,TCP,10ms,,,100,10104739,10.105,,,,
message_latency.csv,message_latency,QUIC,10ms,,,1,10669233,10.669,,,,
message_latency.csv,message_latency,QUIC,10ms,,,2,10369387,10.369,,,,
message_latency.csv,message_latency,QUIC,10ms,,,3,10374091,10.374,,,,
message_latency.csv,message_latency,QUIC,10ms,,,4,10211659,10.212,,,,
message_latency.csv,message_latency,QUIC,10ms,,,5,10438918,10.439,,,,
message_latency.csv,message_latency,QUIC,10ms,,,6,10450599,10.451,,,,
message_latency.csv,message_latency,QUIC,10ms,,,7,10328612,10.329,,,,
message_latency.csv,message_latency,QUIC,10ms,,,8,10346102,10.346,,,,
message_latency.csv,message_latency,QUIC,10ms,,,9,10352112,10.352,,,,
message_latency.csv,message_latency,QUIC,10ms,,,10,10359682,10.360,,,,
message_latency.csv,message_latency,QUIC,10ms,,,11,10314958,10.315,,,,
message_latency.csv,message_latency,QUIC,10ms,,,12,10645946,10.646,,,,
message_latency.csv,message_latency,QUIC,10ms,,,13,10452652,10.453,,,,
message_latency.csv,message_latency,QUIC,10ms,,,14,10584550,10.585,,,,
message_latency.csv,message_latency,QUIC,10ms,,,15,10528188,10.528,,,,
message_latency.csv,message_latency,QUIC,10ms,,,16,10233868,10.234,,,,
message_latency.csv,message_latency,QUIC,10ms,,,17,10382717,10.383,,,,
message_latency.csv,message_latency,QUIC,10ms,,,18,10228307,10.228,,,,
message_latency.csv,message_latency,QUIC,10ms,,,19,10252789,10.253,,,,
message_latency.csv,message_latency,QUIC,10ms,,,20,10288251,10.288,,,,
message_latency.csv,message_latency,QUIC,10ms,,,21,10536802,10.537,,,,
message_latency.csv,message_latency,QUIC,10ms,,,22,10422657,10.423,,,,
message_latency.csv,message_latency,QUIC,10ms,,,23,10446095,10.446,,,,
message_latency.csv,message_latency,QUIC,10ms,,,24,10336863,10.337,,,,
message_latency.csv,message_latency,QUIC,10ms,,,25,10378278,10.378,,,,
message_latency.csv,message_latency,QUIC,10ms,,,26,10237006,10.237,,,,
message_latency.csv,message_latency,QUIC,10ms,,,27,10513826,10.514,,,,
message_latency.csv,message_latency,QUIC,10ms,,,28,10305383,10.305,,,,
message_latency.csv,message_latency,QUIC,10ms,,,29,10460864,10.461,,,,
message_latency.csv,message_latency,QUIC,10ms,,,30,10423397,10.423,,,,
message_latency.csv,message_latency,QUIC,10ms,,,31,10503964,10.504,,,,
message_latency.csv,message_latency,QUIC,10ms,,,32,10249140,10.249,,,,
message_latency.csv,message_latency,QUIC,10ms,,,33,10229214,10.229,,,,
message_latency.csv,message_latency,QUIC,10ms,,,34,10133113,10.133,,,,
message_latency.csv,message_latency,QUIC,10ms,,,35,10369301,10.369,,,,
message_latency.csv,message_latency,QUIC,10ms,,,36,10303893,10.304,,,,
message_latency.csv,message_latency,QUIC,10ms,,,37,10473719,10.474,,,,
message_latency.csv,message_latency,QUIC,10ms,,,38,10272998,10.273,,,,
message_latency.csv,message_latency,QUIC,10ms,,,39,10301385,10.301,,,,
message_latency.csv,message_latency,QUIC,10ms,,,40,10292184,10.292,,,,
message_latency.csv,message_latency,QUIC,10ms,,,41,10512689,10.513,,,,
message_latency.csv,message_latency,QUIC,10ms,,,42,10362124,10.362,,,,
message_latency.csv,message_latency,QUIC,10ms,,,43,10566003,10.566,,,,
message_latency.csv,message_latency,QUIC,10ms,,,44,10290334,10.290,,,,
message_latency.csv,message_latency,QUIC,10ms,,,45,10500058,10.500,,,,
message_latency.csv,message_latency,QUIC,10ms,,,46,10345272,10.345,,,,
message_latency.csv,message_latency,QUIC,10ms,,,47,10457245,10.457,,,,
message_latency.csv,message_latency,QUIC,10ms,,,48,10370870,10.371,,,,
message_latency.csv,message_latency,QUIC,10ms,,,49,10394305,10.394,,,,
message_latency.csv,message_latency,QUIC,10ms,,,50,10268338,10.268,,,,
message_latency.csv,message_latency,QUIC,10ms,,,51,10609832,10.610,,,,
message_latency.csv,message_latency,QUIC,10ms,,,52,10370987,10.371,,,,
message_latency.csv,message_latency,QUIC,10ms,,,53,10493141,10.493,,,,
message_latency.csv,message_latency,QUIC,10ms,,,54,10306837,10.307,,,,
message_latency.csv,message_latency,QUIC,10ms,,,55,10434640,10.435,,,,
message_latency.csv,message_latency,QUIC,10ms,,,56,10552209,10.552,,,,
message_latency.csv,message_latency,QUIC,10ms,,,57,10504705,10.505,,,,
message_latency.csv,message_latency,QUIC,10ms,,,58,10281299,10.281,,,,
message_latency.csv,message_latency,QUIC,10ms,,,59,10389419,10.389,,,,
message_latency.csv,message_latency,QUIC,10ms,,,60,10267747,10.268,,,,
message_latency.csv,message_latency,QUIC,10ms,,,61,10483909,10.484,,,,
message_latency.csv,message_latency,QUIC,10ms,,,62,10267204,10.267,,,,
message_latency.csv,message_latency,QUIC,10ms,,,63,10447182,10.447,,,,
message_latency.csv,message_latency,QUIC,10ms,,,64,10199465,10.199,,,,
message_latency.csv,message_latency,QUIC,10ms,,,65,10246354,10.246,,,,
message_latency.csv,message_latency,QUIC,10ms,,,66,10105582,10.106,,,,
message_latency.csv,message_latency,QUIC,10ms,,,67,10285845,10.286,,,,
message_latency.csv,message_latency,QUIC,10ms,,,68,10222827,10.223,,,,
message_latency.csv,message_latency,QUIC,10ms,,,69,10124114,10.124,,,,
message_latency.csv,message_latency,QUIC,10ms,,,70,10071054,10.071,,,,
message_latency.csv,message_latency,QUIC,10ms,,,71,10102355,10.102,,,,
message_latency.csv,message_latency,QUIC,10ms,,,72,10073937,10.074,,,,
message_latency.csv,message_latency,QUIC,10ms,,,73,10133869,10.134,,,,
message_latency.csv,message_latency,QUIC,10ms,,,74,10198332,10.198,,,,
message_latency.csv,message_latency,QUIC,10ms,,,75,10417188,10.417,,,,
message_latency.csv,message_latency,QUIC,10ms,,,76,10280657,10.281,,,,
message_latency.csv,message_latency,QUIC,10ms,,,77,10387329,10.387,,,,
message_latency.csv,message_latency,QUIC,10ms,,,78,10198563,10.199,,,,
message_latency.csv,message_latency,QUIC,10ms,,,79,10161160,10.161,,,,
message_latency.csv,message_latency,QUIC,10ms,,,80,10091122,10.091,,,,
message_latency.csv,message_latency,QUIC,10ms,,,81,10320258,10.320,,,,
message_latency.csv,message_latency,QUIC,10ms,,,82,10183919,10.184,,,,
message_latency.csv,message_latency,QUIC,10ms,,,83,10171898,10.172,,,,
message_latency.csv,message_latency,QUIC,10ms,,,84,10203650,10.204,,,,
message_latency.csv,message_latency,QUIC,10ms,,,85,10324229,10.324,,,,
message_latency.csv,message_latency,QUIC,10ms,,,86,10110028,10.110,,,,
message_latency.csv,message_latency,QUIC,10ms,,,87,10322843,10.323,,,,
message_latency.csv,message_latency,QUIC,10ms,,,88,10332817,10.333,,,,
message_latency.csv,message_latency,QUIC,10ms,,,89,10612365,10.612,,,,
message_latency.csv,message_latency,QUIC,10ms,,,90,10321403,10.321,,,,
message_latency.csv,message_latency,QUIC,10ms,,,91,10199900,10.200,,,,
message_latency.csv,message_latency,QUIC,10ms,,,92,10358699,10.359,,,,
message_latency.csv,message_latency,QUIC,10ms,,,93,10316301,10.316,,,,
message_latency.csv,message_latency,QUIC,10ms,,,94,10451496,10.451,,,,
message_latency.csv,message_latency,QUIC,10ms,,,95,10333442,10.333,,,,
message_latency.csv,message_latency,QUIC,10ms,,,96,10335547,10.336,,,,
message_latency.csv,message_latency,QUIC,10ms,,,97,10137799,10.138,,,,
message_latency.csv,message_latency,QUIC,10ms,,,98,10199974,10.200,,,,
message_latency.csv,message_latency,QUIC,10ms,,,99,10142888,10.143,,,,
message_latency.csv,message_latency,QUIC,10ms,,,100,10165485,10.165,,,,
message_latency.csv,message_latency,TCP,50ms,,,1,50301940,50.302,,,,
message_latency.csv,message_latency,TCP,50ms,,,2,50206445,50.206,,,,
message_latency.csv,message_latency,TCP,50ms,,,3,50151075,50.151,,,,
message_latency.csv,message_latency,TCP,50ms,,,4,50113163,50.113,,,,
message_latency.csv,message_latency,TCP,50ms,,,5,50093185,50.093,,,,
message_latency.csv,message_latency,TCP,50ms,,,6,50119441,50.119,,,,
message_latency.csv,message_latency,TCP,50ms,,,7,50115621,50.116,,,,
message_latency.csv,message_latency,TCP,50ms,,,8,50147374,50.147,,,,
message_latency.csv,message_latency,TCP,50ms,,,9,50146177,50.146,,,,
message_latency.csv,message_latency,TCP,50ms,,,10,50155301,50.155,,,,
message_latency.csv,message_latency,TCP,50ms,,,11,50112929,50.113,,,,
message_latency.csv,message_latency,TCP,50ms,,,12,50133463,50.133,,,,
message_latency.csv,message_latency,TCP,50ms,,,13,50169394,50.169,,,,
message_latency.csv,message_latency,TCP,50ms,,,14,50200030,50.200,,,,
message_latency.csv,message_latency,TCP,50ms,,,15,50131948,50.132,,,,
message_latency.csv,message_latency,TCP,50ms,,,16,50147993,50.148,,,,
message_latency.csv,message_latency,TCP,50ms,,,17,50151721,50.152,,,,
message_latency.csv,message_latency,TCP,50ms,,,18,50203133,50.203,,,,
message_latency.csv,message_latency,TCP,50ms,,,19,50234914,50.235,,,,
message_latency.csv,message_latency,TCP,50ms,,,20,50205313,50.205,,,,
message_latency.csv,message_latency,TCP,50ms,,,21,50146435,50.146,,,,
message_latency.csv,message_latency,TCP,50ms,,,22,50209443,50.209,,,,
message_latency.csv,message_latency,TCP,50ms,,,23,50222203,50.222,,,,
message_latency.csv,message_latency,TCP,50ms,,,24,50186120,50.186,,,,
message_latency.csv,message_latency,TCP,50ms,,,25,50169849,50.170,,,,
message_latency.csv,message_latency,TCP,50ms,,,26,50194860,50.195,,,,
message_latency.csv,message_latency,TCP,50ms,,,27,50164266,50.164,,,,
message_latency.csv,message_latency,TCP,50ms,,,28,50183028,50.183,,,,
message_latency.csv,message_latency,TCP,50ms,,,29,50154777,50.155,,,,
message_latency.csv,message_latency,TCP,50ms,,,30,50136455,50.136,,,,
message_latency.csv,message_latency,TCP,50ms,,,31,50213485,50.213,,,,
message_latency.csv,message_latency,TCP,50ms,,,32,50173124,50.173,,,,
message_latency.csv,message_latency,TCP,50ms,,,33,50200832,50.201,,,,
message_latency.csv,message_latency,TCP,50ms,,,34,50181880,50.182,,,,
message_latency.csv,message_latency,TCP,50ms,,,35,50156164,50.156,,,,
message_latency.csv,message_latency,TCP,50ms,,,36,50140561,50.141,,,,
message_latency.csv,message_latency,TCP,50ms,,,37,50145270,50.145,,,,
message_latency.csv,message_latency,TCP,50ms,,,38,50169557,50.170,,,,
message_latency.csv,message_latency,TCP,50ms,,,39,50269660,50.270,,,,
message_latency.csv,message_latency,TCP,50ms,,,40,50735527,50.736,,,,
message_latency.csv,message_latency,TCP,50ms,,,41,50158306,50.158,,,,
message_latency.csv,message_latency,TCP,50ms,,,42,50150903,50.151,,,,
message_latency.csv,message_latency,TCP,50ms,,,43,50141786,50.142,,,,
message_latency.csv,message_latency,TCP,50ms,,,44,50149435,50.149,,,,
message_latency.csv,message_latency,TCP,50ms,,,45,50203805,50.204,,,,
message_latency.csv,message_latency,TCP,50ms,,,46,50132895,50.133,,,,
message_latency.csv,message_latency,TCP,50ms,,,47,50142014,50.142,,,,
message_latency.csv,message_latency,TCP,50ms,,,48,50218873,50.219,,,,
message_latency.csv,message_latency,TCP,50ms,,,49,50147061,50.147,,,,
message_latency.csv,message_latency,TCP,50ms,,,50,50194404,50.194,,,,
message_latency.csv,message_latency,TCP,50ms,,,51,50143119,50.143,,,,
message_latency.csv,message_latency,TCP,50ms,,,52,50160572,50.161,,,,
message_latency.csv,message_latency,TCP,50ms,,,53,50130112,50.130,,,,
message_latency.csv,message_latency,TCP,50ms,,,54,50101749,50.102,,,,
message_latency.csv,message_latency,TCP,50ms,,,55,50124877,50.125,,,,
message_latency.csv,message_latency,TCP,50ms,,,56,50106142,50.106,,,,
message_latency.csv,message_latency,TCP,50ms,,,57,50134132,50.134,,,,
message_latency.csv,message_latency,TCP,50ms,,,58,50096113,50.096,,,,
message_latency.csv,message_latency,TCP,50ms,,,59,50183434,50.183,,,,
message_latency.csv,message_latency,TCP,50ms,,,60,50261397,50.261,,,,
message_latency.csv,message_latency,TCP,50ms,,,61,50211945,50.212,,,,
message_latency.csv,message_latency,TCP,50ms,,,62,50143948,50.144,,,,
message_latency.csv,message_latency,TCP,50ms,,,63,50164770,50.165,,,,
message_latency.csv,message_latency,TCP,50ms,,,64,50145711,50.146,,,,
message_latency.csv,message_latency,TCP,50ms,,,65,50151934,50.152,,,,
message_latency.csv,message_latency,TCP,50ms,,,66,50138887,50.139,,,,
message_latency.csv,message_latency,TCP,50ms,,,67,50197226,50.197,,,,
message_latency.csv,message_latency,TCP,50ms,,,68,50126991,50.127,,,,
message_latency.csv,message_latency,TCP,50ms,,,69,50174249,50.174,,,,
message_latency.csv,message_latency,TCP,50ms,,,70,50137096,50.137,,,,
message_latency.csv,message_latency,TCP,50ms,,,71,50214946,50.215,,,,
message_latency.csv,message_latency,TCP,50ms,,,72,50162720,50.163,,,,
message_latency.csv,message_latency,TCP,50ms,,,73,50151702,50.152,,,,
message_latency.csv,message_latency,TCP,50ms,,,74,50152639,50.153,,,,
message_latency.csv,message_latency,TCP,50ms,,,75,50143978,50.144,,,,
message_latency.csv,message_latency,TCP,50ms,,,76,50118610,50.119,,,,
message_latency.csv,message_latency,TCP,50ms,,,77,50122597,50.123,,,,
message_latency.csv,message_latency,TCP,50ms,,,78,50110098,50.110,,,,
message_latency.csv,message_latency,TCP,50ms,,,79,50200332,50.200,,,,
message_latency.csv,message_latency,TCP,50ms,,,80,50144506,50.145,,,,
message_latency.csv,message_latency,TCP,50ms,,,81,50151471,50.151,,,,
message_latency.csv,message_latency,TCP,50ms,,,82,50112521,50.113,,,,
message_latency.csv,message_latency,TCP,50ms,,,83,50167199,50.167,,,,
message_latency.csv,message_latency,TCP,50ms,,,84,50162640,50.163,,,,
message_latency.csv,message_latency,TCP,50ms,,,85,50169735,50.170,,,,
message_latency.csv,message_latency,TCP,50ms,,,86,50124622,50.125,,,,
message_latency.csv,message_latency,TCP,50ms,,,87,50168788,50.169,,,,
message_latency.csv,message_latency,TCP,50ms,,,88,50164739,50.165,,,,
message_latency.csv,message_latency,TCP,50ms,,,89,50190983,50.191,,,,
message_latency.csv,message_latency,TCP,50ms,,,90,50152515,50.153,,,,
message_latency.csv,message_latency,TCP,50ms,,,91,50206930,50.207,,,,
message_latency.csv,message_latency,TCP,50ms,,,92,50236231,50.236,,,,
message_latency.csv,message_latency,TCP,50ms,,,93,50189722,50.190,,,,
message_latency.csv,message_latency,TCP,50ms,,,94,50132891,50.133,,,,
message_latency.csv,message_latency,TCP,50ms,,,95,50189397,50.189,,,,
message_latency.csv,message_latency,TCP,50ms,,,96,50160182,50.160,,,,
message_latency.csv,message_latency,TCP,50ms,,,97,50190021,50.190,,,,
message_latency.csv,message_latency,TCP,50ms,,,98,50128612,50.129,,,,
message_latency.csv,message_latency,TCP,50ms,,,99,50177925,50.178,,,,
message_latency.csv,message_latency,TCP,50ms,,,100,50208175,50.208,,,,
message_latency.csv,message_latency,QUIC,50ms,,,1,50457684,50.458,,,,
message_latency.csv,message_latency,QUIC,50ms,,,2,50453602,50.454,,,,
message_latency.csv,message_latency,QUIC,50ms,,,3,50420299,50.420,,,,
message_latency.csv,message_latency,QUIC,50ms,,,4,50298285,50.298,,,,
message_latency.csv,message_latency,QUIC,50ms,,,5,50342796,50.343,,,,
message_latency.csv,message_latency,QUIC,50ms,,,6,50279730,50.280,,,,
message_latency.csv,message_latency,QUIC,50ms,,,7,50336162,50.336,,,,
message_latency.csv,message_latency,QUIC,50ms,,,8,50444349,50.444,,,,
message_latency.csv,message_latency,QUIC,50ms,,,9,50472205,50.472,,,,
message_latency.csv,message_latency,QUIC,50ms,,,10,50470928,50.471,,,,
message_latency.csv,message_latency,QUIC,50ms,,,11,50443214,50.443,,,,
message_latency.csv,message_latency,QUIC,50ms,,,12,50468332,50.468,,,,
message_latency.csv,message_latency,QUIC,50ms,,,13,50488374,50.488,,,,
message_latency.csv,message_latency,QUIC,50ms,,,14,50536382,50.536,,,,
message_latency.csv,message_latency,QUIC,50ms,,,15,50569514,50.570,,,,
message_latency.csv,message_latency,QUIC,50ms,,,16,50381967,50.382,,,,
message_latency.csv,message_latency,QUIC,50ms,,,17,50432727,50.433,,,,
message_latency.csv,message_latency,QUIC,50ms,,,18,50394967,50.395,,,,
message_latency.csv,message_latency,QUIC,50ms,,,19,50366840,50.367,,,,
message_latency.csv,message_latency,QUIC,50ms,,,20,50394286,50.394,,,,
message_latency.csv,message_latency,QUIC,50ms,,,21,50457751,50.458,,,,
message_latency.csv,message_latency,QUIC,50ms,,,22,50408146,50.408,,,,
message_latency.csv,message_latency,QUIC,50ms,,,23,50509075,50.509,,,,
message_latency.csv,message_latency,QUIC,50ms,,,24,50390427,50.390,,,,
message_latency.csv,message_latency,QUIC,50ms,,,25,50456715,50.457,,,,
message_latency.csv,message_latency,QUIC,50ms,,,26,50334650,50.335,,,,
message_latency.csv,message_latency,QUIC,50ms,,,27,50388301,50.388,,,,
message_latency.csv,message_latency,QUIC,50ms,,,28,50286000,50.286,,,,
message_latency.csv,message_latency,QUIC,50ms,,,29,50243731,50.244,,,,
message_latency.csv,message_latency,QUIC,50ms,,,30,50447635,50.448,,,,
message_latency.csv,message_latency,QUIC,50ms,,,31,50493931,50.494,,,,
message_latency.csv,message_latency,QUIC,50ms,,,32,50283521,50.284,,,,
message_latency.csv,message_latency,QUIC,50ms,,,33,50388939,50.389,,,,
message_latency.csv,message_latency,QUIC,50ms,,,34,50333343,50.333,,,,
message_latency.csv,message_latency,QUIC,50ms,,,35,50362742,50.363,,,,
message_latency.csv,message_latency,QUIC,50ms,,,36,50462952,50.463,,,,
message_latency.csv,message_latency,QUIC,50ms,,,37,50432443,50.432,,,,
message_latency.csv,message_latency,QUIC,50ms,,,38,50351768,50.352,,,,
message_latency.csv,message_latency,QUIC,50ms,,,39,50340278,50.340,,,,
message_latency.csv,message_latency,QUIC,50ms,,,40,50274608,50.275,,,,
message_latency.csv,message_latency,QUIC,50ms,,,41,50267924,50.268,,,,
message_latency.csv,message_latency,QUIC,50ms,,,42,50303163,50.303,,,,
message_latency.csv,message_latency,QUIC,50ms,,,43,50331837,50.332,,,,
message_latency.csv,message_latency,QUIC,50ms,,,44,50248063,50.248,,,,
message_latency.csv,message_latency,QUIC,50ms,,,45,50272947,50.273,,,,
message_latency.csv,message_latency,QUIC,50ms,,,46,50466613,50.467,,,,
message_latency.csv,message_latency,QUIC,50ms,,,47,50353071,50.353,,,,
message_latency.csv,message_latency,QUIC,50ms,,,48,50258301,50.258,,,,
message_latency.csv,message_latency,QUIC,50ms,,,49,50349256,50.349,,,,
message_latency.csv,message_latency,QUIC,50ms,,,50,50369302,50.369,,,,
message_latency.csv,message_latency,QUIC,50ms,,,51,50432598,50.433,,,,
message_latency.csv,message_latency,QUIC,50ms,,,52,50365152,50.365,,,,
message_latency.csv,message_latency,QUIC,50ms,,,53,50349372,50.349,,,,
message_latency.csv,message_latency,QUIC,50ms,,,54,50451957,50.452,,,,
message_latency.csv,message_latency,QUIC,50ms,,,55,50441390,50.441,,,,
message_latency.csv,message_latency,QUIC,50ms,,,56,50365556,50.366,,,,
message_latency.csv,message_latency,QUIC,50ms,,,57,50522763,50.523,,,,
message_latency.csv,message_latency,QUIC,50ms,,,58,50416669,50.417,,,,
message_latency.csv,message_latency,QUIC,50ms,,,59,50549065,50.549,,,,
message_latency.csv,message_latency,QUIC,50ms,,,60,50425598,50.426,,,,
message_latency.csv,message_latency,QUIC,50ms,,,61,50357318,50.357,,,,
message_latency.csv,message_latency,QUIC,50ms,,,62,50589992,50.590,,,,
message_latency.csv,message_latency,QUIC,50ms,,,63,50390283,50.390,,,,
message_latency.csv,message_latency,QUIC,50ms,,,64,50243618,50.244,,,,
message_latency.csv,message_latency,QUIC,50ms,,,65,50400026,50.400,,,,
message_latency.csv,message_latency,QUIC,50ms,,,66,50345230,50.345,,,,
message_latency.csv,message_latency,QUIC,50ms,,,67,50367771,50.368,,,,
message_latency.csv,message_latency,QUIC,50ms,,,68,50315795,50.316,,,,
message_latency.csv,message_latency,QUIC,50ms,,,69,50255048,50.255,,,,
message_latency.csv,message_latency,QUIC,50ms,,,70,50309255,50.309,,,,
message_latency.csv,message_latency,QUIC,50ms,,,71,50392905,50.393,,,,
message_latency.csv,message_latency,QUIC,50ms,,,72,50268476,50.268,,,,
message_latency.csv,message_latency,QUIC,50ms,,,73,50470532,50.471,,,,
message_latency.csv,message_latency,QUIC,50ms,,,74,50367315,50.367,,,,
message_latency.csv,message_latency,QUIC,50ms,,,75,50300733,50.301,,,,
message_latency.csv,message_latency,QUIC,50ms,,,76,50271899,50.272,,,,
message_latency.csv,message_latency,QUIC,50ms,,,77,50365300,50.365,,,,
message_latency.csv,message_latency,QUIC,50ms,,,78,50382247,50.382,,,,
message_latency.csv,message_latency,QUIC,50ms,,,79,50408622,50.409,,,,
message_latency.csv,message_latency,QUIC,50ms,,,80,50409888,50.410,,,,
message_latency.csv,message_latency,QUIC,50ms,,,81,50491122,50.491,,,,
message_latency.csv,message_latency,QUIC,50ms,,,82,50374301,50.374,,,,
message_latency.csv,message_latency,QUIC,50ms,,,83,50405832,50.406,,,,
message_latency.csv,message_latency,QUIC,50ms,,,84,50208578,50.209,,,,
message_latency.csv,message_latency,QUIC,50ms,,,85,50479988,50.480,,,,
message_latency.csv,message_latency,QUIC,50ms,,,86,50615907,50.616,,,,
message_latency.csv,message_latency,QUIC,50ms,,,87,50367897,50.368,,,,
message_latency.csv,message_latency,QUIC,50ms,,,88,50469001,50.469,,,,
message_latency.csv,message_latency,QUIC,50ms,,,89,50691206,50.691,,,,
message_latency.csv,message_latency,QUIC,50ms,,,90,50512711,50.513,,,,
message_latency.csv,message_latency,QUIC,50ms,,,91,50435701,50.436,,,,
message_latency.csv,message_latency,QUIC,50ms,,,92,50442386,50.442,,,,
message_latency.csv,message_latency,QUIC,50ms,,,93,50400239,50.400,,,,
message_latency.csv,message_latency,QUIC,50ms,,,94,50460982,50.461,,,,
message_latency.csv,message_latency,QUIC,50ms,,,95,50436061,50.436,,,,
message_latency.csv,message_latency,QUIC,50ms,,,96,50360444,50.360,,,,
message_latency.csv,message_latency,QUIC,50ms,,,97,50502754,50.503,,,,
message_latency.csv,message_latency,QUIC,50ms,,,98,50432707,50.433,,,,
message_latency.csv,message_latency,QUIC,50ms,,,99,50388720,50.389,,,,
message_latency.csv,message_latency,QUIC,50ms,,,100,50368462,50.368,,,,
message_latency.csv,message_latency,TCP,jitter_30ms,,,1,41052639,41.053,,,,
message_latency.csv,message_latency,TCP,jitter_30ms,,,2,35318354,35.318,,,,
message_latency.csv,message_latency,TCP,jitter_30ms,,,3,40601452,40.601,,,,
message_latency.csv,message_latency,TCP,jitter_30ms,,,4,20425155,20.425,,,,
message_latency.csv,message_latency,TCP,jitter_30ms,,,5,8065000,8.065,,,,
message_latency.csv,message_latency,TCP,jitter_30ms,,,6,29393431,29.393,,,,
message_latency.csv,message_latency,TCP,jitter_30ms,,,7,23221045,23.221,,,,
message_latency.csv,message_latency,TCP,jitter_30ms,,,8,4065572,4.066,,,,
message_latency.csv,message_latency,TCP,jitter_30ms,,,9,32472625,32.473,,,,
message_latency.csv,message_latency,TCP,jitter_30ms,,,10,27339124,27.339,,,,
message_latency.csv,message_latency,TCP,jitter_30ms,,,11,46345322,46.345,,,,
message_latency.csv,message_latency,TCP,jitter_30ms,,,12,22692791,22.693,,,,
message_latency.csv,message_latency,TCP,jitter_30ms,,,13,33798277,33.798,,,,
message_latency.csv,message_latency,TCP,jitter_30ms,,,14,49619532,49.620,,,,
message_latency.csv,message_latency,TCP,jitter_30ms,,,15,41438931,41.439,,,,
message_latency.csv,message_latency,TCP,jitter_30ms,,,16,25613694,25.614,,,,
message_latency.csv,message_latency,TCP,jitter_30ms,,,17,39031237,39.031,,,,
message_latency.csv,message_latency,TCP,jitter_30ms,,,18,27288269,27.288,,,,
message_latency.csv,message_latency,TCP,jitter_30ms,,,19,25021160,25.021,,,,
message_latency.csv,message_latency,TCP,jitter_30ms,,,20,47772975,47.773,,,,
message_latency.csv,message_latency,TCP,jitter_30ms,,,21,68023366,68.023,,,,
message_latency.csv,message_latency,TCP,jitter_30ms,,,22,32618243,32.618,,,,
message_latency.csv,message_latency,TCP,jitter_30ms,,,23,43040000,43.040,,,,
message_latency.csv,message_latency,TCP,jitter_30ms,,,24,43433234,43.433,,,,
message_latency.csv,message_latency,TCP,jitter_30ms,,,25,49569217,49.569,,,,
message_latency.csv,message_latency,TCP,jitter_30ms,,,26,38809203,38.809,,,,
message_latency.csv,message_latency,TCP,jitter_30ms,,,27,49429949,49.430,,,,
message_latency.csv,message_latency,TCP,jitter_30ms,,,28,13452098,13.452,,,,
message_latency.csv,message_latency,TCP,jitter_30ms,,,29,26684348,26.684,,,,
message_latency.csv,message_latency,TCP,jitter_30ms,,,30,33362510,33.363,,,,
message_latency.csv,message_latency,TCP,jitter_30ms,,,31,5645809,5.646,,,,
message_latency.csv,message_latency,TCP,jitter_30ms,,,32,15772154,15.772,,,,
message_latency.csv,message_latency,TCP,jitter_30ms,,,33,21879988,21.880,,,,
message_latency.csv,message_latency,TCP,jitter_30ms,,,34,33013012,33.013,,,,
message_latency.csv,message_latency,TCP,jitter_30ms,,,35,26527074,26.527,,,,
message_latency.csv,message_latency,TCP,jitter_30ms,,,36,48596148,48.596,,,,
message_latency.csv,message_latency,TCP,jitter_30ms,,,37,30622363,30.622,,,,
message_latency.csv,message_latency,TCP,jitter_30ms,,,38,4306033,4.306,,,,
message_latency.csv,message_latency,TCP,jitter_30ms,,,39,41613164,41.613,,,,
message_latency.csv,message_latency,TCP,jitter_30ms,,,40,81813067,81.813,,,,
message_latency.csv,message_latency,TCP,jitter_30ms,,,41,46112727,46.113,,,,
message_latency.csv,message_latency,TCP,jitter_30ms,,,42,44044522,44.045,,,,
message_latency.csv,message_latency,TCP,jitter_30ms,,,43,60594646,60.595,,,,
message_latency.csv,message_latency,TCP,jitter_30ms,,,44,21668570,21.669,,,,
message_latency.csv,message_latency,TCP,jitter_30ms,,,45,10020667,10.021,,,,
message_latency.csv,message_latency,TCP,jitter_30ms,,,46,18843345,18.843,,,,
message_latency.csv,message_latency,TCP,jitter_30ms,,,47,23499600,23.500,,,,
message_latency.csv,message_latency,TCP,jitter_30ms,,,48,32166756,32.167,,,,
message_latency.csv,message_latency,TCP,jitter_30ms,,,49,96552697,96.553,,,,
message_latency.csv,message_latency,TCP,jitter_30ms,,,50,37619461,37.619,,,,
message_latency.csv,message_latency,TCP,jitter_30ms,,,51,32323303,32.323,,,,
message_latency.csv,message_latency,TCP,jitter_30ms,,,52,40810612,40.811,,,,
message_latency.csv,message_latency,TCP,jitter_30ms,,,53,33851949,33.852,,,,
message_latency.csv,message_latency,TCP,jitter_30ms,,,54,8047676,8.048,,,,
message_latency.csv,message_latency,TCP,jitter_30ms,,,55,28698139,28.698,,,,
message_latency.csv,message_latency,TCP,jitter_30ms,,,56,11646534,11.647,,,,
message_latency.csv,message_latency,TCP,jitter_30ms,,,57,47507927,47.508,,,,
message_latency.csv,message_latency,TCP,jitter_30ms,,,58,20382375,20.382,,,,
message_latency.csv,message_latency,TCP,jitter_30ms,,,59,37598320,37.598,,,,
message_latency.csv,message_latency,TCP,jitter_30ms,,,60,53604036,53.604,,,,
message_latency.csv,message_latency,TCP,jitter_30ms,,,61,25192628,25.193,,,,
message_latency.csv,message_latency,TCP,jitter_30ms,,,62,16948005,16.948,,,,
message_latency.csv,message_latency,TCP,jitter_30ms,,,63,26486096,26.486,,,,
message_latency.csv,message_latency,TCP,jitter_30ms,,,64,29969653,29.970,,,,
message_latency.csv,message_latency,TCP,jitter_30ms,,,65,41697529,41.698,,,,
message_latency.csv,message_latency,TCP,jitter_30ms,,,66,37155088,37.155,,,,
message_latency.csv,message_latency,TCP,jitter_30ms,,,67,47246948,47.247,,,,
message_latency.csv,message_latency,TCP,jitter_30ms,,,68,18362383,18.362,,,,
message_latency.csv,message_latency,TCP,jitter_30ms,,,69,73983584,73.984,,,,
message_latency.csv,message_latency,TCP,jitter_30ms,,,70,42067497,42.067,,,,
message_latency.csv,message_latency,TCP,jitter_30ms,,,71,28074934,28.075,,,,
message_latency.csv,message_latency,TCP,jitter_30ms,,,72,41223989,41.224,,,,
message_latency.csv,message_latency,TCP,jitter_30ms,,,73,48464882,48.465,,,,
message_latency.csv,message_latency,TCP,jitter_30ms,,,74,13669665,13.670,,,,
message_latency.csv,message_latency,TCP,jitter_30ms,,,75,25624580,25.625,,,,
message_latency.csv,message_latency,TCP,jitter_30ms,,,76,41328555,41.329,,,,
message_latency.csv,message_latency,TCP,jitter_30ms,,,77,40833927,40.834,,,,
message_latency.csv,message_latency,TCP,jitter_30ms,,,78,40505049,40.505,,,,
message_latency.csv,message_latency,TCP,jitter_30ms,,,79,41058235,41.058,,,,
message_latency.csv,message_latency,TCP,jitter_30ms,,,80,34419091,34.419,,,,
message_latency.csv,message_latency,TCP,jitter_30ms,,,81,31078972,31.079,,,,
message_latency.csv,message_latency,TCP,jitter_30ms,,,82,30926568,30.927,,,,
message_latency.csv,message_latency,TCP,jitter_30ms,,,83,29828988,29.829,,,,
message_latency.csv,message_latency,TCP,jitter_30ms,,,84,60915165,60.915,,,,
message_latency.csv,message_latency,TCP,jitter_30ms,,,85,45448980,45.449,,,,
message_latency.csv,message_latency,TCP,jitter_30ms,,,86,42210988,42.211,,,,
message_latency.csv,message_latency,TCP,jitter_30ms,,,87,27497302,27.497,,,,
message_latency.csv,message_latency,TCP,jitter_30ms,,,88,35452493,35.452,,,,
message_latency.csv,message_latency,TCP,jitter_30ms,,,89,38671526,38.672,,,,
message_latency.csv,message_latency,TCP,jitter_30ms,,,90,18578873,18.579,,,,
message_latency.csv,message_latency,TCP,jitter_30ms,,,91,47113221,47.113,,,,
message_latency.csv,message_latency,TCP,jitter_30ms,,,92,79459439,79.459,,,,
message_latency.csv,message_latency,TCP,jitter_30ms,,,93,20134370,20.134,,,,
message_latency.csv,message_latency,TCP,jitter_30ms,,,94,25298823,25.299,,,,
message_latency.csv,message_latency,TCP,jitter_30ms,,,95,47420304,47.420,,,,
message_latency.csv,message_latency,TCP,jitter_30ms,,,96,43589288,43.589,,,,
message_latency.csv,message_latency,TCP,jitter_30ms,,,97,47949300,47.949,,,,
message_latency.csv,message_latency,TCP,jitter_30ms,,,98,19542214,19.542,,,,
message_latency.csv,message_latency,TCP,jitter_30ms,,,99,33322701,33.323,,,,
message_latency.csv,message_latency,TCP,jitter_30ms,,,100,81540591,81.541,,,,
message_latency.csv,message_latency,QUIC,jitter_30ms,,,1,28187169,28.187,,,,
message_latency.csv,message_latency,QUIC,jitter_30ms,,,2,19566831,19.567,,,,
message_latency.csv,message_latency,QUIC,jitter_30ms,,,3,16310832,16.311,,,,
message_latency.csv,message_latency,QUIC,jitter_30ms,,,4,21511007,21.511,,,,
message_latency.csv,message_latency,QUIC,jitter_30ms,,,5,2836508,2.837,,,,
message_latency.csv,message_latency,QUIC,jitter_30ms,,,6,12377920,12.378,,,,
message_latency.csv,message_latency,QUIC,jitter_30ms,,,7,149382,0.149,,,,
message_latency.csv,message_latency,QUIC,jitter_30ms,,,8,133622,0.134,,,,
message_latency.csv,message_latency,QUIC,jitter_30ms,,,9,48621953,48.622,,,,
message_latency.csv,message_latency,QUIC,jitter_30ms,,,10,19951561,19.952,,,,
message_latency.csv,message_latency,QUIC,jitter_30ms,,,11,33861367,33.861,,,,
message_latency.csv,message_latency,QUIC,jitter_30ms,,,12,31233229,31.233,,,,
message_latency.csv,message_latency,QUIC,jitter_30ms,,,13,6826663,6.827,,,,
message_latency.csv,message_latency,QUIC,jitter_30ms,,,14,46956624,46.957,,,,
message_latency.csv,message_latency,QUIC,jitter_30ms,,,15,218239,0.218,,,,
message_latency.csv,message_latency,QUIC,jitter_30ms,,,16,30393234,30.393,,,,
message_latency.csv,message_latency,QUIC,jitter_30ms,,,17,39127384,39.127,,,,
message_latency.csv,message_latency,QUIC,jitter_30ms,,,18,8574051,8.574,,,,
message_latency.csv,message_latency,QUIC,jitter_30ms,,,19,31142810,31.143,,,,
message_latency.csv,message_latency,QUIC,jitter_30ms,,,20,39866765,39.867,,,,
message_latency.csv,message_latency,QUIC,jitter_30ms,,,21,43891356,43.891,,,,
message_latency.csv,message_latency,QUIC,jitter_30ms,,,22,26928018,26.928,,,,
message_latency.csv,message_latency,QUIC,jitter_30ms,,,23,478702,0.479,,,,
message_latency.csv,message_latency,QUIC,jitter_30ms,,,24,40104321,40.104,,,,
message_latency.csv,message_latency,QUIC,jitter_30ms,,,25,17309954,17.310,,,,
message_latency.csv,message_latency,QUIC,jitter_30ms,,,26,29679045,29.679,,,,
message_latency.csv,message_latency,QUIC,jitter_30ms,,,27,18992894,18.993,,,,
message_latency.csv,message_latency,QUIC,jitter_30ms,,,28,2356826,2.357,,,,
message_latency.csv,message_latency,QUIC,jitter_30ms,,,29,5617011,5.617,,,,
message_latency.csv,message_latency,QUIC,jitter_30ms,,,30,19642908,19.643,,,,
message_latency.csv,message_latency,QUIC,jitter_30ms,,,31,43785985,43.786,,,,
message_latency.csv,message_latency,QUIC,jitter_30ms,,,32,25076526,25.077,,,,
message_latency.csv,message_latency,QUIC,jitter_30ms,,,33,34109032,34.109,,,,
message_latency.csv,message_latency,QUIC,jitter_30ms,,,34,7904083,7.904,,,,
message_latency.csv,message_latency,QUIC,jitter_30ms,,,35,14825406,14.825,,,,
message_latency.csv,message_latency,QUIC,jitter_30ms,,,36,36338157,36.338,,,,
message_latency.csv,message_latency,QUIC,jitter_30ms,,,37,19910118,19.910,,,,
message_latency.csv,message_latency,QUIC,jitter_30ms,,,38,21762204,21.762,,,,
message_latency.csv,message_latency,QUIC,jitter_30ms,,,39,9429426,9.429,,,,
message_latency.csv,message_latency,QUIC,jitter_30ms,,,40,253794,0.254,,,,
message_latency.csv,message_latency,QUIC,jitter_30ms,,,41,35761953,35.762,,,,
message_latency.csv,message_latency,QUIC,jitter_30ms,,,42,4343064,4.343,,,,
message_latency.csv,message_latency,QUIC,jitter_30ms,,,43,178442,0.178,,,,
message_latency.csv,message_latency,QUIC,jitter_30ms,,,44,7642252,7.642,,,,
message_latency.csv,message_latency,QUIC,jitter_30ms,,,45,170334,0.170,,,,
message_latency.csv,message_latency,QUIC,jitter_30ms,,,46,42499939,42.500,,,,
message_latency.csv,message_latency,QUIC,jitter_30ms,,,47,23935409,23.935,,,,
message_latency.csv,message_latency,QUIC,jitter_30ms,,,48,849828,0.850,,,,
message_latency.csv,message_latency,QUIC,jitter_30ms,,,49,15569356,15.569,,,,
message_latency.csv,message_latency,QUIC,jitter_30ms,,,50,310082,0.310,,,,
message_latency.csv,message_latency,QUIC,jitter_30ms,,,51,46959605,46.960,,,,
message_latency.csv,message_latency,QUIC,jitter_30ms,,,52,44342019,44.342,,,,
message_latency.csv,message_latency,QUIC,jitter_30ms,,,53,20306727,20.307,,,,
message_latency.csv,message_latency,QUIC,jitter_30ms,,,54,3721744,3.722,,,,
message_latency.csv,message_latency,QUIC,jitter_30ms,,,55,14112585,14.113,,,,
message_latency.csv,message_latency,QUIC,jitter_30ms,,,56,15016299,15.016,,,,
message_latency.csv,message_latency,QUIC,jitter_30ms,,,57,49420237,49.420,,,,
message_latency.csv,message_latency,QUIC,jitter_30ms,,,58,46561921,46.562,,,,
message_latency.csv,message_latency,QUIC,jitter_30ms,,,59,40932379,40.932,,,,
message_latency.csv,message_latency,QUIC,jitter_30ms,,,60,31489164,31.489,,,,
message_latency.csv,message_latency,QUIC,jitter_30ms,,,61,49502318,49.502,,,,
message_latency.csv,message_latency,QUIC,jitter_30ms,,,62,321314,0.321,,,,
message_latency.csv,message_latency,QUIC,jitter_30ms,,,63,136424,0.136,,,,
message_latency.csv,message_latency,QUIC,jitter_30ms,,,64,258002,0.258,,,,
message_latency.csv,message_latency,QUIC,jitter_30ms,,,65,11623030,11.623,,,,
message_latency.csv,message_latency,QUIC,jitter_30ms,,,66,31232647,31.233,,,,
message_latency.csv,message_latency,QUIC,jitter_30ms,,,67,16412838,16.413,,,,
message_latency.csv,message_latency,QUIC,jitter_30ms,,,68,444527,0.445,,,,
message_latency.csv,message_latency,QUIC,jitter_30ms,,,69,361575,0.362,,,,
message_latency.csv,message_latency,QUIC,jitter_30ms,,,70,9494715,9.495,,,,
message_latency.csv,message_latency,QUIC,jitter_30ms,,,71,22414080,22.414,,,,
message_latency.csv,message_latency,QUIC,jitter_30ms,,,72,6717095,6.717,,,,
message_latency.csv,message_latency,QUIC,jitter_30ms,,,73,292268,0.292,,,,
message_latency.csv,message_latency,QUIC,jitter_30ms,,,74,25989222,25.989,,,,
message_latency.csv,message_latency,QUIC,jitter_30ms,,,75,42057488,42.057,,,,
message_latency.csv,message_latency,QUIC,jitter_30ms,,,76,46245090,46.245,,,,
message_latency.csv,message_latency,QUIC,jitter_30ms,,,77,4819366,4.819,,,,
message_latency.csv,message_latency,QUIC,jitter_30ms,,,78,13579796,13.580,,,,
message_latency.csv,message_latency,QUIC,jitter_30ms,,,79,47422155,47.422,,,,
message_latency.csv,message_latency,QUIC,jitter_30ms,,,80,7573739,7.574,,,,
message_latency.csv,message_latency,QUIC,jitter_30ms,,,81,14854003,14.854,,,,
message_latency.csv,message_latency,QUIC,jitter_30ms,,,82,45631882,45.632,,,,
message_latency.csv,message_latency,QUIC,jitter_30ms,,,83,45014363,45.014,,,,
message_latency.csv,message_latency,QUIC,jitter_30ms,,,84,49173916,49.174,,,,
message_latency.csv,message_latency,QUIC,jitter_30ms,,,85,495274,0.495,,,,
message_latency.csv,message_latency,QUIC,jitter_30ms,,,86,49704255,49.704,,,,
message_latency.csv,message_latency,QUIC,jitter_30ms,,,87,40921261,40.921,,,,
message_latency.csv,message_latency,QUIC,jitter_30ms,,,88,27307999,27.308,,,,
message_latency.csv,message_latency,QUIC,jitter_30ms,,,89,416660,0.417,,,,
message_latency.csv,message_latency,QUIC,jitter_30ms,,,90,45667065,45.667,,,,
message_latency.csv,message_latency,QUIC,jitter_30ms,,,91,45728675,45.729,,,,
message_latency.csv,message_latency,QUIC,jitter_30ms,,,92,15302938,15.303,,,,
message_latency.csv,message_latency,QUIC,jitter_30ms,,,93,48219588,48.220,,,,
message_latency.csv,message_latency,QUIC,jitter_30ms,,,94,38795070,38.795,,,,
message_latency.csv,message_latency,QUIC,jitter_30ms,,,95,17265818,17.266,,,,
message_latency.csv,message_latency,QUIC,jitter_30ms,,,96,390210,0.390,,,,
message_latency.csv,message_latency,QUIC,jitter_30ms,,,97,41527854,41.528,,,,
message_latency.csv,message_latency,QUIC,jitter_30ms,,,98,10774166,10.774,,,,
message_latency.csv,message_latency,QUIC,jitter_30ms,,,99,38066011,38.066,,,,
message_latency.csv,message_latency,QUIC,jitter_30ms,,,100,19834536,19.835,,,,
message_latency.csv,message_latency,TCP,1pct_loss,,,1,11919358,11.919,,,,
message_latency.csv,message_latency,TCP,1pct_loss,,,2,10334523,10.335,,,,
message_latency.csv,message_latency,TCP,1pct_loss,,,3,10186986,10.187,,,,
message_latency.csv,message_latency,TCP,1pct_loss,,,4,10166425,10.166,,,,
message_latency.csv,message_latency,TCP,1pct_loss,,,5,10131309,10.131,,,,
message_latency.csv,message_latency,TCP,1pct_loss,,,6,10081051,10.081,,,,
message_latency.csv,message_latency,TCP,1pct_loss,,,7,10073715,10.074,,,,
message_latency.csv,message_latency,TCP,1pct_loss,,,8,10140589,10.141,,,,
message_latency.csv,message_latency,TCP,1pct_loss,,,9,10109269,10.109,,,,
message_latency.csv,message_latency,TCP,1pct_loss,,,10,10176281,10.176,,,,
message_latency.csv,message_latency,TCP,1pct_loss,,,11,10171846,10.172,,,,
message_latency.csv,message_latency,TCP,1pct_loss,,,12,10134157,10.134,,,,
message_latency.csv,message_latency,TCP,1pct_loss,,,13,10093226,10.093,,,,
message_latency.csv,message_latency,TCP,1pct_loss,,,14,10086343,10.086,,,,
message_latency.csv,message_latency,TCP,1pct_loss,,,15,10090836,10.091,,,,
message_latency.csv,message_latency,TCP,1pct_loss,,,16,10112103,10.112,,,,
message_latency.csv,message_latency,TCP,1pct_loss,,,17,10080249,10.080,,,,
message_latency.csv,message_latency,TCP,1pct_loss,,,18,10092010,10.092,,,,
message_latency.csv,message_latency,TCP,1pct_loss,,,19,10103935,10.104,,,,
message_latency.csv,message_latency,TCP,1pct_loss,,,20,10129000,10.129,,,,
message_latency.csv,message_latency,TCP,1pct_loss,,,21,10121464,10.121,,,,
message_latency.csv,message_latency,TCP,1pct_loss,,,22,10099220,10.099,,,,
message_latency.csv,message_latency,TCP,1pct_loss,,,23,10094236,10.094,,,,
message_latency.csv,message_latency,TCP,1pct_loss,,,24,10105528,10.106,,,,
message_latency.csv,message_latency,TCP,1pct_loss,,,25,10084608,10.085,,,,
message_latency.csv,message_latency,TCP,1pct_loss,,,26,10100832,10.101,,,,
message_latency.csv,message_latency,TCP,1pct_loss,,,27,10100807,10.101,,,,
message_latency.csv,message_latency,TCP,1pct_loss,,,28,10126375,10.126,,,,
message_latency.csv,message_latency,TCP,1pct_loss,,,29,10109984,10.110,,,,
message_latency.csv,message_latency,TCP,1pct_loss,,,30,10094730,10.095,,,,
message_latency.csv,message_latency,TCP,1pct_loss,,,31,10098799,10.099,,,,
message_latency.csv,message_latency,TCP,1pct_loss,,,32,10098497,10.098,,,,
message_latency.csv,message_latency,TCP,1pct_loss,,,33,10121514,10.122,,,,
message_latency.csv,message_latency,TCP,1pct_loss,,,34,10134233,10.134,,,,
message_latency.csv,message_latency,TCP,1pct_loss,,,35,10124430,10.124,,,,
message_latency.csv,message_latency,TCP,1pct_loss,,,36,10091861,10.092,,,,
message_latency.csv,message_latency,TCP,1pct_loss,,,37,10084684,10.085,,,,
message_latency.csv,message_latency,TCP,1pct_loss,,,38,10145912,10.146,,,,
message_latency.csv,message_latency,TCP,1pct_loss,,,39,10101636,10.102,,,,
message_latency.csv,message_latency,TCP,1pct_loss,,,40,10099314,10.099,,,,
message_latency.csv,message_latency,TCP,1pct_loss,,,41,10086523,10.087,,,,
message_latency.csv,message_latency,TCP,1pct_loss,,,42,10084345,10.084,,,,
message_latency.csv,message_latency,TCP,1pct_loss,,,43,10090798,10.091,,,,
message_latency.csv,message_latency,TCP,1pct_loss,,,44,10084631,10.085,,,,
message_latency.csv,message_latency,TCP,1pct_loss,,,45,10092639,10.093,,,,
message_latency.csv,message_latency,TCP,1pct_loss,,,46,10088134,10.088,,,,
message_latency.csv,message_latency,TCP,1pct_loss,,,47,10082215,10.082,,,,
message_latency.csv,message_latency,TCP,1pct_loss,,,48,10113249,10.113,,,,
message_latency.csv,message_latency,TCP,1pct_loss,,,49,10126500,10.127,,,,
message_latency.csv,message_latency,TCP,1pct_loss,,,50,10155892,10.156,,,,
message_latency.csv,message_latency,TCP,1pct_loss,,,51,10359536,10.360,,,,
message_latency.csv,message_latency,TCP,1pct_loss,,,52,10110045,10.110,,,,
message_latency.csv,message_latency,TCP,1pct_loss,,,53,10248283,10.248,,,,
message_latency.csv,message_latency,TCP,1pct_loss,,,54,10203004,10.203,,,,
message_latency.csv,message_latency,TCP,1pct_loss,,,55,10288690,10.289,,,,
message_latency.csv,message_latency,TCP,1pct_loss,,,56,10123778,10.124,,,,
message_latency.csv,message_latency,TCP,1pct_loss,,,57,10100239,10.100,,,,
message_latency.csv,message_latency,TCP,1pct_loss,,,58,10111462,10.111,,,,
message_latency.csv,message_latency,TCP,1pct_loss,,,59,10129555,10.130,,,,
message_latency.csv,message_latency,TCP,1pct_loss,,,60,10110527,10.111,,,,
message_latency.csv,message_latency,TCP,1pct_loss,,,61,10124615,10.125,,,,
message_latency.csv,message_latency,TCP,1pct_loss,,,62,10093863,10.094,,,,
message_latency.csv,message_latency,TCP,1pct_loss,,,63,10073905,10.074,,,,
message_latency.csv,message_latency,TCP,1pct_loss,,,64,10090263,10.090,,,,
message_latency.csv,message_latency,TCP,1pct_loss,,,65,10115435,10.115,,,,
message_latency.csv,message_latency,TCP,1pct_loss,,,66,10089445,10.089,,,,
message_latency.csv,message_latency,TCP,1pct_loss,,,67,10098800,10.099,,,,
message_latency.csv,message_latency,TCP,1pct_loss,,,68,10113191,10.113,,,,
message_latency.csv,message_latency,TCP,1pct_loss,,,69,10084182,10.084,,,,
message_latency.csv,message_latency,TCP,1pct_loss,,,70,10081250,10.081,,,,
message_latency.csv,message_latency,TCP,1pct_loss,,,71,10086152,10.086,,,,
message_latency.csv,message_latency,TCP,1pct_loss,,,72,10071982,10.072,,,,
message_latency.csv,message_latency,TCP,1pct_loss,,,73,10075395,10.075,,,,
message_latency.csv,message_latency,TCP,1pct_loss,,,74,10076735,10.077,,,,
message_latency.csv,message_latency,TCP,1pct_loss,,,75,10087063,10.087,,,,
message_latency.csv,message_latency,TCP,1pct_loss,,,76,10090299,10.090,,,,
message_latency.csv,message_latency,TCP,1pct_loss,,,77,10086735,10.087,,,,
message_latency.csv,message_latency,TCP,1pct_loss,,,78,10083345,10.083,,,,
message_latency.csv,message_latency,TCP,1pct_loss,,,79,10078804,10.079,,,,
message_latency.csv,message_latency,TCP,1pct_loss,,,80,10073309,10.073,,,,
message_latency.csv,message_latency,TCP,1pct_loss,,,81,34791295,34.791,,,,
message_latency.csv,message_latency,TCP,1pct_loss,,,82,19994071,19.994,,,,
message_latency.csv,message_latency,TCP,1pct_loss,,,83,10281776,10.282,,,,
message_latency.csv,message_latency,TCP,1pct_loss,,,84,10202471,10.202,,,,
message_latency.csv,message_latency,TCP,1pct_loss,,,85,10117905,10.118,,,,
message_latency.csv,message_latency,TCP,1pct_loss,,,86,10078262,10.078,,,,
message_latency.csv,message_latency,TCP,1pct_loss,,,87,10086518,10.087,,,,
message_latency.csv,message_latency,TCP,1pct_loss,,,88,257172040,257.172,,,,
message_latency.csv,message_latency,TCP,1pct_loss,,,89,10217301,10.217,,,,
message_latency.csv,message_latency,TCP,1pct_loss,,,90,10202971,10.203,,,,
message_latency.csv,message_latency,TCP,1pct_loss,,,91,10126030,10.126,,,,
message_latency.csv,message_latency,TCP,1pct_loss,,,92,10109961,10.110,,,,
message_latency.csv,message_latency,TCP,1pct_loss,,,93,10108376,10.108,,,,
message_latency.csv,message_latency,TCP,1pct_loss,,,94,10160780,10.161,,,,
message_latency.csv,message_latency,TCP,1pct_loss,,,95,10267455,10.267,,,,
message_latency.csv,message_latency,TCP,1pct_loss,,,96,10160671,10.161,,,,
message_latency.csv,message_latency,TCP,1pct_loss,,,97,10101581,10.102,,,,
message_latency.csv,message_latency,TCP,1pct_loss,,,98,10116608,10.117,,,,
message_latency.csv,message_latency,TCP,1pct_loss,,,99,10153296,10.153,,,,
message_latency.csv,message_latency,TCP,1pct_loss,,,100,10182341,10.182,,,,
message_latency.csv,message_latency,QUIC,1pct_loss,,,1,10903280,10.903,,,,
message_latency.csv,message_latency,QUIC,1pct_loss,,,2,10339538,10.340,,,,
message_latency.csv,message_latency,QUIC,1pct_loss,,,3,10181935,10.182,,,,
message_latency.csv,message_latency,QUIC,1pct_loss,,,4,10224028,10.224,,,,
message_latency.csv,message_latency,QUIC,1pct_loss,,,5,10139644,10.140,,,,
message_latency.csv,message_latency,QUIC,1pct_loss,,,6,10143445,10.143,,,,
message_latency.csv,message_latency,QUIC,1pct_loss,,,7,10110269,10.110,,,,
message_latency.csv,message_latency,QUIC,1pct_loss,,,8,10365444,10.365,,,,
message_latency.csv,message_latency,QUIC,1pct_loss,,,9,10267730,10.268,,,,
message_latency.csv,message_latency,QUIC,1pct_loss,,,10,10569764,10.570,,,,
message_latency.csv,message_latency,QUIC,1pct_loss,,,11,10319915,10.320,,,,
message_latency.csv,message_latency,QUIC,1pct_loss,,,12,10226101,10.226,,,,
message_latency.csv,message_latency,QUIC,1pct_loss,,,13,10173531,10.174,,,,
message_latency.csv,message_latency,QUIC,1pct_loss,,,14,10248498,10.248,,,,
message_latency.csv,message_latency,QUIC,1pct_loss,,,15,10156751,10.157,,,,
message_latency.csv,message_latency,QUIC,1pct_loss,,,16,10208375,10.208,,,,
message_latency.csv,message_latency,QUIC,1pct_loss,,,17,10120914,10.121,,,,
message_latency.csv,message_latency,QUIC,1pct_loss,,,18,10284972,10.285,,,,
message_latency.csv,message_latency,QUIC,1pct_loss,,,19,10138482,10.138,,,,
message_latency.csv,message_latency,QUIC,1pct_loss,,,20,10502706,10.503,,,,
message_latency.csv,message_latency,QUIC,1pct_loss,,,21,10203874,10.204,,,,
message_latency.csv,message_latency,QUIC,1pct_loss,,,22,10230507,10.231,,,,
message_latency.csv,message_latency,QUIC,1pct_loss,,,23,10143638,10.144,,,,
message_latency.csv,message_latency,QUIC,1pct_loss,,,24,10209098,10.209,,,,
message_latency.csv,message_latency,QUIC,1pct_loss,,,25,10165152,10.165,,,,
message_latency.csv,message_latency,QUIC,1pct_loss,,,26,10233022,10.233,,,,
message_latency.csv,message_latency,QUIC,1pct_loss,,,27,10183018,10.183,,,,
message_latency.csv,message_latency,QUIC,1pct_loss,,,28,10515510,10.516,,,,
message_latency.csv,message_latency,QUIC,1pct_loss,,,29,10345251,10.345,,,,
message_latency.csv,message_latency,QUIC,1pct_loss,,,30,10429792,10.430,,,,
message_latency.csv,message_latency,QUIC,1pct_loss,,,31,10352810,10.353,,,,
message_latency.csv,message_latency,QUIC,1pct_loss,,,32,10652966,10.653,,,,
message_latency.csv,message_latency,QUIC,1pct_loss,,,33,10297609,10.298,,,,
message_latency.csv,message_latency,QUIC,1pct_loss,,,34,10490438,10.490,,,,
message_latency.csv,message_latency,QUIC,1pct_loss,,,35,10402006,10.402,,,,
message_latency.csv,message_latency,QUIC,1pct_loss,,,36,10448054,10.448,,,,
message_latency.csv,message_latency,QUIC,1pct_loss,,,37,10204642,10.205,,,,
message_latency.csv,message_latency,QUIC,1pct_loss,,,38,10437807,10.438,,,,
message_latency.csv,message_latency,QUIC,1pct_loss,,,39,10267118,10.267,,,,
message_latency.csv,message_latency,QUIC,1pct_loss,,,40,10504295,10.504,,,,
message_latency.csv,message_latency,QUIC,1pct_loss,,,41,10420117,10.420,,,,
message_latency.csv,message_latency,QUIC,1pct_loss,,,42,10406199,10.406,,,,
message_latency.csv,message_latency,QUIC,1pct_loss,,,43,10262233,10.262,,,,
message_latency.csv,message_latency,QUIC,1pct_loss,,,44,10456242,10.456,,,,
message_latency.csv,message_latency,QUIC,1pct_loss,,,45,10286397,10.286,,,,
message_latency.csv,message_latency,QUIC,1pct_loss,,,46,10356431,10.356,,,,
message_latency.csv,message_latency,QUIC,1pct_loss,,,47,10280771,10.281,,,,
message_latency.csv,message_latency,QUIC,1pct_loss,,,48,10330930,10.331,,,,
message_latency.csv,message_latency,QUIC,1pct_loss,,,49,10329501,10.330,,,,
message_latency.csv,message_latency,QUIC,1pct_loss,,,50,10495830,10.496,,,,
message_latency.csv,message_latency,QUIC,1pct_loss,,,51,10356535,10.357,,,,
message_latency.csv,message_latency,QUIC,1pct_loss,,,52,10412066,10.412,,,,
message_latency.csv,message_latency,QUIC,1pct_loss,,,53,10268232,10.268,,,,
message_latency.csv,message_latency,QUIC,1pct_loss,,,54,10394561,10.395,,,,
message_latency.csv,message_latency,QUIC,1pct_loss,,,55,10180101,10.180,,,,
message_latency.csv,message_latency,QUIC,1pct_loss,,,56,10357844,10.358,,,,
message_latency.csv,message_latency,QUIC,1pct_loss,,,57,10407906,10.408,,,,
message_latency.csv,message_latency,QUIC,1pct_loss,,,58,10461896,10.462,,,,
message_latency.csv,message_latency,QUIC,1pct_loss,,,59,10248199,10.248,,,,
message_latency.csv,message_latency,QUIC,1pct_loss,,,60,10338812,10.339,,,,
message_latency.csv,message_latency,QUIC,1pct_loss,,,61,10332181,10.332,,,,
message_latency.csv,message_latency,QUIC,1pct_loss,,,62,10413818,10.414,,,,
message_latency.csv,message_latency,QUIC,1pct_loss,,,63,10290009,10.290,,,,
message_latency.csv,message_latency,QUIC,1pct_loss,,,64,10288587,10.289,,,,
message_latency.csv,message_latency,QUIC,1pct_loss,,,65,10306678,10.307,,,,
message_latency.csv,message_latency,QUIC,1pct_loss,,,66,10289906,10.290,,,,
message_latency.csv,message_latency,QUIC,1pct_loss,,,67,10147745,10.148,,,,
message_latency.csv,message_latency,QUIC,1pct_loss,,,68,10173560,10.174,,,,
message_latency.csv,message_latency,QUIC,1pct_loss,,,69,10143712,10.144,,,,
message_latency.csv,message_latency,QUIC,1pct_loss,,,70,10216902,10.217,,,,
message_latency.csv,message_latency,QUIC,1pct_loss,,,71,10286943,10.287,,,,
message_latency.csv,message_latency,QUIC,1pct_loss,,,72,10505263,10.505,,,,
message_latency.csv,message_latency,QUIC,1pct_loss,,,73,10372181,10.372,,,,
message_latency.csv,message_latency,QUIC,1pct_loss,,,74,10498217,10.498,,,,
message_latency.csv,message_latency,QUIC,1pct_loss,,,75,10217180,10.217,,,,
message_latency.csv,message_latency,QUIC,1pct_loss,,,76,10370298,10.370,,,,
message_latency.csv,message_latency,QUIC,1pct_loss,,,77,10196060,10.196,,,,
message_latency.csv,message_latency,QUIC,1pct_loss,,,78,10614350,10.614,,,,
message_latency.csv,message_latency,QUIC,1pct_loss,,,79,10294744,10.295,,,,
message_latency.csv,message_latency,QUIC,1pct_loss,,,80,10317267,10.317,,,,
message_latency.csv,message_latency,QUIC,1pct_loss,,,81,10167706,10.168,,,,
message_latency.csv,message_latency,QUIC,1pct_loss,,,82,10171773,10.172,,,,
message_latency.csv,message_latency,QUIC,1pct_loss,,,83,10158970,10.159,,,,
message_latency.csv,message_latency,QUIC,1pct_loss,,,84,10133973,10.134,,,,
message_latency.csv,message_latency,QUIC,1pct_loss,,,85,10190306,10.190,,,,
message_latency.csv,message_latency,QUIC,1pct_loss,,,86,10465857,10.466,,,,
message_latency.csv,message_latency,QUIC,1pct_loss,,,87,10478951,10.479,,,,
message_latency.csv,message_latency,QUIC,1pct_loss,,,88,10604412,10.604,,,,
message_latency.csv,message_latency,QUIC,1pct_loss,,,89,10563958,10.564,,,,
message_latency.csv,message_latency,QUIC,1pct_loss,,,90,10475460,10.475,,,,
message_latency.csv,message_latency,QUIC,1pct_loss,,,91,10373367,10.373,,,,
message_latency.csv,message_latency,QUIC,1pct_loss,,,92,10383742,10.384,,,,
message_latency.csv,message_latency,QUIC,1pct_loss,,,93,58236881,58.237,,,,
message_latency.csv,message_latency,QUIC,1pct_loss,,,94,10335534,10.336,,,,
message_latency.csv,message_latency,QUIC,1pct_loss,,,95,10272470,10.272,,,,
message_latency.csv,message_latency,QUIC,1pct_loss,,,96,10236979,10.237,,,,
message_latency.csv,message_latency,QUIC,1pct_loss,,,97,10273172,10.273,,,,
message_latency.csv,message_latency,QUIC,1pct_loss,,,98,10141071,10.141,,,,
message_latency.csv,message_latency,QUIC,1pct_loss,,,99,10220011,10.220,,,,
message_latency.csv,message_latency,QUIC,1pct_loss,,,100,10188814,10.189,,,,
message_latency.csv,message_latency,TCP,5pct_loss,,,1,10303015,10.303,,,,
message_latency.csv,message_latency,TCP,5pct_loss,,,2,10254429,10.254,,,,
message_latency.csv,message_latency,TCP,5pct_loss,,,3,10279574,10.280,,,,
message_latency.csv,message_latency,TCP,5pct_loss,,,4,10249377,10.249,,,,
message_latency.csv,message_latency,TCP,5pct_loss,,,5,10245261,10.245,,,,
message_latency.csv,message_latency,TCP,5pct_loss,,,6,10322100,10.322,,,,
message_latency.csv,message_latency,TCP,5pct_loss,,,7,10302045,10.302,,,,
message_latency.csv,message_latency,TCP,5pct_loss,,,8,10262246,10.262,,,,
message_latency.csv,message_latency,TCP,5pct_loss,,,9,33769532,33.770,,,,
message_latency.csv,message_latency,TCP,5pct_loss,,,10,20284393,20.284,,,,
message_latency.csv,message_latency,TCP,5pct_loss,,,11,10216821,10.217,,,,
message_latency.csv,message_latency,TCP,5pct_loss,,,12,10150594,10.151,,,,
message_latency.csv,message_latency,TCP,5pct_loss,,,13,10173516,10.174,,,,
message_latency.csv,message_latency,TCP,5pct_loss,,,14,10173033,10.173,,,,
message_latency.csv,message_latency,TCP,5pct_loss,,,15,10314405,10.314,,,,
message_latency.csv,message_latency,TCP,5pct_loss,,,16,10139523,10.140,,,,
message_latency.csv,message_latency,TCP,5pct_loss,,,17,10101454,10.101,,,,
message_latency.csv,message_latency,TCP,5pct_loss,,,18,34193462,34.193,,,,
message_latency.csv,message_latency,TCP,5pct_loss,,,19,20016245,20.016,,,,
message_latency.csv,message_latency,TCP,5pct_loss,,,20,256054772,256.055,,,,
message_latency.csv,message_latency,TCP,5pct_loss,,,21,10191469,10.191,,,,
message_latency.csv,message_latency,TCP,5pct_loss,,,22,10239378,10.239,,,,
message_latency.csv,message_latency,TCP,5pct_loss,,,23,19951732,19.952,,,,
message_latency.csv,message_latency,TCP,5pct_loss,,,24,10185062,10.185,,,,
message_latency.csv,message_latency,TCP,5pct_loss,,,25,19982128,19.982,,,,
message_latency.csv,message_latency,TCP,5pct_loss,,,26,10140230,10.140,,,,
message_latency.csv,message_latency,TCP,5pct_loss,,,27,19988669,19.989,,,,
message_latency.csv,message_latency,TCP,5pct_loss,,,28,10155397,10.155,,,,
message_latency.csv,message_latency,TCP,5pct_loss,,,29,289039751,289.040,,,,
message_latency.csv,message_latency,TCP,5pct_loss,,,30,20183905,20.184,,,,
message_latency.csv,message_latency,TCP,5pct_loss,,,31,30349512,30.350,,,,
message_latency.csv,message_latency,TCP,5pct_loss,,,32,20343717,20.344,,,,
message_latency.csv,message_latency,TCP,5pct_loss,,,33,10259575,10.260,,,,
message_latency.csv,message_latency,TCP,5pct_loss,,,34,20159041,20.159,,,,
message_latency.csv,message_latency,TCP,5pct_loss,,,35,10177872,10.178,,,,
message_latency.csv,message_latency,TCP,5pct_loss,,,36,10200234,10.200,,,,
message_latency.csv,message_latency,TCP,5pct_loss,,,37,10213974,10.214,,,,
message_latency.csv,message_latency,TCP,5pct_loss,,,38,20162792,20.163,,,,
message_latency.csv,message_latency,TCP,5pct_loss,,,39,10209886,10.210,,,,
message_latency.csv,message_latency,TCP,5pct_loss,,,40,10180346,10.180,,,,
message_latency.csv,message_latency,TCP,5pct_loss,,,41,10158616,10.159,,,,
message_latency.csv,message_latency,TCP,5pct_loss,,,42,10147065,10.147,,,,
message_latency.csv,message_latency,TCP,5pct_loss,,,43,10118320,10.118,,,,
message_latency.csv,message_latency,TCP,5pct_loss,,,44,10122266,10.122,,,,
message_latency.csv,message_latency,TCP,5pct_loss,,,45,20083204,20.083,,,,
message_latency.csv,message_latency,TCP,5pct_loss,,,46,10091620,10.092,,,,
message_latency.csv,message_latency,TCP,5pct_loss,,,47,10078262,10.078,,,,
message_latency.csv,message_latency,TCP,5pct_loss,,,48,10099058,10.099,,,,
message_latency.csv,message_latency,TCP,5pct_loss,,,49,10097850,10.098,,,,
message_latency.csv,message_latency,TCP,5pct_loss,,,50,10086374,10.086,,,,
message_latency.csv,message_latency,TCP,5pct_loss,,,51,10079492,10.079,,,,
message_latency.csv,message_latency,TCP,5pct_loss,,,52,10088930,10.089,,,,
message_latency.csv,message_latency,TCP,5pct_loss,,,53,44071101,44.071,,,,
message_latency.csv,message_latency,TCP,5pct_loss,,,54,20082260,20.082,,,,
message_latency.csv,message_latency,TCP,5pct_loss,,,55,10106796,10.107,,,,
message_latency.csv,message_latency,TCP,5pct_loss,,,56,20059127,20.059,,,,
message_latency.csv,message_latency,TCP,5pct_loss,,,57,10110487,10.110,,,,
message_latency.csv,message_latency,TCP,5pct_loss,,,58,10135710,10.136,,,,
message_latency.csv,message_latency,TCP,5pct_loss,,,59,254691913,254.692,,,,
message_latency.csv,message_latency,TCP,5pct_loss,,,60,10263513,10.264,,,,
message_latency.csv,message_latency,TCP,5pct_loss,,,61,10234058,10.234,,,,
message_latency.csv,message_latency,TCP,5pct_loss,,,62,40084363,40.084,,,,
message_latency.csv,message_latency,TCP,5pct_loss,,,63,20016357,20.016,,,,
message_latency.csv,message_latency,TCP,5pct_loss,,,64,20087038,20.087,,,,
message_latency.csv,message_latency,TCP,5pct_loss,,,65,10211320,10.211,,,,
message_latency.csv,message_latency,TCP,5pct_loss,,,66,20115876,20.116,,,,
message_latency.csv,message_latency,TCP,5pct_loss,,,67,10298546,10.299,,,,
message_latency.csv,message_latency,TCP,5pct_loss,,,68,20106691,20.107,,,,
message_latency.csv,message_latency,TCP,5pct_loss,,,69,10322164,10.322,,,,
message_latency.csv,message_latency,TCP,5pct_loss,,,70,20405249,20.405,,,,
message_latency.csv,message_latency,TCP,5pct_loss,,,71,10269280,10.269,,,,
message_latency.csv,message_latency,TCP,5pct_loss,,,72,10229104,10.229,,,,
message_latency.csv,message_latency,TCP,5pct_loss,,,73,10131027,10.131,,,,
message_latency.csv,message_latency,TCP,5pct_loss,,,74,10093059,10.093,,,,
message_latency.csv,message_latency,TCP,5pct_loss,,,75,10190395,10.190,,,,
message_latency.csv,message_latency,TCP,5pct_loss,,,76,10154920,10.155,,,,
message_latency.csv,message_latency,TCP,5pct_loss,,,77,10143223,10.143,,,,
message_latency.csv,message_latency,TCP,5pct_loss,,,78,10141028,10.141,,,,
message_latency.csv,message_latency,TCP,5pct_loss,,,79,10110972,10.111,,,,
message_latency.csv,message_latency,TCP,5pct_loss,,,80,10087571,10.088,,,,
message_latency.csv,message_latency,TCP,5pct_loss,,,81,10100421,10.100,,,,
message_latency.csv,message_latency,TCP,5pct_loss,,,82,10143538,10.144,,,,
message_latency.csv,message_latency,TCP,5pct_loss,,,83,10112581,10.113,,,,
message_latency.csv,message_latency,TCP,5pct_loss,,,84,10083428,10.083,,,,
message_latency.csv,message_latency,TCP,5pct_loss,,,85,10077478,10.077,,,,
message_latency.csv,message_latency,TCP,5pct_loss,,,86,10070786,10.071,,,,
message_latency.csv,message_latency,TCP,5pct_loss,,,87,10082875,10.083,,,,
message_latency.csv,message_latency,TCP,5pct_loss,,,88,10069963,10.070,,,,
message_latency.csv,message_latency,TCP,5pct_loss,,,89,10096092,10.096,,,,
message_latency.csv,message_latency,TCP,5pct_loss,,,90,10090290,10.090,,,,
message_latency.csv,message_latency,TCP,5pct_loss,,,91,10091821,10.092,,,,
message_latency.csv,message_latency,TCP,5pct_loss,,,92,259051195,259.051,,,,
message_latency.csv,message_latency,TCP,5pct_loss,,,93,10221999,10.222,,,,
message_latency.csv,message_latency,TCP,5pct_loss,,,94,10201334,10.201,,,,
message_latency.csv,message_latency,TCP,5pct_loss,,,95,20040290,20.040,,,,
message_latency.csv,message_latency,TCP,5pct_loss,,,96,255476242,255.476,,,,
message_latency.csv,message_latency,TCP,5pct_loss,,,97,10242128,10.242,,,,
message_latency.csv,message_latency,TCP,5pct_loss,,,98,10210205,10.210,,,,
message_latency.csv,message_latency,TCP,5pct_loss,,,99,20100220,20.100,,,,
message_latency.csv,message_latency,TCP,5pct_loss,,,100,10272394,10.272,,,,
message_latency.csv,message_latency,QUIC,5pct_loss,,,1,10569473,10.569,,,,
message_latency.csv,message_latency,QUIC,5pct_loss,,,2,10235281,10.235,,,,
message_latency.csv,message_latency,QUIC,5pct_loss,,,3,10220777,10.221,,,,
message_latency.csv,message_latency,QUIC,5pct_loss,,,4,10217247,10.217,,,,
message_latency.csv,message_latency,QUIC,5pct_loss,,,5,10326708,10.327,,,,
message_latency.csv,message_latency,QUIC,5pct_loss,,,6,10277205,10.277,,,,
message_latency.csv,message_latency,QUIC,5pct_loss,,,7,10331358,10.331,,,,
message_latency.csv,message_latency,QUIC,5pct_loss,,,8,10519429,10.519,,,,
message_latency.csv,message_latency,QUIC,5pct_loss,,,9,10257408,10.257,,,,
message_latency.csv,message_latency,QUIC,5pct_loss,,,10,10474725,10.475,,,,
message_latency.csv,message_latency,QUIC,5pct_loss,,,11,10333579,10.334,,,,
message_latency.csv,message_latency,QUIC,5pct_loss,,,12,10417051,10.417,,,,
message_latency.csv,message_latency,QUIC,5pct_loss,,,13,10376030,10.376,,,,
message_latency.csv,message_latency,QUIC,5pct_loss,,,14,10334698,10.335,,,,
message_latency.csv,message_latency,QUIC,5pct_loss,,,15,10411111,10.411,,,,
message_latency.csv,message_latency,QUIC,5pct_loss,,,16,10430040,10.430,,,,
message_latency.csv,message_latency,QUIC,5pct_loss,,,17,10456400,10.456,,,,
message_latency.csv,message_latency,QUIC,5pct_loss,,,18,10389817,10.390,,,,
message_latency.csv,message_latency,QUIC,5pct_loss,,,19,10494396,10.494,,,,
message_latency.csv,message_latency,QUIC,5pct_loss,,,20,10242748,10.243,,,,
message_latency.csv,message_latency,QUIC,5pct_loss,,,21,10422822,10.423,,,,
message_latency.csv,message_latency,QUIC,5pct_loss,,,22,10459399,10.459,,,,
message_latency.csv,message_latency,QUIC,5pct_loss,,,23,10555113,10.555,,,,
message_latency.csv,message_latency,QUIC,5pct_loss,,,24,10406132,10.406,,,,
message_latency.csv,message_latency,QUIC,5pct_loss,,,25,10413553,10.414,,,,
message_latency.csv,message_latency,QUIC,5pct_loss,,,26,10386123,10.386,,,,
message_latency.csv,message_latency,QUIC,5pct_loss,,,27,10533024,10.533,,,,
message_latency.csv,message_latency,QUIC,5pct_loss,,,28,10336498,10.336,,,,
message_latency.csv,message_latency,QUIC,5pct_loss,,,29,10460013,10.460,,,,
message_latency.csv,message_latency,QUIC,5pct_loss,,,30,10269405,10.269,,,,
message_latency.csv,message_latency,QUIC,5pct_loss,,,31,10406781,10.407,,,,
message_latency.csv,message_latency,QUIC,5pct_loss,,,32,10356922,10.357,,,,
message_latency.csv,message_latency,QUIC,5pct_loss,,,33,10430779,10.431,,,,
message_latency.csv,message_latency,QUIC,5pct_loss,,,34,10298711,10.299,,,,
message_latency.csv,message_latency,QUIC,5pct_loss,,,35,10271666,10.272,,,,
message_latency.csv,message_latency,QUIC,5pct_loss,,,36,10144281,10.144,,,,
message_latency.csv,message_latency,QUIC,5pct_loss,,,37,10221964,10.222,,,,
message_latency.csv,message_latency,QUIC,5pct_loss,,,38,10114050,10.114,,,,
message_latency.csv,message_latency,QUIC,5pct_loss,,,39,10170490,10.170,,,,
message_latency.csv,message_latency,QUIC,5pct_loss,,,40,10108656,10.109,,,,
message_latency.csv,message_latency,QUIC,5pct_loss,,,41,10335108,10.335,,,,
message_latency.csv,message_latency,QUIC,5pct_loss,,,42,10344798,10.345,,,,
message_latency.csv,message_latency,QUIC,5pct_loss,,,43,10513000,10.513,,,,
message_latency.csv,message_latency,QUIC,5pct_loss,,,44,10287058,10.287,,,,
message_latency.csv,message_latency,QUIC,5pct_loss,,,45,62768282,62.768,,,,
message_latency.csv,message_latency,QUIC,5pct_loss,,,46,10378899,10.379,,,,
message_latency.csv,message_latency,QUIC,5pct_loss,,,47,10388865,10.389,,,,
message_latency.csv,message_latency,QUIC,5pct_loss,,,48,10147150,10.147,,,,
message_latency.csv,message_latency,QUIC,5pct_loss,,,49,10233950,10.234,,,,
message_latency.csv,message_latency,QUIC,5pct_loss,,,50,10223812,10.224,,,,
message_latency.csv,message_latency,QUIC,5pct_loss,,,51,10173832,10.174,,,,
message_latency.csv,message_latency,QUIC,5pct_loss,,,52,10262672,10.263,,,,
message_latency.csv,message_latency,QUIC,5pct_loss,,,53,10499678,10.500,,,,
message_latency.csv,message_latency,QUIC,5pct_loss,,,54,10283520,10.284,,,,
message_latency.csv,message_latency,QUIC,5pct_loss,,,55,10701096,10.701,,,,
message_latency.csv,message_latency,QUIC,5pct_loss,,,56,60667179,60.667,,,,
message_latency.csv,message_latency,QUIC,5pct_loss,,,57,10335613,10.336,,,,
message_latency.csv,message_latency,QUIC,5pct_loss,,,58,10483352,10.483,,,,
message_latency.csv,message_latency,QUIC,5pct_loss,,,59,10283811,10.284,,,,
message_latency.csv,message_latency,QUIC,5pct_loss,,,60,10390315,10.390,,,,
message_latency.csv,message_latency,QUIC,5pct_loss,,,61,10270142,10.270,,,,
message_latency.csv,message_latency,QUIC,5pct_loss,,,62,10382113,10.382,,,,
message_latency.csv,message_latency,QUIC,5pct_loss,,,63,10284083,10.284,,,,
message_latency.csv,message_latency,QUIC,5pct_loss,,,64,10216115,10.216,,,,
message_latency.csv,message_latency,QUIC,5pct_loss,,,65,10308559,10.309,,,,
message_latency.csv,message_latency,QUIC,5pct_loss,,,66,10460918,10.461,,,,
message_latency.csv,message_latency,QUIC,5pct_loss,,,67,10300167,10.300,,,,
message_latency.csv,message_latency,QUIC,5pct_loss,,,68,10519610,10.520,,,,
message_latency.csv,message_latency,QUIC,5pct_loss,,,69,10379033,10.379,,,,
message_latency.csv,message_latency,QUIC,5pct_loss,,,70,10447463,10.447,,,,
message_latency.csv,message_latency,QUIC,5pct_loss,,,71,10410235,10.410,,,,
message_latency.csv,message_latency,QUIC,5pct_loss,,,72,10317677,10.318,,,,
message_latency.csv,message_latency,QUIC,5pct_loss,,,73,10235398,10.235,,,,
message_latency.csv,message_latency,QUIC,5pct_loss,,,74,10277712,10.278,,,,
message_latency.csv,message_latency,QUIC,5pct_loss,,,75,10225580,10.226,,,,
message_latency.csv,message_latency,QUIC,5pct_loss,,,76,10232349,10.232,,,,
message_latency.csv,message_latency,QUIC,5pct_loss,,,77,10101512,10.102,,,,
message_latency.csv,message_latency,QUIC,5pct_loss,,,78,10212897,10.213,,,,
message_latency.csv,message_latency,QUIC,5pct_loss,,,79,10297698,10.298,,,,
message_latency.csv,message_latency,QUIC,5pct_loss,,,80,10584402,10.584,,,,
message_latency.csv,message_latency,QUIC,5pct_loss,,,81,10336847,10.337,,,,
message_latency.csv,message_latency,QUIC,5pct_loss,,,82,10359954,10.360,,,,
message_latency.csv,message_latency,QUIC,5pct_loss,,,83,10216151,10.216,,,,
message_latency.csv,message_latency,QUIC,5pct_loss,,,84,10294692,10.295,,,,
message_latency.csv,message_latency,QUIC,5pct_loss,,,85,10271020,10.271,,,,
message_latency.csv,message_latency,QUIC,5pct_loss,,,86,10386377,10.386,,,,
message_latency.csv,message_latency,QUIC,5pct_loss,,,87,10320291,10.320,,,,
message_latency.csv,message_latency,QUIC,5pct_loss,,,88,10247225,10.247,,,,
message_latency.csv,message_latency,QUIC,5pct_loss,,,89,10143483,10.143,,,,
message_latency.csv,message_latency,QUIC,5pct_loss,,,90,10139699,10.140,,,,
message_latency.csv,message_latency,QUIC,5pct_loss,,,91,10172627,10.173,,,,
message_latency.csv,message_latency,QUIC,5pct_loss,,,92,58064671,58.065,,,,
message_latency.csv,message_latency,QUIC,5pct_loss,,,93,10265596,10.266,,,,
message_latency.csv,message_latency,QUIC,5pct_loss,,,94,10300469,10.300,,,,
message_latency.csv,message_latency,QUIC,5pct_loss,,,95,10143148,10.143,,,,
message_latency.csv,message_latency,QUIC,5pct_loss,,,96,10169032,10.169,,,,
message_latency.csv,message_latency,QUIC,5pct_loss,,,97,10113666,10.114,,,,
message_latency.csv,message_latency,QUIC,5pct_loss,,,98,10260178,10.260,,,,
message_latency.csv,message_latency,QUIC,5pct_loss,,,99,10105828,10.106,,,,
message_latency.csv,message_latency,QUIC,5pct_loss,,,100,10421673,10.422,,,,
payload_scaling.csv,payload_scaling,TCP,localhost,,128B,1,548194,0.548,duration_ns,548194,throughput_mbps,0.2335
payload_scaling.csv,payload_scaling,TCP,localhost,,128B,2,154592,0.155,duration_ns,154592,throughput_mbps,0.8280
payload_scaling.csv,payload_scaling,TCP,localhost,,128B,3,234119,0.234,duration_ns,234119,throughput_mbps,0.5467
payload_scaling.csv,payload_scaling,TCP,localhost,,128B,4,151047,0.151,duration_ns,151047,throughput_mbps,0.8474
payload_scaling.csv,payload_scaling,TCP,localhost,,128B,5,154738,0.155,duration_ns,154738,throughput_mbps,0.8272
payload_scaling.csv,payload_scaling,TCP,localhost,,128B,6,163277,0.163,duration_ns,163277,throughput_mbps,0.7839
payload_scaling.csv,payload_scaling,TCP,localhost,,128B,7,154700,0.155,duration_ns,154700,throughput_mbps,0.8274
payload_scaling.csv,payload_scaling,TCP,localhost,,128B,8,168546,0.169,duration_ns,168546,throughput_mbps,0.7594
payload_scaling.csv,payload_scaling,TCP,localhost,,128B,9,100045,0.100,duration_ns,100045,throughput_mbps,1.2794
payload_scaling.csv,payload_scaling,TCP,localhost,,128B,10,103480,0.103,duration_ns,103480,throughput_mbps,1.2370
payload_scaling.csv,payload_scaling,TCP,localhost,,128B,11,114577,0.115,duration_ns,114577,throughput_mbps,1.1172
payload_scaling.csv,payload_scaling,TCP,localhost,,128B,12,110695,0.111,duration_ns,110695,throughput_mbps,1.1563
payload_scaling.csv,payload_scaling,TCP,localhost,,128B,13,93897,0.094,duration_ns,93897,throughput_mbps,1.3632
payload_scaling.csv,payload_scaling,TCP,localhost,,128B,14,93683,0.094,duration_ns,93683,throughput_mbps,1.3663
payload_scaling.csv,payload_scaling,TCP,localhost,,128B,15,96131,0.096,duration_ns,96131,throughput_mbps,1.3315
payload_scaling.csv,payload_scaling,TCP,localhost,,128B,16,110011,0.110,duration_ns,110011,throughput_mbps,1.1635
payload_scaling.csv,payload_scaling,TCP,localhost,,128B,17,72902,0.073,duration_ns,72902,throughput_mbps,1.7558
payload_scaling.csv,payload_scaling,TCP,localhost,,128B,18,90087,0.090,duration_ns,90087,throughput_mbps,1.4208
payload_scaling.csv,payload_scaling,TCP,localhost,,128B,19,70984,0.071,duration_ns,70984,throughput_mbps,1.8032
payload_scaling.csv,payload_scaling,TCP,localhost,,128B,20,25995,0.026,duration_ns,25995,throughput_mbps,4.9240
payload_scaling.csv,payload_scaling,TCP,localhost,,128B,21,24184,0.024,duration_ns,24184,throughput_mbps,5.2928
payload_scaling.csv,payload_scaling,TCP,localhost,,128B,22,23715,0.024,duration_ns,23715,throughput_mbps,5.3974
payload_scaling.csv,payload_scaling,TCP,localhost,,128B,23,23756,0.024,duration_ns,23756,throughput_mbps,5.3881
payload_scaling.csv,payload_scaling,TCP,localhost,,128B,24,29549,0.030,duration_ns,29549,throughput_mbps,4.3318
payload_scaling.csv,payload_scaling,TCP,localhost,,128B,25,23855,0.024,duration_ns,23855,throughput_mbps,5.3658
payload_scaling.csv,payload_scaling,TCP,localhost,,128B,26,24199,0.024,duration_ns,24199,throughput_mbps,5.2895
payload_scaling.csv,payload_scaling,TCP,localhost,,128B,27,24136,0.024,duration_ns,24136,throughput_mbps,5.3033
payload_scaling.csv,payload_scaling,TCP,localhost,,128B,28,23950,0.024,duration_ns,23950,throughput_mbps,5.3445
payload_scaling.csv,payload_scaling,TCP,localhost,,128B,29,24255,0.024,duration_ns,24255,throughput_mbps,5.2773
payload_scaling.csv,payload_scaling,TCP,localhost,,128B,30,29257,0.029,duration_ns,29257,throughput_mbps,4.3750
payload_scaling.csv,payload_scaling,TCP,localhost,,128B,31,23875,0.024,duration_ns,23875,throughput_mbps,5.3613
payload_scaling.csv,payload_scaling,TCP,localhost,,128B,32,34993,0.035,duration_ns,34993,throughput_mbps,3.6579
payload_scaling.csv,payload_scaling,TCP,localhost,,128B,33,24588,0.025,duration_ns,24588,throughput_mbps,5.2058
payload_scaling.csv,payload_scaling,TCP,localhost,,128B,34,25418,0.025,duration_ns,25418,throughput_mbps,5.0358
payload_scaling.csv,payload_scaling,TCP,localhost,,128B,35,24379,0.024,duration_ns,24379,throughput_mbps,5.2504
payload_scaling.csv,payload_scaling,TCP,localhost,,128B,36,30406,0.030,duration_ns,30406,throughput_mbps,4.2097
payload_scaling.csv,payload_scaling,TCP,localhost,,128B,37,23188,0.023,duration_ns,23188,throughput_mbps,5.5201
payload_scaling.csv,payload_scaling,TCP,localhost,,128B,38,25235,0.025,duration_ns,25235,throughput_mbps,5.0723
payload_scaling.csv,payload_scaling,TCP,localhost,,128B,39,25684,0.026,duration_ns,25684,throughput_mbps,4.9836
payload_scaling.csv,payload_scaling,TCP,localhost,,128B,40,24848,0.025,duration_ns,24848,throughput_mbps,5.1513
payload_scaling.csv,payload_scaling,TCP,localhost,,128B,41,23644,0.024,duration_ns,23644,throughput_mbps,5.4136
payload_scaling.csv,payload_scaling,TCP,localhost,,128B,42,29818,0.030,duration_ns,29818,throughput_mbps,4.2927
payload_scaling.csv,payload_scaling,TCP,localhost,,128B,43,24610,0.025,duration_ns,24610,throughput_mbps,5.2011
payload_scaling.csv,payload_scaling,TCP,localhost,,128B,44,25143,0.025,duration_ns,25143,throughput_mbps,5.0909
payload_scaling.csv,payload_scaling,TCP,localhost,,128B,45,23702,0.024,duration_ns,23702,throughput_mbps,5.4004
payload_scaling.csv,payload_scaling,TCP,localhost,,128B,46,23799,0.024,duration_ns,23799,throughput_mbps,5.3784
payload_scaling.csv,payload_scaling,TCP,localhost,,128B,47,24061,0.024,duration_ns,24061,throughput_mbps,5.3198
payload_scaling.csv,payload_scaling,TCP,localhost,,128B,48,31188,0.031,duration_ns,31188,throughput_mbps,4.1041
payload_scaling.csv,payload_scaling,TCP,localhost,,128B,49,45066,0.045,duration_ns,45066,throughput_mbps,2.8403
payload_scaling.csv,payload_scaling,TCP,localhost,,128B,50,31229,0.031,duration_ns,31229,throughput_mbps,4.0988
payload_scaling.csv,payload_scaling,TCP,localhost,,1KB,1,59868,0.060,duration_ns,59868,throughput_mbps,17.1043
payload_scaling.csv,payload_scaling,TCP,localhost,,1KB,2,49647,0.050,duration_ns,49647,throughput_mbps,20.6256
payload_scaling.csv,payload_scaling,TCP,localhost,,1KB,3,41307,0.041,duration_ns,41307,throughput_mbps,24.7900
payload_scaling.csv,payload_scaling,TCP,localhost,,1KB,4,47404,0.047,duration_ns,47404,throughput_mbps,21.6016
payload_scaling.csv,payload_scaling,TCP,localhost,,1KB,5,43778,0.044,duration_ns,43778,throughput_mbps,23.3907
payload_scaling.csv,payload_scaling,TCP,localhost,,1KB,6,42640,0.043,duration_ns,42640,throughput_mbps,24.0150
payload_scaling.csv,payload_scaling,TCP,localhost,,1KB,7,41878,0.042,duration_ns,41878,throughput_mbps,24.4520
payload_scaling.csv,payload_scaling,TCP,localhost,,1KB,8,48107,0.048,duration_ns,48107,throughput_mbps,21.2859
payload_scaling.csv,payload_scaling,TCP,localhost,,1KB,9,57602,0.058,duration_ns,57602,throughput_mbps,17.7772
payload_scaling.csv,payload_scaling,TCP,localhost,,1KB,10,48511,0.049,duration_ns,48511,throughput_mbps,21.1086
payload_scaling.csv,payload_scaling,TCP,localhost,,1KB,11,41119,0.041,duration_ns,41119,throughput_mbps,24.9033
payload_scaling.csv,payload_scaling,TCP,localhost,,1KB,12,42032,0.042,duration_ns,42032,throughput_mbps,24.3624
payload_scaling.csv,payload_scaling,TCP,localhost,,1KB,13,125141,0.125,duration_ns,125141,throughput_mbps,8.1828
payload_scaling.csv,payload_scaling,TCP,localhost,,1KB,14,73010,0.073,duration_ns,73010,throughput_mbps,14.0255
payload_scaling.csv,payload_scaling,TCP,localhost,,1KB,15,120653,0.121,duration_ns,120653,throughput_mbps,8.4871
payload_scaling.csv,payload_scaling,TCP,localhost,,1KB,16,276028,0.276,duration_ns,276028,throughput_mbps,3.7098
payload_scaling.csv,payload_scaling,TCP,localhost,,1KB,17,214780,0.215,duration_ns,214780,throughput_mbps,4.7677
payload_scaling.csv,payload_scaling,TCP,localhost,,1KB,18,373151,0.373,duration_ns,373151,throughput_mbps,2.7442
payload_scaling.csv,payload_scaling,TCP,localhost,,1KB,19,294427,0.294,duration_ns,294427,throughput_mbps,3.4779
payload_scaling.csv,payload_scaling,TCP,localhost,,1KB,20,188679,0.189,duration_ns,188679,throughput_mbps,5.4272
payload_scaling.csv,payload_scaling,TCP,localhost,,1KB,21,173040,0.173,duration_ns,173040,throughput_mbps,5.9177
payload_scaling.csv,payload_scaling,TCP,localhost,,1KB,22,137038,0.137,duration_ns,137038,throughput_mbps,7.4724
payload_scaling.csv,payload_scaling,TCP,localhost,,1KB,23,163009,0.163,duration_ns,163009,throughput_mbps,6.2819
payload_scaling.csv,payload_scaling,TCP,localhost,,1KB,24,137093,0.137,duration_ns,137093,throughput_mbps,7.4694
payload_scaling.csv,payload_scaling,TCP,localhost,,1KB,25,136639,0.137,duration_ns,136639,throughput_mbps,7.4942
payload_scaling.csv,payload_scaling,TCP,localhost,,1KB,26,133333,0.133,duration_ns,133333,throughput_mbps,7.6800
payload_scaling.csv,payload_scaling,TCP,localhost,,1KB,27,119568,0.120,duration_ns,119568,throughput_mbps,8.5642
payload_scaling.csv,payload_scaling,TCP,localhost,,1KB,28,118457,0.118,duration_ns,118457,throughput_mbps,8.6445
payload_scaling.csv,payload_scaling,TCP,localhost,,1KB,29,182367,0.182,duration_ns,182367,throughput_mbps,5.6151
payload_scaling.csv,payload_scaling,TCP,localhost,,1KB,30,132490,0.132,duration_ns,132490,throughput_mbps,7.7289
payload_scaling.csv,payload_scaling,TCP,localhost,,1KB,31,228588,0.229,duration_ns,228588,throughput_mbps,4.4797
payload_scaling.csv,payload_scaling,TCP,localhost,,1KB,32,155790,0.156,duration_ns,155790,throughput_mbps,6.5730
payload_scaling.csv,payload_scaling,TCP,localhost,,1KB,33,117261,0.117,duration_ns,117261,throughput_mbps,8.7327
payload_scaling.csv,payload_scaling,TCP,localhost,,1KB,34,131751,0.132,duration_ns,131751,throughput_mbps,7.7722
payload_scaling.csv,payload_scaling,TCP,localhost,,1KB,35,128519,0.129,duration_ns,128519,throughput_mbps,7.9677
payload_scaling.csv,payload_scaling,TCP,localhost,,1KB,36,285584,0.286,duration_ns,285584,throughput_mbps,3.5856
payload_scaling.csv,payload_scaling,TCP,localhost,,1KB,37,250787,0.251,duration_ns,250787,throughput_mbps,4.0831
payload_scaling.csv,payload_scaling,TCP,localhost,,1KB,38,191928,0.192,duration_ns,191928,throughput_mbps,5.3353
payload_scaling.csv,payload_scaling,TCP,localhost,,1KB,39,199153,0.199,duration_ns,199153,throughput_mbps,5.1418
payload_scaling.csv,payload_scaling,TCP,localhost,,1KB,40,148444,0.148,duration_ns,148444,throughput_mbps,6.8982
payload_scaling.csv,payload_scaling,TCP,localhost,,1KB,41,228381,0.228,duration_ns,228381,throughput_mbps,4.4837
payload_scaling.csv,payload_scaling,TCP,localhost,,1KB,42,114610,0.115,duration_ns,114610,throughput_mbps,8.9346
payload_scaling.csv,payload_scaling,TCP,localhost,,1KB,43,188661,0.189,duration_ns,188661,throughput_mbps,5.4277
payload_scaling.csv,payload_scaling,TCP,localhost,,1KB,44,152446,0.152,duration_ns,152446,throughput_mbps,6.7171
payload_scaling.csv,payload_scaling,TCP,localhost,,1KB,45,92222,0.092,duration_ns,92222,throughput_mbps,11.1036
payload_scaling.csv,payload_scaling,TCP,localhost,,1KB,46,109252,0.109,duration_ns,109252,throughput_mbps,9.3728
payload_scaling.csv,payload_scaling,TCP,localhost,,1KB,47,148702,0.149,duration_ns,148702,throughput_mbps,6.8863
payload_scaling.csv,payload_scaling,TCP,localhost,,1KB,48,191131,0.191,duration_ns,191131,throughput_mbps,5.3576
payload_scaling.csv,payload_scaling,TCP,localhost,,1KB,49,132879,0.133,duration_ns,132879,throughput_mbps,7.7063
payload_scaling.csv,payload_scaling,TCP,localhost,,1KB,50,117619,0.118,duration_ns,117619,throughput_mbps,8.7061
payload_scaling.csv,payload_scaling,TCP,localhost,,16KB,1,531042,0.531,duration_ns,531042,throughput_mbps,30.8526
payload_scaling.csv,payload_scaling,TCP,localhost,,16KB,2,450872,0.451,duration_ns,450872,throughput_mbps,36.3385
payload_scaling.csv,payload_scaling,TCP,localhost,,16KB,3,482372,0.482,duration_ns,482372,throughput_mbps,33.9655
payload_scaling.csv,payload_scaling,TCP,localhost,,16KB,4,450822,0.451,duration_ns,450822,throughput_mbps,36.3425
payload_scaling.csv,payload_scaling,TCP,localhost,,16KB,5,1525143,1.525,duration_ns,1525143,throughput_mbps,10.7426
payload_scaling.csv,payload_scaling,TCP,localhost,,16KB,6,2339112,2.339,duration_ns,2339112,throughput_mbps,7.0044
payload_scaling.csv,payload_scaling,TCP,localhost,,16KB,7,2718748,2.719,duration_ns,2718748,throughput_mbps,6.0263
payload_scaling.csv,payload_scaling,TCP,localhost,,16KB,8,360516,0.361,duration_ns,360516,throughput_mbps,45.4460
payload_scaling.csv,payload_scaling,TCP,localhost,,16KB,9,297344,0.297,duration_ns,297344,throughput_mbps,55.1012
payload_scaling.csv,payload_scaling,TCP,localhost,,16KB,10,288367,0.288,duration_ns,288367,throughput_mbps,56.8165
payload_scaling.csv,payload_scaling,TCP,localhost,,16KB,11,279450,0.279,duration_ns,279450,throughput_mbps,58.6295
payload_scaling.csv,payload_scaling,TCP,localhost,,16KB,12,353153,0.353,duration_ns,353153,throughput_mbps,46.3935
payload_scaling.csv,payload_scaling,TCP,localhost,,16KB,13,383869,0.384,duration_ns,383869,throughput_mbps,42.6812
payload_scaling.csv,payload_scaling,TCP,localhost,,16KB,14,371101,0.371,duration_ns,371101,throughput_mbps,44.1497
payload_scaling.csv,payload_scaling,TCP,localhost,,16KB,15,377182,0.377,duration_ns,377182,throughput_mbps,43.4379
payload_scaling.csv,payload_scaling,TCP,localhost,,16KB,16,320311,0.320,duration_ns,320311,throughput_mbps,51.1503
payload_scaling.csv,payload_scaling,TCP,localhost,,16KB,17,330593,0.331,duration_ns,330593,throughput_mbps,49.5594
payload_scaling.csv,payload_scaling,TCP,localhost,,16KB,18,275518,0.276,duration_ns,275518,throughput_mbps,59.4662
payload_scaling.csv,payload_scaling,TCP,localhost,,16KB,19,308112,0.308,duration_ns,308112,throughput_mbps,53.1755
payload_scaling.csv,payload_scaling,TCP,localhost,,16KB,20,289798,0.290,duration_ns,289798,throughput_mbps,56.5359
payload_scaling.csv,payload_scaling,TCP,localhost,,16KB,21,333019,0.333,duration_ns,333019,throughput_mbps,49.1984
payload_scaling.csv,payload_scaling,TCP,localhost,,16KB,22,386594,0.387,duration_ns,386594,throughput_mbps,42.3804
payload_scaling.csv,payload_scaling,TCP,localhost,,16KB,23,348960,0.349,duration_ns,348960,throughput_mbps,46.9509
payload_scaling.csv,payload_scaling,TCP,localhost,,16KB,24,361094,0.361,duration_ns,361094,throughput_mbps,45.3732
payload_scaling.csv,payload_scaling,TCP,localhost,,16KB,25,374897,0.375,duration_ns,374897,throughput_mbps,43.7027
payload_scaling.csv,payload_scaling,TCP,localhost,,16KB,26,415725,0.416,duration_ns,415725,throughput_mbps,39.4107
payload_scaling.csv,payload_scaling,TCP,localhost,,16KB,27,389470,0.389,duration_ns,389470,throughput_mbps,42.0674
payload_scaling.csv,payload_scaling,TCP,localhost,,16KB,28,349560,0.350,duration_ns,349560,throughput_mbps,46.8704
payload_scaling.csv,payload_scaling,TCP,localhost,,16KB,29,2167594,2.168,duration_ns,2167594,throughput_mbps,7.5586
payload_scaling.csv,payload_scaling,TCP,localhost,,16KB,30,370119,0.370,duration_ns,370119,throughput_mbps,44.2668
payload_scaling.csv,payload_scaling,TCP,localhost,,16KB,31,326860,0.327,duration_ns,326860,throughput_mbps,50.1254
payload_scaling.csv,payload_scaling,TCP,localhost,,16KB,32,529701,0.530,duration_ns,529701,throughput_mbps,30.9307
payload_scaling.csv,payload_scaling,TCP,localhost,,16KB,33,480685,0.481,duration_ns,480685,throughput_mbps,34.0847
payload_scaling.csv,payload_scaling,TCP,localhost,,16KB,34,614989,0.615,duration_ns,614989,throughput_mbps,26.6411
payload_scaling.csv,payload_scaling,TCP,localhost,,16KB,35,529667,0.530,duration_ns,529667,throughput_mbps,30.9326
payload_scaling.csv,payload_scaling,TCP,localhost,,16KB,36,596939,0.597,duration_ns,596939,throughput_mbps,27.4467
payload_scaling.csv,payload_scaling,TCP,localhost,,16KB,37,478718,0.479,duration_ns,478718,throughput_mbps,34.2247
payload_scaling.csv,payload_scaling,TCP,localhost,,16KB,38,661891,0.662,duration_ns,661891,throughput_mbps,24.7533
payload_scaling.csv,payload_scaling,TCP,localhost,,16KB,39,631920,0.632,duration_ns,631920,throughput_mbps,25.9273
payload_scaling.csv,payload_scaling,TCP,localhost,,16KB,40,668493,0.668,duration_ns,668493,throughput_mbps,24.5089
payload_scaling.csv,payload_scaling,TCP,localhost,,16KB,41,611687,0.612,duration_ns,611687,throughput_mbps,26.7849
payload_scaling.csv,payload_scaling,TCP,localhost,,16KB,42,664336,0.664,duration_ns,664336,throughput_mbps,24.6622
payload_scaling.csv,payload_scaling,TCP,localhost,,16KB,43,589988,0.590,duration_ns,589988,throughput_mbps,27.7701
payload_scaling.csv,payload_scaling,TCP,localhost,,16KB,44,561211,0.561,duration_ns,561211,throughput_mbps,29.1940
payload_scaling.csv,payload_scaling,TCP,localhost,,16KB,45,583879,0.584,duration_ns,583879,throughput_mbps,28.0606
payload_scaling.csv,payload_scaling,TCP,localhost,,16KB,46,649677,0.650,duration_ns,649677,throughput_mbps,25.2187
payload_scaling.csv,payload_scaling,TCP,localhost,,16KB,47,847316,0.847,duration_ns,847316,throughput_mbps,19.3364
payload_scaling.csv,payload_scaling,TCP,localhost,,16KB,48,626782,0.627,duration_ns,626782,throughput_mbps,26.1399
payload_scaling.csv,payload_scaling,TCP,localhost,,16KB,49,423688,0.424,duration_ns,423688,throughput_mbps,38.6700
payload_scaling.csv,payload_scaling,TCP,localhost,,16KB,50,352829,0.353,duration_ns,352829,throughput_mbps,46.4361
payload_scaling.csv,payload_scaling,TCP,localhost,,64KB,1,1361979,1.362,duration_ns,1361979,throughput_mbps,48.1182
payload_scaling.csv,payload_scaling,TCP,localhost,,64KB,2,1112315,1.112,duration_ns,1112315,throughput_mbps,58.9186
payload_scaling.csv,payload_scaling,TCP,localhost,,64KB,3,1150871,1.151,duration_ns,1150871,throughput_mbps,56.9447
payload_scaling.csv,payload_scaling,TCP,localhost,,64KB,4,3021591,3.022,duration_ns,3021591,throughput_mbps,21.6892
payload_scaling.csv,payload_scaling,TCP,localhost,,64KB,5,1557780,1.558,duration_ns,1557780,throughput_mbps,42.0701
payload_scaling.csv,payload_scaling,TCP,localhost,,64KB,6,1476244,1.476,duration_ns,1476244,throughput_mbps,44.3937
payload_scaling.csv,payload_scaling,TCP,localhost,,64KB,7,6355631,6.356,duration_ns,6355631,throughput_mbps,10.3115
payload_scaling.csv,payload_scaling,TCP,localhost,,64KB,8,4487243,4.487,duration_ns,4487243,throughput_mbps,14.6050
payload_scaling.csv,payload_scaling,TCP,localhost,,64KB,9,2906955,2.907,duration_ns,2906955,throughput_mbps,22.5446
payload_scaling.csv,payload_scaling,TCP,localhost,,64KB,10,1504585,1.505,duration_ns,1504585,throughput_mbps,43.5575
payload_scaling.csv,payload_scaling,TCP,localhost,,64KB,11,1028132,1.028,duration_ns,1028132,throughput_mbps,63.7428
payload_scaling.csv,payload_scaling,TCP,localhost,,64KB,12,1128754,1.129,duration_ns,1128754,throughput_mbps,58.0605
payload_scaling.csv,payload_scaling,TCP,localhost,,64KB,13,2472404,2.472,duration_ns,2472404,throughput_mbps,26.5070
payload_scaling.csv,payload_scaling,TCP,localhost,,64KB,14,2862956,2.863,duration_ns,2862956,throughput_mbps,22.8910
payload_scaling.csv,payload_scaling,TCP,localhost,,64KB,15,1527120,1.527,duration_ns,1527120,throughput_mbps,42.9148
payload_scaling.csv,payload_scaling,TCP,localhost,,64KB,16,5238030,5.238,duration_ns,5238030,throughput_mbps,12.5116
payload_scaling.csv,payload_scaling,TCP,localhost,,64KB,17,2953870,2.954,duration_ns,2953870,throughput_mbps,22.1865
payload_scaling.csv,payload_scaling,TCP,localhost,,64KB,18,2099250,2.099,duration_ns,2099250,throughput_mbps,31.2188
payload_scaling.csv,payload_scaling,TCP,localhost,,64KB,19,1008546,1.009,duration_ns,1008546,throughput_mbps,64.9807
payload_scaling.csv,payload_scaling,TCP,localhost,,64KB,20,1271222,1.271,duration_ns,1271222,throughput_mbps,51.5535
payload_scaling.csv,payload_scaling,TCP,localhost,,64KB,21,1933424,1.933,duration_ns,1933424,throughput_mbps,33.8963
payload_scaling.csv,payload_scaling,TCP,localhost,,64KB,22,1777860,1.778,duration_ns,1777860,throughput_mbps,36.8623
payload_scaling.csv,payload_scaling,TCP,localhost,,64KB,23,5488297,5.488,duration_ns,5488297,throughput_mbps,11.9410
payload_scaling.csv,payload_scaling,TCP,localhost,,64KB,24,1164776,1.165,duration_ns,1164776,throughput_mbps,56.2649
payload_scaling.csv,payload_scaling,TCP,localhost,,64KB,25,1097212,1.097,duration_ns,1097212,throughput_mbps,59.7296
payload_scaling.csv,payload_scaling,TCP,localhost,,64KB,26,8769398,8.769,duration_ns,8769398,throughput_mbps,7.4733
payload_scaling.csv,payload_scaling,TCP,localhost,,64KB,27,1358536,1.359,duration_ns,1358536,throughput_mbps,48.2402
payload_scaling.csv,payload_scaling,TCP,localhost,,64KB,28,3389272,3.389,duration_ns,3389272,throughput_mbps,19.3363
payload_scaling.csv,payload_scaling,TCP,localhost,,64KB,29,1038186,1.038,duration_ns,1038186,throughput_mbps,63.1255
payload_scaling.csv,payload_scaling,TCP,localhost,,64KB,30,1018636,1.019,duration_ns,1018636,throughput_mbps,64.3370
payload_scaling.csv,payload_scaling,TCP,localhost,,64KB,31,1097322,1.097,duration_ns,1097322,throughput_mbps,59.7236
payload_scaling.csv,payload_scaling,TCP,localhost,,64KB,32,1299601,1.300,duration_ns,1299601,throughput_mbps,50.4278
payload_scaling.csv,payload_scaling,TCP,localhost,,64KB,33,4952581,4.953,duration_ns,4952581,throughput_mbps,13.2327
payload_scaling.csv,payload_scaling,TCP,localhost,,64KB,34,5077934,5.078,duration_ns,5077934,throughput_mbps,12.9060
payload_scaling.csv,payload_scaling,TCP,localhost,,64KB,35,1009519,1.010,duration_ns,1009519,throughput_mbps,64.9180
payload_scaling.csv,payload_scaling,TCP,localhost,,64KB,36,1022921,1.023,duration_ns,1022921,throughput_mbps,64.0675
payload_scaling.csv,payload_scaling,TCP,localhost,,64KB,37,6107310,6.107,duration_ns,6107310,throughput_mbps,10.7307
payload_scaling.csv,payload_scaling,TCP,localhost,,64KB,38,1359648,1.360,duration_ns,1359648,throughput_mbps,48.2007
payload_scaling.csv,payload_scaling,TCP,localhost,,64KB,39,1424611,1.425,duration_ns,1424611,throughput_mbps,46.0027
payload_scaling.csv,payload_scaling,TCP,localhost,,64KB,40,4840894,4.841,duration_ns,4840894,throughput_mbps,13.5380
payload_scaling.csv,payload_scaling,TCP,localhost,,64KB,41,1125859,1.126,duration_ns,1125859,throughput_mbps,58.2098
payload_scaling.csv,payload_scaling,TCP,localhost,,64KB,42,4092665,4.093,duration_ns,4092665,throughput_mbps,16.0130
payload_scaling.csv,payload_scaling,TCP,localhost,,64KB,43,4696941,4.697,duration_ns,4696941,throughput_mbps,13.9529
payload_scaling.csv,payload_scaling,TCP,localhost,,64KB,44,3407860,3.408,duration_ns,3407860,throughput_mbps,19.2308
payload_scaling.csv,payload_scaling,TCP,localhost,,64KB,45,1110725,1.111,duration_ns,1110725,throughput_mbps,59.0029
payload_scaling.csv,payload_scaling,TCP,localhost,,64KB,46,1037022,1.037,duration_ns,1037022,throughput_mbps,63.1963
payload_scaling.csv,payload_scaling,TCP,localhost,,64KB,47,1027436,1.027,duration_ns,1027436,throughput_mbps,63.7860
payload_scaling.csv,payload_scaling,TCP,localhost,,64KB,48,15811216,15.811,duration_ns,15811216,throughput_mbps,4.1449
payload_scaling.csv,payload_scaling,TCP,localhost,,64KB,49,7282306,7.282,duration_ns,7282306,throughput_mbps,8.9993
payload_scaling.csv,payload_scaling,TCP,localhost,,64KB,50,1733976,1.734,duration_ns,1733976,throughput_mbps,37.7952
payload_scaling.csv,payload_scaling,QUIC,localhost,,128B,1,193023,0.193,duration_ns,193023,throughput_mbps,0.6631
payload_scaling.csv,payload_scaling,QUIC,localhost,,128B,2,25600,0.026,duration_ns,25600,throughput_mbps,5.0000
payload_scaling.csv,payload_scaling,QUIC,localhost,,128B,3,17937,0.018,duration_ns,17937,throughput_mbps,7.1361
payload_scaling.csv,payload_scaling,QUIC,localhost,,128B,4,17191,0.017,duration_ns,17191,throughput_mbps,7.4458
payload_scaling.csv,payload_scaling,QUIC,localhost,,128B,5,22098,0.022,duration_ns,22098,throughput_mbps,5.7924
payload_scaling.csv,payload_scaling,QUIC,localhost,,128B,6,20898,0.021,duration_ns,20898,throughput_mbps,6.1250
payload_scaling.csv,payload_scaling,QUIC,localhost,,128B,7,501529,0.502,duration_ns,501529,throughput_mbps,0.2552
payload_scaling.csv,payload_scaling,QUIC,localhost,,128B,8,22739,0.023,duration_ns,22739,throughput_mbps,5.6291
payload_scaling.csv,payload_scaling,QUIC,localhost,,128B,9,12936,0.013,duration_ns,12936,throughput_mbps,9.8949
payload_scaling.csv,payload_scaling,QUIC,localhost,,128B,10,12337,0.012,duration_ns,12337,throughput_mbps,10.3753
payload_scaling.csv,payload_scaling,QUIC,localhost,,128B,11,12965,0.013,duration_ns,12965,throughput_mbps,9.8727
payload_scaling.csv,payload_scaling,QUIC,localhost,,128B,12,12491,0.012,duration_ns,12491,throughput_mbps,10.2474
payload_scaling.csv,payload_scaling,QUIC,localhost,,128B,13,153425,0.153,duration_ns,153425,throughput_mbps,0.8343
payload_scaling.csv,payload_scaling,QUIC,localhost,,128B,14,62596,0.063,duration_ns,62596,throughput_mbps,2.0449
payload_scaling.csv,payload_scaling,QUIC,localhost,,128B,15,13585,0.014,duration_ns,13585,throughput_mbps,9.4222
payload_scaling.csv,payload_scaling,QUIC,localhost,,128B,16,20813,0.021,duration_ns,20813,throughput_mbps,6.1500
payload_scaling.csv,payload_scaling,QUIC,localhost,,128B,17,22899,0.023,duration_ns,22899,throughput_mbps,5.5898
payload_scaling.csv,payload_scaling,QUIC,localhost,,128B,18,17467,0.017,duration_ns,17467,throughput_mbps,7.3281
payload_scaling.csv,payload_scaling,QUIC,localhost,,128B,19,9081,0.009,duration_ns,9081,throughput_mbps,14.0954
payload_scaling.csv,payload_scaling,QUIC,localhost,,128B,20,7644,0.008,duration_ns,7644,throughput_mbps,16.7452
payload_scaling.csv,payload_scaling,QUIC,localhost,,128B,21,45849,0.046,duration_ns,45849,throughput_mbps,2.7918
payload_scaling.csv,payload_scaling,QUIC,localhost,,128B,22,7796,0.008,duration_ns,7796,throughput_mbps,16.4187
payload_scaling.csv,payload_scaling,QUIC,localhost,,128B,23,112855,0.113,duration_ns,112855,throughput_mbps,1.1342
payload_scaling.csv,payload_scaling,QUIC,localhost,,128B,24,8250,0.008,duration_ns,8250,throughput_mbps,15.5152
payload_scaling.csv,payload_scaling,QUIC,localhost,,128B,25,7407,0.007,duration_ns,7407,throughput_mbps,17.2810
payload_scaling.csv,payload_scaling,QUIC,localhost,,128B,26,7718,0.008,duration_ns,7718,throughput_mbps,16.5846
payload_scaling.csv,payload_scaling,QUIC,localhost,,128B,27,6943,0.007,duration_ns,6943,throughput_mbps,18.4358
payload_scaling.csv,payload_scaling,QUIC,localhost,,128B,28,6988,0.007,duration_ns,6988,throughput_mbps,18.3171
payload_scaling.csv,payload_scaling,QUIC,localhost,,128B,29,90209,0.090,duration_ns,90209,throughput_mbps,1.4189
payload_scaling.csv,payload_scaling,QUIC,localhost,,128B,30,9950,0.010,duration_ns,9950,throughput_mbps,12.8643
payload_scaling.csv,payload_scaling,QUIC,localhost,,128B,31,7493,0.007,duration_ns,7493,throughput_mbps,17.0826
payload_scaling.csv,payload_scaling,QUIC,localhost,,128B,32,6806,0.007,duration_ns,6806,throughput_mbps,18.8069
payload_scaling.csv,payload_scaling,QUIC,localhost,,128B,33,7043,0.007,duration_ns,7043,throughput_mbps,18.1741
payload_scaling.csv,payload_scaling,QUIC,localhost,,128B,34,6931,0.007,duration_ns,6931,throughput_mbps,18.4678
payload_scaling.csv,payload_scaling,QUIC,localhost,,128B,35,1098900,1.099,duration_ns,1098900,throughput_mbps,0.1165
payload_scaling.csv,payload_scaling,QUIC,localhost,,128B,36,15474,0.015,duration_ns,15474,throughput_mbps,8.2719
payload_scaling.csv,payload_scaling,QUIC,localhost,,128B,37,12367,0.012,duration_ns,12367,throughput_mbps,10.3501
payload_scaling.csv,payload_scaling,QUIC,localhost,,128B,38,11578,0.012,duration_ns,11578,throughput_mbps,11.0554
payload_scaling.csv,payload_scaling,QUIC,localhost,,128B,39,13012,0.013,duration_ns,13012,throughput_mbps,9.8371
payload_scaling.csv,payload_scaling,QUIC,localhost,,128B,40,12359,0.012,duration_ns,12359,throughput_mbps,10.3568
payload_scaling.csv,payload_scaling,QUIC,localhost,,128B,41,191878,0.192,duration_ns,191878,throughput_mbps,0.6671
payload_scaling.csv,payload_scaling,QUIC,localhost,,128B,42,16838,0.017,duration_ns,16838,throughput_mbps,7.6019
payload_scaling.csv,payload_scaling,QUIC,localhost,,128B,43,11407,0.011,duration_ns,11407,throughput_mbps,11.2212
payload_scaling.csv,payload_scaling,QUIC,localhost,,128B,44,12925,0.013,duration_ns,12925,throughput_mbps,9.9033
payload_scaling.csv,payload_scaling,QUIC,localhost,,128B,45,11386,0.011,duration_ns,11386,throughput_mbps,11.2419
payload_scaling.csv,payload_scaling,QUIC,localhost,,128B,46,11826,0.012,duration_ns,11826,throughput_mbps,10.8236
payload_scaling.csv,payload_scaling,QUIC,localhost,,128B,47,129531,0.130,duration_ns,129531,throughput_mbps,0.9882
payload_scaling.csv,payload_scaling,QUIC,localhost,,128B,48,13972,0.014,duration_ns,13972,throughput_mbps,9.1612
payload_scaling.csv,payload_scaling,QUIC,localhost,,128B,49,12409,0.012,duration_ns,12409,throughput_mbps,10.3151
payload_scaling.csv,payload_scaling,QUIC,localhost,,128B,50,12470,0.012,duration_ns,12470,throughput_mbps,10.2646
payload_scaling.csv,payload_scaling,QUIC,localhost,,1KB,1,168313,0.168,duration_ns,168313,throughput_mbps,6.0839
payload_scaling.csv,payload_scaling,QUIC,localhost,,1KB,2,287234,0.287,duration_ns,287234,throughput_mbps,3.5650
payload_scaling.csv,payload_scaling,QUIC,localhost,,1KB,3,64679,0.065,duration_ns,64679,throughput_mbps,15.8320
payload_scaling.csv,payload_scaling,QUIC,localhost,,1KB,4,315278,0.315,duration_ns,315278,throughput_mbps,3.2479
payload_scaling.csv,payload_scaling,QUIC,localhost,,1KB,5,311798,0.312,duration_ns,311798,throughput_mbps,3.2842
payload_scaling.csv,payload_scaling,QUIC,localhost,,1KB,6,159044,0.159,duration_ns,159044,throughput_mbps,6.4385
payload_scaling.csv,payload_scaling,QUIC,localhost,,1KB,7,2117009,2.117,duration_ns,2117009,throughput_mbps,0.4837
payload_scaling.csv,payload_scaling,QUIC,localhost,,1KB,8,1171961,1.172,duration_ns,1171961,throughput_mbps,0.8737
payload_scaling.csv,payload_scaling,QUIC,localhost,,1KB,9,210383,0.210,duration_ns,210383,throughput_mbps,4.8673
payload_scaling.csv,payload_scaling,QUIC,localhost,,1KB,10,34114,0.034,duration_ns,34114,throughput_mbps,30.0170
payload_scaling.csv,payload_scaling,QUIC,localhost,,1KB,11,193541,0.194,duration_ns,193541,throughput_mbps,5.2909
payload_scaling.csv,payload_scaling,QUIC,localhost,,1KB,12,2562896,2.563,duration_ns,2562896,throughput_mbps,0.3995
payload_scaling.csv,payload_scaling,QUIC,localhost,,1KB,13,150409,0.150,duration_ns,150409,throughput_mbps,6.8081
payload_scaling.csv,payload_scaling,QUIC,localhost,,1KB,14,1226339,1.226,duration_ns,1226339,throughput_mbps,0.8350
payload_scaling.csv,payload_scaling,QUIC,localhost,,1KB,15,178373,0.178,duration_ns,178373,throughput_mbps,5.7408
payload_scaling.csv,payload_scaling,QUIC,localhost,,1KB,16,144315,0.144,duration_ns,144315,throughput_mbps,7.0956
payload_scaling.csv,payload_scaling,QUIC,localhost,,1KB,17,184817,0.185,duration_ns,184817,throughput_mbps,5.5406
payload_scaling.csv,payload_scaling,QUIC,localhost,,1KB,18,163822,0.164,duration_ns,163822,throughput_mbps,6.2507
payload_scaling.csv,payload_scaling,QUIC,localhost,,1KB,19,163478,0.163,duration_ns,163478,throughput_mbps,6.2638
payload_scaling.csv,payload_scaling,QUIC,localhost,,1KB,20,136193,0.136,duration_ns,136193,throughput_mbps,7.5187
payload_scaling.csv,payload_scaling,QUIC,localhost,,1KB,21,277857,0.278,duration_ns,277857,throughput_mbps,3.6853
payload_scaling.csv,payload_scaling,QUIC,localhost,,1KB,22,163054,0.163,duration_ns,163054,throughput_mbps,6.2801
payload_scaling.csv,payload_scaling,QUIC,localhost,,1KB,23,131815,0.132,duration_ns,131815,throughput_mbps,7.7685
payload_scaling.csv,payload_scaling,QUIC,localhost,,1KB,24,54373,0.054,duration_ns,54373,throughput_mbps,18.8329
payload_scaling.csv,payload_scaling,QUIC,localhost,,1KB,25,58469,0.058,duration_ns,58469,throughput_mbps,17.5136
payload_scaling.csv,payload_scaling,QUIC,localhost,,1KB,26,155615,0.156,duration_ns,155615,throughput_mbps,6.5803
payload_scaling.csv,payload_scaling,QUIC,localhost,,1KB,27,445096,0.445,duration_ns,445096,throughput_mbps,2.3006
payload_scaling.csv,payload_scaling,QUIC,localhost,,1KB,28,218328,0.218,duration_ns,218328,throughput_mbps,4.6902
payload_scaling.csv,payload_scaling,QUIC,localhost,,1KB,29,34397,0.034,duration_ns,34397,throughput_mbps,29.7700
payload_scaling.csv,payload_scaling,QUIC,localhost,,1KB,30,5006377,5.006,duration_ns,5006377,throughput_mbps,0.2045
payload_scaling.csv,payload_scaling,QUIC,localhost,,1KB,31,171142,0.171,duration_ns,171142,throughput_mbps,5.9833
payload_scaling.csv,payload_scaling,QUIC,localhost,,1KB,32,62265,0.062,duration_ns,62265,throughput_mbps,16.4458
payload_scaling.csv,payload_scaling,QUIC,localhost,,1KB,33,82046,0.082,duration_ns,82046,throughput_mbps,12.4808
payload_scaling.csv,payload_scaling,QUIC,localhost,,1KB,34,30392,0.030,duration_ns,30392,throughput_mbps,33.6931
payload_scaling.csv,payload_scaling,QUIC,localhost,,1KB,35,208271,0.208,duration_ns,208271,throughput_mbps,4.9167
payload_scaling.csv,payload_scaling,QUIC,localhost,,1KB,36,68272,0.068,duration_ns,68272,throughput_mbps,14.9988
payload_scaling.csv,payload_scaling,QUIC,localhost,,1KB,37,95582,0.096,duration_ns,95582,throughput_mbps,10.7133
payload_scaling.csv,payload_scaling,QUIC,localhost,,1KB,38,148209,0.148,duration_ns,148209,throughput_mbps,6.9092
payload_scaling.csv,payload_scaling,QUIC,localhost,,1KB,39,189772,0.190,duration_ns,189772,throughput_mbps,5.3959
payload_scaling.csv,payload_scaling,QUIC,localhost,,1KB,40,29990,0.030,duration_ns,29990,throughput_mbps,34.1447
payload_scaling.csv,payload_scaling,QUIC,localhost,,1KB,41,220706,0.221,duration_ns,220706,throughput_mbps,4.6397
payload_scaling.csv,payload_scaling,QUIC,localhost,,1KB,42,312500,0.312,duration_ns,312500,throughput_mbps,3.2768
payload_scaling.csv,payload_scaling,QUIC,localhost,,1KB,43,28600,0.029,duration_ns,28600,throughput_mbps,35.8042
payload_scaling.csv,payload_scaling,QUIC,localhost,,1KB,44,178586,0.179,duration_ns,178586,throughput_mbps,5.7339
payload_scaling.csv,payload_scaling,QUIC,localhost,,1KB,45,99271,0.099,duration_ns,99271,throughput_mbps,10.3152
payload_scaling.csv,payload_scaling,QUIC,localhost,,1KB,46,37722,0.038,duration_ns,37722,throughput_mbps,27.1460
payload_scaling.csv,payload_scaling,QUIC,localhost,,1KB,47,157168,0.157,duration_ns,157168,throughput_mbps,6.5153
payload_scaling.csv,payload_scaling,QUIC,localhost,,1KB,48,243218,0.243,duration_ns,243218,throughput_mbps,4.2102
payload_scaling.csv,payload_scaling,QUIC,localhost,,1KB,49,32006,0.032,duration_ns,32006,throughput_mbps,31.9940
payload_scaling.csv,payload_scaling,QUIC,localhost,,1KB,50,97183,0.097,duration_ns,97183,throughput_mbps,10.5368
payload_scaling.csv,payload_scaling,QUIC,localhost,,16KB,1,955527,0.956,duration_ns,955527,throughput_mbps,17.1466
payload_scaling.csv,payload_scaling,QUIC,localhost,,16KB,2,3074879,3.075,duration_ns,3074879,throughput_mbps,5.3283
payload_scaling.csv,payload_scaling,QUIC,localhost,,16KB,3,1154504,1.155,duration_ns,1154504,throughput_mbps,14.1914
payload_scaling.csv,payload_scaling,QUIC,localhost,,16KB,4,3199032,3.199,duration_ns,3199032,throughput_mbps,5.1215
payload_scaling.csv,payload_scaling,QUIC,localhost,,16KB,5,602697,0.603,duration_ns,602697,throughput_mbps,27.1845
payload_scaling.csv,payload_scaling,QUIC,localhost,,16KB,6,2505836,2.506,duration_ns,2505836,throughput_mbps,6.5383
payload_scaling.csv,payload_scaling,QUIC,localhost,,16KB,7,635952,0.636,duration_ns,635952,throughput_mbps,25.7630
payload_scaling.csv,payload_scaling,QUIC,localhost,,16KB,8,678376,0.678,duration_ns,678376,throughput_mbps,24.1518
payload_scaling.csv,payload_scaling,QUIC,localhost,,16KB,9,582691,0.583,duration_ns,582691,throughput_mbps,28.1178
payload_scaling.csv,payload_scaling,QUIC,localhost,,16KB,10,3514309,3.514,duration_ns,3514309,throughput_mbps,4.6621
payload_scaling.csv,payload_scaling,QUIC,localhost,,16KB,11,525927,0.526,duration_ns,525927,throughput_mbps,31.1526
payload_scaling.csv,payload_scaling,QUIC,localhost,,16KB,12,648820,0.649,duration_ns,648820,throughput_mbps,25.2520
payload_scaling.csv,payload_scaling,QUIC,localhost,,16KB,13,6689117,6.689,duration_ns,6689117,throughput_mbps,2.4494
payload_scaling.csv,payload_scaling,QUIC,localhost,,16KB,14,1336549,1.337,duration_ns,1336549,throughput_mbps,12.2584
payload_scaling.csv,payload_scaling,QUIC,localhost,,16KB,15,6475008,6.475,duration_ns,6475008,throughput_mbps,2.5303
payload_scaling.csv,payload_scaling,QUIC,localhost,,16KB,16,858190,0.858,duration_ns,858190,throughput_mbps,19.0913
payload_scaling.csv,payload_scaling,QUIC,localhost,,16KB,17,841760,0.842,duration_ns,841760,throughput_mbps,19.4640
payload_scaling.csv,payload_scaling,QUIC,localhost,,16KB,18,836101,0.836,duration_ns,836101,throughput_mbps,19.5957
payload_scaling.csv,payload_scaling,QUIC,localhost,,16KB,19,794485,0.794,duration_ns,794485,throughput_mbps,20.6222
payload_scaling.csv,payload_scaling,QUIC,localhost,,16KB,20,854896,0.855,duration_ns,854896,throughput_mbps,19.1649
payload_scaling.csv,payload_scaling,QUIC,localhost,,16KB,21,3473737,3.474,duration_ns,3473737,throughput_mbps,4.7165
payload_scaling.csv,payload_scaling,QUIC,localhost,,16KB,22,1894730,1.895,duration_ns,1894730,throughput_mbps,8.6471
payload_scaling.csv,payload_scaling,QUIC,localhost,,16KB,23,2213655,2.214,duration_ns,2213655,throughput_mbps,7.4013
payload_scaling.csv,payload_scaling,QUIC,localhost,,16KB,24,792613,0.793,duration_ns,792613,throughput_mbps,20.6709
payload_scaling.csv,payload_scaling,QUIC,localhost,,16KB,25,3285169,3.285,duration_ns,3285169,throughput_mbps,4.9873
payload_scaling.csv,payload_scaling,QUIC,localhost,,16KB,26,687159,0.687,duration_ns,687159,throughput_mbps,23.8431
payload_scaling.csv,payload_scaling,QUIC,localhost,,16KB,27,3428975,3.429,duration_ns,3428975,throughput_mbps,4.7781
payload_scaling.csv,payload_scaling,QUIC,localhost,,16KB,28,1004695,1.005,duration_ns,1004695,throughput_mbps,16.3074
payload_scaling.csv,payload_scaling,QUIC,localhost,,16KB,29,1035514,1.036,duration_ns,1035514,throughput_mbps,15.8221
payload_scaling.csv,payload_scaling,QUIC,localhost,,16KB,30,3913294,3.913,duration_ns,3913294,throughput_mbps,4.1868
payload_scaling.csv,payload_scaling,QUIC,localhost,,16KB,31,1291999,1.292,duration_ns,1291999,throughput_mbps,12.6811
payload_scaling.csv,payload_scaling,QUIC,localhost,,16KB,32,1026335,1.026,duration_ns,1026335,throughput_mbps,15.9636
payload_scaling.csv,payload_scaling,QUIC,localhost,,16KB,33,978117,0.978,duration_ns,978117,throughput_mbps,16.7506
payload_scaling.csv,payload_scaling,QUIC,localhost,,16KB,34,481331,0.481,duration_ns,481331,throughput_mbps,34.0389
payload_scaling.csv,payload_scaling,QUIC,localhost,,16KB,35,1229119,1.229,duration_ns,1229119,throughput_mbps,13.3299
payload_scaling.csv,payload_scaling,QUIC,localhost,,16KB,36,1612123,1.612,duration_ns,1612123,throughput_mbps,10.1630
payload_scaling.csv,payload_scaling,QUIC,localhost,,16KB,37,851813,0.852,duration_ns,851813,throughput_mbps,19.2343
payload_scaling.csv,payload_scaling,QUIC,localhost,,16KB,38,531132,0.531,duration_ns,531132,throughput_mbps,30.8473
payload_scaling.csv,payload_scaling,QUIC,localhost,,16KB,39,608419,0.608,duration_ns,608419,throughput_mbps,26.9288
payload_scaling.csv,payload_scaling,QUIC,localhost,,16KB,40,448811,0.449,duration_ns,448811,throughput_mbps,36.5053
payload_scaling.csv,payload_scaling,QUIC,localhost,,16KB,41,4458862,4.459,duration_ns,4458862,throughput_mbps,3.6745
payload_scaling.csv,payload_scaling,QUIC,localhost,,16KB,42,3144313,3.144,duration_ns,3144313,throughput_mbps,5.2107
payload_scaling.csv,payload_scaling,QUIC,localhost,,16KB,43,2339434,2.339,duration_ns,2339434,throughput_mbps,7.0034
payload_scaling.csv,payload_scaling,QUIC,localhost,,16KB,44,803396,0.803,duration_ns,803396,throughput_mbps,20.3934
payload_scaling.csv,payload_scaling,QUIC,localhost,,16KB,45,591473,0.591,duration_ns,591473,throughput_mbps,27.7003
payload_scaling.csv,payload_scaling,QUIC,localhost,,16KB,46,1263454,1.263,duration_ns,1263454,throughput_mbps,12.9676
payload_scaling.csv,payload_scaling,QUIC,localhost,,16KB,47,4300874,4.301,duration_ns,4300874,throughput_mbps,3.8095
payload_scaling.csv,payload_scaling,QUIC,localhost,,16KB,48,802639,0.803,duration_ns,802639,throughput_mbps,20.4127
payload_scaling.csv,payload_scaling,QUIC,localhost,,16KB,49,1067201,1.067,duration_ns,1067201,throughput_mbps,15.3523
payload_scaling.csv,payload_scaling,QUIC,localhost,,16KB,50,1005582,1.006,duration_ns,1005582,throughput_mbps,16.2931
payload_scaling.csv,payload_scaling,QUIC,localhost,,64KB,1,2732681,2.733,duration_ns,2732681,throughput_mbps,23.9823
payload_scaling.csv,payload_scaling,QUIC,localhost,,64KB,2,3050218,3.050,duration_ns,3050218,throughput_mbps,21.4857
payload_scaling.csv,payload_scaling,QUIC,localhost,,64KB,3,2785206,2.785,duration_ns,2785206,throughput_mbps,23.5300
payload_scaling.csv,payload_scaling,QUIC,localhost,,64KB,4,5055562,5.056,duration_ns,5055562,throughput_mbps,12.9631
payload_scaling.csv,payload_scaling,QUIC,localhost,,64KB,5,6874276,6.874,duration_ns,6874276,throughput_mbps,9.5335
payload_scaling.csv,payload_scaling,QUIC,localhost,,64KB,6,2041326,2.041,duration_ns,2041326,throughput_mbps,32.1046
payload_scaling.csv,payload_scaling,QUIC,localhost,,64KB,7,3770526,3.771,duration_ns,3770526,throughput_mbps,17.3811
payload_scaling.csv,payload_scaling,QUIC,localhost,,64KB,8,9722894,9.723,duration_ns,9722894,throughput_mbps,6.7404
payload_scaling.csv,payload_scaling,QUIC,localhost,,64KB,9,5135801,5.136,duration_ns,5135801,throughput_mbps,12.7606
payload_scaling.csv,payload_scaling,QUIC,localhost,,64KB,10,2891462,2.891,duration_ns,2891462,throughput_mbps,22.6654
payload_scaling.csv,payload_scaling,QUIC,localhost,,64KB,11,2529995,2.530,duration_ns,2529995,throughput_mbps,25.9036
payload_scaling.csv,payload_scaling,QUIC,localhost,,64KB,12,2755893,2.756,duration_ns,2755893,throughput_mbps,23.7803
payload_scaling.csv,payload_scaling,QUIC,localhost,,64KB,13,9029659,9.030,duration_ns,9029659,throughput_mbps,7.2579
payload_scaling.csv,payload_scaling,QUIC,localhost,,64KB,14,3555630,3.556,duration_ns,3555630,throughput_mbps,18.4316
payload_scaling.csv,payload_scaling,QUIC,localhost,,64KB,15,2216595,2.217,duration_ns,2216595,throughput_mbps,29.5661
payload_scaling.csv,payload_scaling,QUIC,localhost,,64KB,16,4335216,4.335,duration_ns,4335216,throughput_mbps,15.1171
payload_scaling.csv,payload_scaling,QUIC,localhost,,64KB,17,2046032,2.046,duration_ns,2046032,throughput_mbps,32.0308
payload_scaling.csv,payload_scaling,QUIC,localhost,,64KB,18,7992125,7.992,duration_ns,7992125,throughput_mbps,8.2001
payload_scaling.csv,payload_scaling,QUIC,localhost,,64KB,19,4725705,4.726,duration_ns,4725705,throughput_mbps,13.8680
payload_scaling.csv,payload_scaling,QUIC,localhost,,64KB,20,2368678,2.369,duration_ns,2368678,throughput_mbps,27.6678
payload_scaling.csv,payload_scaling,QUIC,localhost,,64KB,21,3717371,3.717,duration_ns,3717371,throughput_mbps,17.6297
payload_scaling.csv,payload_scaling,QUIC,localhost,,64KB,22,2851700,2.852,duration_ns,2851700,throughput_mbps,22.9814
payload_scaling.csv,payload_scaling,QUIC,localhost,,64KB,23,2787355,2.787,duration_ns,2787355,throughput_mbps,23.5119
payload_scaling.csv,payload_scaling,QUIC,localhost,,64KB,24,3476467,3.476,duration_ns,3476467,throughput_mbps,18.8513
payload_scaling.csv,payload_scaling,QUIC,localhost,,64KB,25,4218015,4.218,duration_ns,4218015,throughput_mbps,15.5372
payload_scaling.csv,payload_scaling,QUIC,localhost,,64KB,26,4110587,4.111,duration_ns,4110587,throughput_mbps,15.9432
payload_scaling.csv,payload_scaling,QUIC,localhost,,64KB,27,2315147,2.315,duration_ns,2315147,throughput_mbps,28.3075
payload_scaling.csv,payload_scaling,QUIC,localhost,,64KB,28,2649674,2.650,duration_ns,2649674,throughput_mbps,24.7336
payload_scaling.csv,payload_scaling,QUIC,localhost,,64KB,29,2623949,2.624,duration_ns,2623949,throughput_mbps,24.9761
payload_scaling.csv,payload_scaling,QUIC,localhost,,64KB,30,3288667,3.289,duration_ns,3288667,throughput_mbps,19.9278
payload_scaling.csv,payload_scaling,QUIC,localhost,,64KB,31,7016506,7.017,duration_ns,7016506,throughput_mbps,9.3403
payload_scaling.csv,payload_scaling,QUIC,localhost,,64KB,32,6321189,6.321,duration_ns,6321189,throughput_mbps,10.3677
payload_scaling.csv,payload_scaling,QUIC,localhost,,64KB,33,2298241,2.298,duration_ns,2298241,throughput_mbps,28.5157
payload_scaling.csv,payload_scaling,QUIC,localhost,,64KB,34,2413377,2.413,duration_ns,2413377,throughput_mbps,27.1553
payload_scaling.csv,payload_scaling,QUIC,localhost,,64KB,35,17540912,17.541,duration_ns,17540912,throughput_mbps,3.7362
payload_scaling.csv,payload_scaling,QUIC,localhost,,64KB,36,4669708,4.670,duration_ns,4669708,throughput_mbps,14.0343
payload_scaling.csv,payload_scaling,QUIC,localhost,,64KB,37,2473171,2.473,duration_ns,2473171,throughput_mbps,26.4988
payload_scaling.csv,payload_scaling,QUIC,localhost,,64KB,38,2025693,2.026,duration_ns,2025693,throughput_mbps,32.3524
payload_scaling.csv,payload_scaling,QUIC,localhost,,64KB,39,2557563,2.558,duration_ns,2557563,throughput_mbps,25.6244
payload_scaling.csv,payload_scaling,QUIC,localhost,,64KB,40,6635485,6.635,duration_ns,6635485,throughput_mbps,9.8766
payload_scaling.csv,payload_scaling,QUIC,localhost,,64KB,41,4402329,4.402,duration_ns,4402329,throughput_mbps,14.8867
payload_scaling.csv,payload_scaling,QUIC,localhost,,64KB,42,2498863,2.499,duration_ns,2498863,throughput_mbps,26.2263
payload_scaling.csv,payload_scaling,QUIC,localhost,,64KB,43,4598973,4.599,duration_ns,4598973,throughput_mbps,14.2501
payload_scaling.csv,payload_scaling,QUIC,localhost,,64KB,44,5880260,5.880,duration_ns,5880260,throughput_mbps,11.1451
payload_scaling.csv,payload_scaling,QUIC,localhost,,64KB,45,7567781,7.568,duration_ns,7567781,throughput_mbps,8.6599
payload_scaling.csv,payload_scaling,QUIC,localhost,,64KB,46,4627732,4.628,duration_ns,4627732,throughput_mbps,14.1616
payload_scaling.csv,payload_scaling,QUIC,localhost,,64KB,47,3330984,3.331,duration_ns,3330984,throughput_mbps,19.6747
payload_scaling.csv,payload_scaling,QUIC,localhost,,64KB,48,3729061,3.729,duration_ns,3729061,throughput_mbps,17.5744
payload_scaling.csv,payload_scaling,QUIC,localhost,,64KB,49,7079688,7.080,duration_ns,7079688,throughput_mbps,9.2569
payload_scaling.csv,payload_scaling,QUIC,localhost,,64KB,50,3016327,3.016,duration_ns,3016327,throughput_mbps,21.7271
payload_scaling.csv,payload_scaling,TCP,10ms,,128B,1,158465,0.158,duration_ns,158465,throughput_mbps,0.8077
payload_scaling.csv,payload_scaling,TCP,10ms,,128B,2,57627,0.058,duration_ns,57627,throughput_mbps,2.2212
payload_scaling.csv,payload_scaling,TCP,10ms,,128B,3,56230,0.056,duration_ns,56230,throughput_mbps,2.2764
payload_scaling.csv,payload_scaling,TCP,10ms,,128B,4,56158,0.056,duration_ns,56158,throughput_mbps,2.2793
payload_scaling.csv,payload_scaling,TCP,10ms,,128B,5,53988,0.054,duration_ns,53988,throughput_mbps,2.3709
payload_scaling.csv,payload_scaling,TCP,10ms,,128B,6,27337,0.027,duration_ns,27337,throughput_mbps,4.6823
payload_scaling.csv,payload_scaling,TCP,10ms,,128B,7,24383,0.024,duration_ns,24383,throughput_mbps,5.2496
payload_scaling.csv,payload_scaling,TCP,10ms,,128B,8,24811,0.025,duration_ns,24811,throughput_mbps,5.1590
payload_scaling.csv,payload_scaling,TCP,10ms,,128B,9,69977,0.070,duration_ns,69977,throughput_mbps,1.8292
payload_scaling.csv,payload_scaling,TCP,10ms,,128B,10,23938,0.024,duration_ns,23938,throughput_mbps,5.3471
payload_scaling.csv,payload_scaling,TCP,10ms,,128B,11,27363,0.027,duration_ns,27363,throughput_mbps,4.6778
payload_scaling.csv,payload_scaling,TCP,10ms,,128B,12,24013,0.024,duration_ns,24013,throughput_mbps,5.3304
payload_scaling.csv,payload_scaling,TCP,10ms,,128B,13,24051,0.024,duration_ns,24051,throughput_mbps,5.3220
payload_scaling.csv,payload_scaling,TCP,10ms,,128B,14,23624,0.024,duration_ns,23624,throughput_mbps,5.4182
payload_scaling.csv,payload_scaling,TCP,10ms,,128B,15,25757,0.026,duration_ns,25757,throughput_mbps,4.9695
payload_scaling.csv,payload_scaling,TCP,10ms,,128B,16,24522,0.025,duration_ns,24522,throughput_mbps,5.2198
payload_scaling.csv,payload_scaling,TCP,10ms,,128B,17,23747,0.024,duration_ns,23747,throughput_mbps,5.3902
payload_scaling.csv,payload_scaling,TCP,10ms,,128B,18,136634,0.137,duration_ns,136634,throughput_mbps,0.9368
payload_scaling.csv,payload_scaling,TCP,10ms,,128B,19,24288,0.024,duration_ns,24288,throughput_mbps,5.2701
payload_scaling.csv,payload_scaling,TCP,10ms,,128B,20,91047,0.091,duration_ns,91047,throughput_mbps,1.4059
payload_scaling.csv,payload_scaling,TCP,10ms,,128B,21,24177,0.024,duration_ns,24177,throughput_mbps,5.2943
payload_scaling.csv,payload_scaling,TCP,10ms,,128B,22,85160,0.085,duration_ns,85160,throughput_mbps,1.5031
payload_scaling.csv,payload_scaling,TCP,10ms,,128B,23,28158,0.028,duration_ns,28158,throughput_mbps,4.5458
payload_scaling.csv,payload_scaling,TCP,10ms,,128B,24,72040,0.072,duration_ns,72040,throughput_mbps,1.7768
payload_scaling.csv,payload_scaling,TCP,10ms,,128B,25,23739,0.024,duration_ns,23739,throughput_mbps,5.3920
payload_scaling.csv,payload_scaling,TCP,10ms,,128B,26,25222,0.025,duration_ns,25222,throughput_mbps,5.0749
payload_scaling.csv,payload_scaling,TCP,10ms,,128B,27,37841,0.038,duration_ns,37841,throughput_mbps,3.3826
payload_scaling.csv,payload_scaling,TCP,10ms,,128B,28,24857,0.025,duration_ns,24857,throughput_mbps,5.1495
payload_scaling.csv,payload_scaling,TCP,10ms,,128B,29,24285,0.024,duration_ns,24285,throughput_mbps,5.2707
payload_scaling.csv,payload_scaling,TCP,10ms,,128B,30,23510,0.024,duration_ns,23510,throughput_mbps,5.4445
payload_scaling.csv,payload_scaling,TCP,10ms,,128B,31,23665,0.024,duration_ns,23665,throughput_mbps,5.4088
payload_scaling.csv,payload_scaling,TCP,10ms,,128B,32,43416,0.043,duration_ns,43416,throughput_mbps,2.9482
payload_scaling.csv,payload_scaling,TCP,10ms,,128B,33,23967,0.024,duration_ns,23967,throughput_mbps,5.3407
payload_scaling.csv,payload_scaling,TCP,10ms,,128B,34,23396,0.023,duration_ns,23396,throughput_mbps,5.4710
payload_scaling.csv,payload_scaling,TCP,10ms,,128B,35,30421,0.030,duration_ns,30421,throughput_mbps,4.2076
payload_scaling.csv,payload_scaling,TCP,10ms,,128B,36,28467,0.028,duration_ns,28467,throughput_mbps,4.4964
payload_scaling.csv,payload_scaling,TCP,10ms,,128B,37,26729,0.027,duration_ns,26729,throughput_mbps,4.7888
payload_scaling.csv,payload_scaling,TCP,10ms,,128B,38,23821,0.024,duration_ns,23821,throughput_mbps,5.3734
payload_scaling.csv,payload_scaling,TCP,10ms,,128B,39,23935,0.024,duration_ns,23935,throughput_mbps,5.3478
payload_scaling.csv,payload_scaling,TCP,10ms,,128B,40,54688,0.055,duration_ns,54688,throughput_mbps,2.3406
payload_scaling.csv,payload_scaling,TCP,10ms,,128B,41,25709,0.026,duration_ns,25709,throughput_mbps,4.9788
payload_scaling.csv,payload_scaling,TCP,10ms,,128B,42,24039,0.024,duration_ns,24039,throughput_mbps,5.3247
payload_scaling.csv,payload_scaling,TCP,10ms,,128B,43,24651,0.025,duration_ns,24651,throughput_mbps,5.1925
payload_scaling.csv,payload_scaling,TCP,10ms,,128B,44,24696,0.025,duration_ns,24696,throughput_mbps,5.1830
payload_scaling.csv,payload_scaling,TCP,10ms,,128B,45,24162,0.024,duration_ns,24162,throughput_mbps,5.2976
payload_scaling.csv,payload_scaling,TCP,10ms,,128B,46,23710,0.024,duration_ns,23710,throughput_mbps,5.3986
payload_scaling.csv,payload_scaling,TCP,10ms,,128B,47,29428,0.029,duration_ns,29428,throughput_mbps,4.3496
payload_scaling.csv,payload_scaling,TCP,10ms,,128B,48,23687,0.024,duration_ns,23687,throughput_mbps,5.4038
payload_scaling.csv,payload_scaling,TCP,10ms,,128B,49,23837,0.024,duration_ns,23837,throughput_mbps,5.3698
payload_scaling.csv,payload_scaling,TCP,10ms,,128B,50,33142,0.033,duration_ns,33142,throughput_mbps,3.8622
payload_scaling.csv,payload_scaling,TCP,10ms,,1KB,1,61410,0.061,duration_ns,61410,throughput_mbps,16.6748
payload_scaling.csv,payload_scaling,TCP,10ms,,1KB,2,56238,0.056,duration_ns,56238,throughput_mbps,18.2083
payload_scaling.csv,payload_scaling,TCP,10ms,,1KB,3,37561,0.038,duration_ns,37561,throughput_mbps,27.2623
payload_scaling.csv,payload_scaling,TCP,10ms,,1KB,4,37873,0.038,duration_ns,37873,throughput_mbps,27.0377
payload_scaling.csv,payload_scaling,TCP,10ms,,1KB,5,52661,0.053,duration_ns,52661,throughput_mbps,19.4451
payload_scaling.csv,payload_scaling,TCP,10ms,,1KB,6,37085,0.037,duration_ns,37085,throughput_mbps,27.6122
payload_scaling.csv,payload_scaling,TCP,10ms,,1KB,7,43347,0.043,duration_ns,43347,throughput_mbps,23.6233
payload_scaling.csv,payload_scaling,TCP,10ms,,1KB,8,71449,0.071,duration_ns,71449,throughput_mbps,14.3319
payload_scaling.csv,payload_scaling,TCP,10ms,,1KB,9,37993,0.038,duration_ns,37993,throughput_mbps,26.9523
payload_scaling.csv,payload_scaling,TCP,10ms,,1KB,10,55600,0.056,duration_ns,55600,throughput_mbps,18.4173
payload_scaling.csv,payload_scaling,TCP,10ms,,1KB,11,47725,0.048,duration_ns,47725,throughput_mbps,21.4563
payload_scaling.csv,payload_scaling,TCP,10ms,,1KB,12,39236,0.039,duration_ns,39236,throughput_mbps,26.0985
payload_scaling.csv,payload_scaling,TCP,10ms,,1KB,13,37313,0.037,duration_ns,37313,throughput_mbps,27.4435
payload_scaling.csv,payload_scaling,TCP,10ms,,1KB,14,38734,0.039,duration_ns,38734,throughput_mbps,26.4367
payload_scaling.csv,payload_scaling,TCP,10ms,,1KB,15,38843,0.039,duration_ns,38843,throughput_mbps,26.3625
payload_scaling.csv,payload_scaling,TCP,10ms,,1KB,16,63406,0.063,duration_ns,63406,throughput_mbps,16.1499
payload_scaling.csv,payload_scaling,TCP,10ms,,1KB,17,38663,0.039,duration_ns,38663,throughput_mbps,26.4853
payload_scaling.csv,payload_scaling,TCP,10ms,,1KB,18,37851,0.038,duration_ns,37851,throughput_mbps,27.0534
payload_scaling.csv,payload_scaling,TCP,10ms,,1KB,19,38642,0.039,duration_ns,38642,throughput_mbps,26.4997
payload_scaling.csv,payload_scaling,TCP,10ms,,1KB,20,37230,0.037,duration_ns,37230,throughput_mbps,27.5047
payload_scaling.csv,payload_scaling,TCP,10ms,,1KB,21,39372,0.039,duration_ns,39372,throughput_mbps,26.0083
payload_scaling.csv,payload_scaling,TCP,10ms,,1KB,22,38165,0.038,duration_ns,38165,throughput_mbps,26.8309
payload_scaling.csv,payload_scaling,TCP,10ms,,1KB,23,46190,0.046,duration_ns,46190,throughput_mbps,22.1693
payload_scaling.csv,payload_scaling,TCP,10ms,,1KB,24,37955,0.038,duration_ns,37955,throughput_mbps,26.9793
payload_scaling.csv,payload_scaling,TCP,10ms,,1KB,25,36956,0.037,duration_ns,36956,throughput_mbps,27.7086
payload_scaling.csv,payload_scaling,TCP,10ms,,1KB,26,38353,0.038,duration_ns,38353,throughput_mbps,26.6993
payload_scaling.csv,payload_scaling,TCP,10ms,,1KB,27,38234,0.038,duration_ns,38234,throughput_mbps,26.7824
payload_scaling.csv,payload_scaling,TCP,10ms,,1KB,28,49591,0.050,duration_ns,49591,throughput_mbps,20.6489
payload_scaling.csv,payload_scaling,TCP,10ms,,1KB,29,38145,0.038,duration_ns,38145,throughput_mbps,26.8449
payload_scaling.csv,payload_scaling,TCP,10ms,,1KB,30,35889,0.036,duration_ns,35889,throughput_mbps,28.5324
payload_scaling.csv,payload_scaling,TCP,10ms,,1KB,31,44751,0.045,duration_ns,44751,throughput_mbps,22.8822
payload_scaling.csv,payload_scaling,TCP,10ms,,1KB,32,39787,0.040,duration_ns,39787,throughput_mbps,25.7370
payload_scaling.csv,payload_scaling,TCP,10ms,,1KB,33,37633,0.038,duration_ns,37633,throughput_mbps,27.2102
payload_scaling.csv,payload_scaling,TCP,10ms,,1KB,34,35998,0.036,duration_ns,35998,throughput_mbps,28.4460
payload_scaling.csv,payload_scaling,TCP,10ms,,1KB,35,38091,0.038,duration_ns,38091,throughput_mbps,26.8830
payload_scaling.csv,payload_scaling,TCP,10ms,,1KB,36,37433,0.037,duration_ns,37433,throughput_mbps,27.3555
payload_scaling.csv,payload_scaling,TCP,10ms,,1KB,37,39564,0.040,duration_ns,39564,throughput_mbps,25.8821
payload_scaling.csv,payload_scaling,TCP,10ms,,1KB,38,37842,0.038,duration_ns,37842,throughput_mbps,27.0599
payload_scaling.csv,payload_scaling,TCP,10ms,,1KB,39,45104,0.045,duration_ns,45104,throughput_mbps,22.7031
payload_scaling.csv,payload_scaling,TCP,10ms,,1KB,40,37820,0.038,duration_ns,37820,throughput_mbps,27.0756
payload_scaling.csv,payload_scaling,TCP,10ms,,1KB,41,38303,0.038,duration_ns,38303,throughput_mbps,26.7342
payload_scaling.csv,payload_scaling,TCP,10ms,,1KB,42,81663,0.082,duration_ns,81663,throughput_mbps,12.5393
payload_scaling.csv,payload_scaling,TCP,10ms,,1KB,43,38113,0.038,duration_ns,38113,throughput_mbps,26.8675
payload_scaling.csv,payload_scaling,TCP,10ms,,1KB,44,37459,0.037,duration_ns,37459,throughput_mbps,27.3366
payload_scaling.csv,payload_scaling,TCP,10ms,,1KB,45,38781,0.039,duration_ns,38781,throughput_mbps,26.4047
payload_scaling.csv,payload_scaling,TCP,10ms,,1KB,46,40392,0.040,duration_ns,40392,throughput_mbps,25.3516
payload_scaling.csv,payload_scaling,TCP,10ms,,1KB,47,48853,0.049,duration_ns,48853,throughput_mbps,20.9608
payload_scaling.csv,payload_scaling,TCP,10ms,,1KB,48,36539,0.037,duration_ns,36539,throughput_mbps,28.0249
payload_scaling.csv,payload_scaling,TCP,10ms,,1KB,49,38902,0.039,duration_ns,38902,throughput_mbps,26.3226
payload_scaling.csv,payload_scaling,TCP,10ms,,1KB,50,35788,0.036,duration_ns,35788,throughput_mbps,28.6129
payload_scaling.csv,payload_scaling,TCP,10ms,,16KB,1,342406,0.342,duration_ns,342406,throughput_mbps,47.8496
payload_scaling.csv,payload_scaling,TCP,10ms,,16KB,2,307935,0.308,duration_ns,307935,throughput_mbps,53.2060
payload_scaling.csv,payload_scaling,TCP,10ms,,16KB,3,340149,0.340,duration_ns,340149,throughput_mbps,48.1671
payload_scaling.csv,payload_scaling,TCP,10ms,,16KB,4,284712,0.285,duration_ns,284712,throughput_mbps,57.5459
payload_scaling.csv,payload_scaling,TCP,10ms,,16KB,5,274376,0.274,duration_ns,274376,throughput_mbps,59.7137
payload_scaling.csv,payload_scaling,TCP,10ms,,16KB,6,308406,0.308,duration_ns,308406,throughput_mbps,53.1248
payload_scaling.csv,payload_scaling,TCP,10ms,,16KB,7,270464,0.270,duration_ns,270464,throughput_mbps,60.5774
payload_scaling.csv,payload_scaling,TCP,10ms,,16KB,8,274586,0.275,duration_ns,274586,throughput_mbps,59.6680
payload_scaling.csv,payload_scaling,TCP,10ms,,16KB,9,347533,0.348,duration_ns,347533,throughput_mbps,47.1437
payload_scaling.csv,payload_scaling,TCP,10ms,,16KB,10,313978,0.314,duration_ns,313978,throughput_mbps,52.1820
payload_scaling.csv,payload_scaling,TCP,10ms,,16KB,11,271682,0.272,duration_ns,271682,throughput_mbps,60.3058
payload_scaling.csv,payload_scaling,TCP,10ms,,16KB,12,291108,0.291,duration_ns,291108,throughput_mbps,56.2815
payload_scaling.csv,payload_scaling,TCP,10ms,,16KB,13,286279,0.286,duration_ns,286279,throughput_mbps,57.2309
payload_scaling.csv,payload_scaling,TCP,10ms,,16KB,14,284513,0.285,duration_ns,284513,throughput_mbps,57.5861
payload_scaling.csv,payload_scaling,TCP,10ms,,16KB,15,272222,0.272,duration_ns,272222,throughput_mbps,60.1862
payload_scaling.csv,payload_scaling,TCP,10ms,,16KB,16,285317,0.285,duration_ns,285317,throughput_mbps,57.4238
payload_scaling.csv,payload_scaling,TCP,10ms,,16KB,17,309951,0.310,duration_ns,309951,throughput_mbps,52.8600
payload_scaling.csv,payload_scaling,TCP,10ms,,16KB,18,726074,0.726,duration_ns,726074,throughput_mbps,22.5652
payload_scaling.csv,payload_scaling,TCP,10ms,,16KB,19,275758,0.276,duration_ns,275758,throughput_mbps,59.4144
payload_scaling.csv,payload_scaling,TCP,10ms,,16KB,20,273148,0.273,duration_ns,273148,throughput_mbps,59.9821
payload_scaling.csv,payload_scaling,TCP,10ms,,16KB,21,304118,0.304,duration_ns,304118,throughput_mbps,53.8738
payload_scaling.csv,payload_scaling,TCP,10ms,,16KB,22,315521,0.316,duration_ns,315521,throughput_mbps,51.9268
payload_scaling.csv,payload_scaling,TCP,10ms,,16KB,23,317709,0.318,duration_ns,317709,throughput_mbps,51.5692
payload_scaling.csv,payload_scaling,TCP,10ms,,16KB,24,274586,0.275,duration_ns,274586,throughput_mbps,59.6680
payload_scaling.csv,payload_scaling,TCP,10ms,,16KB,25,304974,0.305,duration_ns,304974,throughput_mbps,53.7226
payload_scaling.csv,payload_scaling,TCP,10ms,,16KB,26,275762,0.276,duration_ns,275762,throughput_mbps,59.4136
payload_scaling.csv,payload_scaling,TCP,10ms,,16KB,27,273079,0.273,duration_ns,273079,throughput_mbps,59.9973
payload_scaling.csv,payload_scaling,TCP,10ms,,16KB,28,283668,0.284,duration_ns,283668,throughput_mbps,57.7577
payload_scaling.csv,payload_scaling,TCP,10ms,,16KB,29,384375,0.384,duration_ns,384375,throughput_mbps,42.6250
payload_scaling.csv,payload_scaling,TCP,10ms,,16KB,30,2397951,2.398,duration_ns,2397951,throughput_mbps,6.8325
payload_scaling.csv,payload_scaling,TCP,10ms,,16KB,31,739237,0.739,duration_ns,739237,throughput_mbps,22.1634
payload_scaling.csv,payload_scaling,TCP,10ms,,16KB,32,277208,0.277,duration_ns,277208,throughput_mbps,59.1036
payload_scaling.csv,payload_scaling,TCP,10ms,,16KB,33,365601,0.366,duration_ns,365601,throughput_mbps,44.8139
payload_scaling.csv,payload_scaling,TCP,10ms,,16KB,34,397917,0.398,duration_ns,397917,throughput_mbps,41.1744
payload_scaling.csv,payload_scaling,TCP,10ms,,16KB,35,353003,0.353,duration_ns,353003,throughput_mbps,46.4132
payload_scaling.csv,payload_scaling,TCP,10ms,,16KB,36,291819,0.292,duration_ns,291819,throughput_mbps,56.1444
payload_scaling.csv,payload_scaling,TCP,10ms,,16KB,37,275902,0.276,duration_ns,275902,throughput_mbps,59.3834
payload_scaling.csv,payload_scaling,TCP,10ms,,16KB,38,276133,0.276,duration_ns,276133,throughput_mbps,59.3337
payload_scaling.csv,payload_scaling,TCP,10ms,,16KB,39,308975,0.309,duration_ns,308975,throughput_mbps,53.0269
payload_scaling.csv,payload_scaling,TCP,10ms,,16KB,40,279759,0.280,duration_ns,279759,throughput_mbps,58.5647
payload_scaling.csv,payload_scaling,TCP,10ms,,16KB,41,285647,0.286,duration_ns,285647,throughput_mbps,57.3575
payload_scaling.csv,payload_scaling,TCP,10ms,,16KB,42,347727,0.348,duration_ns,347727,throughput_mbps,47.1174
payload_scaling.csv,payload_scaling,TCP,10ms,,16KB,43,288224,0.288,duration_ns,288224,throughput_mbps,56.8447
payload_scaling.csv,payload_scaling,TCP,10ms,,16KB,44,286319,0.286,duration_ns,286319,throughput_mbps,57.2229
payload_scaling.csv,payload_scaling,TCP,10ms,,16KB,45,280075,0.280,duration_ns,280075,throughput_mbps,58.4986
payload_scaling.csv,payload_scaling,TCP,10ms,,16KB,46,298814,0.299,duration_ns,298814,throughput_mbps,54.8301
payload_scaling.csv,payload_scaling,TCP,10ms,,16KB,47,254946,0.255,duration_ns,254946,throughput_mbps,64.2646
payload_scaling.csv,payload_scaling,TCP,10ms,,16KB,48,281547,0.282,duration_ns,281547,throughput_mbps,58.1928
payload_scaling.csv,payload_scaling,TCP,10ms,,16KB,49,326208,0.326,duration_ns,326208,throughput_mbps,50.2256
payload_scaling.csv,payload_scaling,TCP,10ms,,16KB,50,285814,0.286,duration_ns,285814,throughput_mbps,57.3240
payload_scaling.csv,payload_scaling,TCP,10ms,,64KB,1,2269416,2.269,duration_ns,2269416,throughput_mbps,28.8779
payload_scaling.csv,payload_scaling,TCP,10ms,,64KB,2,1030101,1.030,duration_ns,1030101,throughput_mbps,63.6209
payload_scaling.csv,payload_scaling,TCP,10ms,,64KB,3,1032963,1.033,duration_ns,1032963,throughput_mbps,63.4447
payload_scaling.csv,payload_scaling,TCP,10ms,,64KB,4,1277297,1.277,duration_ns,1277297,throughput_mbps,51.3083
payload_scaling.csv,payload_scaling,TCP,10ms,,64KB,5,1241384,1.241,duration_ns,1241384,throughput_mbps,52.7927
payload_scaling.csv,payload_scaling,TCP,10ms,,64KB,6,5883102,5.883,duration_ns,5883102,throughput_mbps,11.1397
payload_scaling.csv,payload_scaling,TCP,10ms,,64KB,7,1115131,1.115,duration_ns,1115131,throughput_mbps,58.7698
payload_scaling.csv,payload_scaling,TCP,10ms,,64KB,8,2685858,2.686,duration_ns,2685858,throughput_mbps,24.4004
payload_scaling.csv,payload_scaling,TCP,10ms,,64KB,9,1213664,1.214,duration_ns,1213664,throughput_mbps,53.9985
payload_scaling.csv,payload_scaling,TCP,10ms,,64KB,10,1092252,1.092,duration_ns,1092252,throughput_mbps,60.0008
payload_scaling.csv,payload_scaling,TCP,10ms,,64KB,11,1098573,1.099,duration_ns,1098573,throughput_mbps,59.6556
payload_scaling.csv,payload_scaling,TCP,10ms,,64KB,12,1537680,1.538,duration_ns,1537680,throughput_mbps,42.6201
payload_scaling.csv,payload_scaling,TCP,10ms,,64KB,13,1460114,1.460,duration_ns,1460114,throughput_mbps,44.8842
payload_scaling.csv,payload_scaling,TCP,10ms,,64KB,14,1476303,1.476,duration_ns,1476303,throughput_mbps,44.3920
payload_scaling.csv,payload_scaling,TCP,10ms,,64KB,15,1454197,1.454,duration_ns,1454197,throughput_mbps,45.0668
payload_scaling.csv,payload_scaling,TCP,10ms,,64KB,16,3985266,3.985,duration_ns,3985266,throughput_mbps,16.4446
payload_scaling.csv,payload_scaling,TCP,10ms,,64KB,17,11995100,11.995,duration_ns,11995100,throughput_mbps,5.4636
payload_scaling.csv,payload_scaling,TCP,10ms,,64KB,18,15467857,15.468,duration_ns,15467857,throughput_mbps,4.2369
payload_scaling.csv,payload_scaling,TCP,10ms,,64KB,19,1481204,1.481,duration_ns,1481204,throughput_mbps,44.2451
payload_scaling.csv,payload_scaling,TCP,10ms,,64KB,20,1409848,1.410,duration_ns,1409848,throughput_mbps,46.4844
payload_scaling.csv,payload_scaling,TCP,10ms,,64KB,21,1565059,1.565,duration_ns,1565059,throughput_mbps,41.8745
payload_scaling.csv,payload_scaling,TCP,10ms,,64KB,22,1428593,1.429,duration_ns,1428593,throughput_mbps,45.8745
payload_scaling.csv,payload_scaling,TCP,10ms,,64KB,23,1133725,1.134,duration_ns,1133725,throughput_mbps,57.8059
payload_scaling.csv,payload_scaling,TCP,10ms,,64KB,24,1098283,1.098,duration_ns,1098283,throughput_mbps,59.6713
payload_scaling.csv,payload_scaling,TCP,10ms,,64KB,25,1115085,1.115,duration_ns,1115085,throughput_mbps,58.7722
payload_scaling.csv,payload_scaling,TCP,10ms,,64KB,26,1201692,1.202,duration_ns,1201692,throughput_mbps,54.5364
payload_scaling.csv,payload_scaling,TCP,10ms,,64KB,27,2149692,2.150,duration_ns,2149692,throughput_mbps,30.4862
payload_scaling.csv,payload_scaling,TCP,10ms,,64KB,28,1200603,1.201,duration_ns,1200603,throughput_mbps,54.5859
payload_scaling.csv,payload_scaling,TCP,10ms,,64KB,29,1524993,1.525,duration_ns,1524993,throughput_mbps,42.9746
payload_scaling.csv,payload_scaling,TCP,10ms,,64KB,30,1535888,1.536,duration_ns,1535888,throughput_mbps,42.6698
payload_scaling.csv,payload_scaling,TCP,10ms,,64KB,31,1427796,1.428,duration_ns,1427796,throughput_mbps,45.9001
payload_scaling.csv,payload_scaling,TCP,10ms,,64KB,32,1511600,1.512,duration_ns,1511600,throughput_mbps,43.3554
payload_scaling.csv,payload_scaling,TCP,10ms,,64KB,33,1484942,1.485,duration_ns,1484942,throughput_mbps,44.1337
payload_scaling.csv,payload_scaling,TCP,10ms,,64KB,34,2366512,2.367,duration_ns,2366512,throughput_mbps,27.6931
payload_scaling.csv,payload_scaling,TCP,10ms,,64KB,35,1404958,1.405,duration_ns,1404958,throughput_mbps,46.6462
payload_scaling.csv,payload_scaling,TCP,10ms,,64KB,36,1030829,1.031,duration_ns,1030829,throughput_mbps,63.5760
payload_scaling.csv,payload_scaling,TCP,10ms,,64KB,37,418234814,418.235,duration_ns,418234814,throughput_mbps,0.1567
payload_scaling.csv,payload_scaling,TCP,10ms,,64KB,38,937134,0.937,duration_ns,937134,throughput_mbps,69.9324
payload_scaling.csv,payload_scaling,TCP,10ms,,64KB,39,946862,0.947,duration_ns,946862,throughput_mbps,69.2139
payload_scaling.csv,payload_scaling,TCP,10ms,,64KB,40,930648,0.931,duration_ns,930648,throughput_mbps,70.4198
payload_scaling.csv,payload_scaling,TCP,10ms,,64KB,41,983721,0.984,duration_ns,983721,throughput_mbps,66.6205
payload_scaling.csv,payload_scaling,TCP,10ms,,64KB,42,980128,0.980,duration_ns,980128,throughput_mbps,66.8647
payload_scaling.csv,payload_scaling,TCP,10ms,,64KB,43,954004,0.954,duration_ns,954004,throughput_mbps,68.6957
payload_scaling.csv,payload_scaling,TCP,10ms,,64KB,44,940772,0.941,duration_ns,940772,throughput_mbps,69.6619
payload_scaling.csv,payload_scaling,TCP,10ms,,64KB,45,4256823,4.257,duration_ns,4256823,throughput_mbps,15.3955
payload_scaling.csv,payload_scaling,TCP,10ms,,64KB,46,1293262,1.293,duration_ns,1293262,throughput_mbps,50.6750
payload_scaling.csv,payload_scaling,TCP,10ms,,64KB,47,1235343,1.235,duration_ns,1235343,throughput_mbps,53.0509
payload_scaling.csv,payload_scaling,TCP,10ms,,64KB,48,1213426,1.213,duration_ns,1213426,throughput_mbps,54.0091
payload_scaling.csv,payload_scaling,TCP,10ms,,64KB,49,1124252,1.124,duration_ns,1124252,throughput_mbps,58.2930
payload_scaling.csv,payload_scaling,TCP,10ms,,64KB,50,1053636,1.054,duration_ns,1053636,throughput_mbps,62.1998
payload_scaling.csv,payload_scaling,QUIC,10ms,,128B,1,2521003,2.521,duration_ns,2521003,throughput_mbps,0.0508
payload_scaling.csv,payload_scaling,QUIC,10ms,,128B,2,18863,0.019,duration_ns,18863,throughput_mbps,6.7858
payload_scaling.csv,payload_scaling,QUIC,10ms,,128B,3,14289,0.014,duration_ns,14289,throughput_mbps,8.9579
payload_scaling.csv,payload_scaling,QUIC,10ms,,128B,4,14426,0.014,duration_ns,14426,throughput_mbps,8.8729
payload_scaling.csv,payload_scaling,QUIC,10ms,,128B,5,13270,0.013,duration_ns,13270,throughput_mbps,9.6458
payload_scaling.csv,payload_scaling,QUIC,10ms,,128B,6,1111283,1.111,duration_ns,1111283,throughput_mbps,0.1152
payload_scaling.csv,payload_scaling,QUIC,10ms,,128B,7,18881,0.019,duration_ns,18881,throughput_mbps,6.7793
payload_scaling.csv,payload_scaling,QUIC,10ms,,128B,8,13832,0.014,duration_ns,13832,throughput_mbps,9.2539
payload_scaling.csv,payload_scaling,QUIC,10ms,,128B,9,13523,0.014,duration_ns,13523,throughput_mbps,9.4654
payload_scaling.csv,payload_scaling,QUIC,10ms,,128B,10,13516,0.014,duration_ns,13516,throughput_mbps,9.4703
payload_scaling.csv,payload_scaling,QUIC,10ms,,128B,11,17731,0.018,duration_ns,17731,throughput_mbps,7.2190
payload_scaling.csv,payload_scaling,QUIC,10ms,,128B,12,178687,0.179,duration_ns,178687,throughput_mbps,0.7163
payload_scaling.csv,payload_scaling,QUIC,10ms,,128B,13,17353,0.017,duration_ns,17353,throughput_mbps,7.3762
payload_scaling.csv,payload_scaling,QUIC,10ms,,128B,14,13448,0.013,duration_ns,13448,throughput_mbps,9.5181
payload_scaling.csv,payload_scaling,QUIC,10ms,,128B,15,13318,0.013,duration_ns,13318,throughput_mbps,9.6111
payload_scaling.csv,payload_scaling,QUIC,10ms,,128B,16,13347,0.013,duration_ns,13347,throughput_mbps,9.5902
payload_scaling.csv,payload_scaling,QUIC,10ms,,128B,17,13296,0.013,duration_ns,13296,throughput_mbps,9.6270
payload_scaling.csv,payload_scaling,QUIC,10ms,,128B,18,128885,0.129,duration_ns,128885,throughput_mbps,0.9931
payload_scaling.csv,payload_scaling,QUIC,10ms,,128B,19,17820,0.018,duration_ns,17820,throughput_mbps,7.1829
payload_scaling.csv,payload_scaling,QUIC,10ms,,128B,20,13250,0.013,duration_ns,13250,throughput_mbps,9.6604
payload_scaling.csv,payload_scaling,QUIC,10ms,,128B,21,14449,0.014,duration_ns,14449,throughput_mbps,8.8587
payload_scaling.csv,payload_scaling,QUIC,10ms,,128B,22,13045,0.013,duration_ns,13045,throughput_mbps,9.8122
payload_scaling.csv,payload_scaling,QUIC,10ms,,128B,23,13092,0.013,duration_ns,13092,throughput_mbps,9.7770
payload_scaling.csv,payload_scaling,QUIC,10ms,,128B,24,14165,0.014,duration_ns,14165,throughput_mbps,9.0364
payload_scaling.csv,payload_scaling,QUIC,10ms,,128B,25,125114,0.125,duration_ns,125114,throughput_mbps,1.0231
payload_scaling.csv,payload_scaling,QUIC,10ms,,128B,26,16044,0.016,duration_ns,16044,throughput_mbps,7.9781
payload_scaling.csv,payload_scaling,QUIC,10ms,,128B,27,13416,0.013,duration_ns,13416,throughput_mbps,9.5408
payload_scaling.csv,payload_scaling,QUIC,10ms,,128B,28,13120,0.013,duration_ns,13120,throughput_mbps,9.7561
payload_scaling.csv,payload_scaling,QUIC,10ms,,128B,29,13280,0.013,duration_ns,13280,throughput_mbps,9.6386
payload_scaling.csv,payload_scaling,QUIC,10ms,,128B,30,13185,0.013,duration_ns,13185,throughput_mbps,9.7080
payload_scaling.csv,payload_scaling,QUIC,10ms,,128B,31,124544,0.125,duration_ns,124544,throughput_mbps,1.0277
payload_scaling.csv,payload_scaling,QUIC,10ms,,128B,32,18055,0.018,duration_ns,18055,throughput_mbps,7.0894
payload_scaling.csv,payload_scaling,QUIC,10ms,,128B,33,14207,0.014,duration_ns,14207,throughput_mbps,9.0096
payload_scaling.csv,payload_scaling,QUIC,10ms,,128B,34,13321,0.013,duration_ns,13321,throughput_mbps,9.6089
payload_scaling.csv,payload_scaling,QUIC,10ms,,128B,35,18883,0.019,duration_ns,18883,throughput_mbps,6.7786
payload_scaling.csv,payload_scaling,QUIC,10ms,,128B,36,13160,0.013,duration_ns,13160,throughput_mbps,9.7264
payload_scaling.csv,payload_scaling,QUIC,10ms,,128B,37,108275,0.108,duration_ns,108275,throughput_mbps,1.1822
payload_scaling.csv,payload_scaling,QUIC,10ms,,128B,38,19752,0.020,duration_ns,19752,throughput_mbps,6.4804
payload_scaling.csv,payload_scaling,QUIC,10ms,,128B,39,13299,0.013,duration_ns,13299,throughput_mbps,9.6248
payload_scaling.csv,payload_scaling,QUIC,10ms,,128B,40,13313,0.013,duration_ns,13313,throughput_mbps,9.6147
payload_scaling.csv,payload_scaling,QUIC,10ms,,128B,41,18718,0.019,duration_ns,18718,throughput_mbps,6.8383
payload_scaling.csv,payload_scaling,QUIC,10ms,,128B,42,13183,0.013,duration_ns,13183,throughput_mbps,9.7095
payload_scaling.csv,payload_scaling,QUIC,10ms,,128B,43,13557,0.014,duration_ns,13557,throughput_mbps,9.4416
payload_scaling.csv,payload_scaling,QUIC,10ms,,128B,44,121108,0.121,duration_ns,121108,throughput_mbps,1.0569
payload_scaling.csv,payload_scaling,QUIC,10ms,,128B,45,15450,0.015,duration_ns,15450,throughput_mbps,8.2848
payload_scaling.csv,payload_scaling,QUIC,10ms,,128B,46,13413,0.013,duration_ns,13413,throughput_mbps,9.5430
payload_scaling.csv,payload_scaling,QUIC,10ms,,128B,47,14463,0.014,duration_ns,14463,throughput_mbps,8.8502
payload_scaling.csv,payload_scaling,QUIC,10ms,,128B,48,13574,0.014,duration_ns,13574,throughput_mbps,9.4298
payload_scaling.csv,payload_scaling,QUIC,10ms,,128B,49,13718,0.014,duration_ns,13718,throughput_mbps,9.3308
payload_scaling.csv,payload_scaling,QUIC,10ms,,128B,50,111527,0.112,duration_ns,111527,throughput_mbps,1.1477
payload_scaling.csv,payload_scaling,QUIC,10ms,,1KB,1,741621,0.742,duration_ns,741621,throughput_mbps,1.3808
payload_scaling.csv,payload_scaling,QUIC,10ms,,1KB,2,186007,0.186,duration_ns,186007,throughput_mbps,5.5052
payload_scaling.csv,payload_scaling,QUIC,10ms,,1KB,3,120005,0.120,duration_ns,120005,throughput_mbps,8.5330
payload_scaling.csv,payload_scaling,QUIC,10ms,,1KB,4,109030,0.109,duration_ns,109030,throughput_mbps,9.3919
payload_scaling.csv,payload_scaling,QUIC,10ms,,1KB,5,111287,0.111,duration_ns,111287,throughput_mbps,9.2014
payload_scaling.csv,payload_scaling,QUIC,10ms,,1KB,6,171228,0.171,duration_ns,171228,throughput_mbps,5.9803
payload_scaling.csv,payload_scaling,QUIC,10ms,,1KB,7,149408,0.149,duration_ns,149408,throughput_mbps,6.8537
payload_scaling.csv,payload_scaling,QUIC,10ms,,1KB,8,262369,0.262,duration_ns,262369,throughput_mbps,3.9029
payload_scaling.csv,payload_scaling,QUIC,10ms,,1KB,9,119108,0.119,duration_ns,119108,throughput_mbps,8.5972
payload_scaling.csv,payload_scaling,QUIC,10ms,,1KB,10,177457,0.177,duration_ns,177457,throughput_mbps,5.7704
payload_scaling.csv,payload_scaling,QUIC,10ms,,1KB,11,93307,0.093,duration_ns,93307,throughput_mbps,10.9745
payload_scaling.csv,payload_scaling,QUIC,10ms,,1KB,12,124247,0.124,duration_ns,124247,throughput_mbps,8.2416
payload_scaling.csv,payload_scaling,QUIC,10ms,,1KB,13,68878,0.069,duration_ns,68878,throughput_mbps,14.8669
payload_scaling.csv,payload_scaling,QUIC,10ms,,1KB,14,134455,0.134,duration_ns,134455,throughput_mbps,7.6159
payload_scaling.csv,payload_scaling,QUIC,10ms,,1KB,15,30418,0.030,duration_ns,30418,throughput_mbps,33.6643
payload_scaling.csv,payload_scaling,QUIC,10ms,,1KB,16,483717,0.484,duration_ns,483717,throughput_mbps,2.1169
payload_scaling.csv,payload_scaling,QUIC,10ms,,1KB,17,137199,0.137,duration_ns,137199,throughput_mbps,7.4636
payload_scaling.csv,payload_scaling,QUIC,10ms,,1KB,18,32815,0.033,duration_ns,32815,throughput_mbps,31.2052
payload_scaling.csv,payload_scaling,QUIC,10ms,,1KB,19,1400761,1.401,duration_ns,1400761,throughput_mbps,0.7310
payload_scaling.csv,payload_scaling,QUIC,10ms,,1KB,20,93870,0.094,duration_ns,93870,throughput_mbps,10.9087
payload_scaling.csv,payload_scaling,QUIC,10ms,,1KB,21,31302282,31.302,duration_ns,31302282,throughput_mbps,0.0327
payload_scaling.csv,payload_scaling,QUIC,10ms,,1KB,22,85619,0.086,duration_ns,85619,throughput_mbps,11.9600
payload_scaling.csv,payload_scaling,QUIC,10ms,,1KB,23,127309,0.127,duration_ns,127309,throughput_mbps,8.0434
payload_scaling.csv,payload_scaling,QUIC,10ms,,1KB,24,859224,0.859,duration_ns,859224,throughput_mbps,1.1918
payload_scaling.csv,payload_scaling,QUIC,10ms,,1KB,25,110494,0.110,duration_ns,110494,throughput_mbps,9.2675
payload_scaling.csv,payload_scaling,QUIC,10ms,,1KB,26,208230,0.208,duration_ns,208230,throughput_mbps,4.9176
payload_scaling.csv,payload_scaling,QUIC,10ms,,1KB,27,190642,0.191,duration_ns,190642,throughput_mbps,5.3713
payload_scaling.csv,payload_scaling,QUIC,10ms,,1KB,28,288168,0.288,duration_ns,288168,throughput_mbps,3.5535
payload_scaling.csv,payload_scaling,QUIC,10ms,,1KB,29,441235,0.441,duration_ns,441235,throughput_mbps,2.3208
payload_scaling.csv,payload_scaling,QUIC,10ms,,1KB,30,113414,0.113,duration_ns,113414,throughput_mbps,9.0289
payload_scaling.csv,payload_scaling,QUIC,10ms,,1KB,31,97990,0.098,duration_ns,97990,throughput_mbps,10.4500
payload_scaling.csv,payload_scaling,QUIC,10ms,,1KB,32,235705,0.236,duration_ns,235705,throughput_mbps,4.3444
payload_scaling.csv,payload_scaling,QUIC,10ms,,1KB,33,124584,0.125,duration_ns,124584,throughput_mbps,8.2194
payload_scaling.csv,payload_scaling,QUIC,10ms,,1KB,34,76450,0.076,duration_ns,76450,throughput_mbps,13.3944
payload_scaling.csv,payload_scaling,QUIC,10ms,,1KB,35,60430,0.060,duration_ns,60430,throughput_mbps,16.9452
payload_scaling.csv,payload_scaling,QUIC,10ms,,1KB,36,103748,0.104,duration_ns,103748,throughput_mbps,9.8701
payload_scaling.csv,payload_scaling,QUIC,10ms,,1KB,37,30617,0.031,duration_ns,30617,throughput_mbps,33.4455
payload_scaling.csv,payload_scaling,QUIC,10ms,,1KB,38,105996,0.106,duration_ns,105996,throughput_mbps,9.6607
payload_scaling.csv,payload_scaling,QUIC,10ms,,1KB,39,78048,0.078,duration_ns,78048,throughput_mbps,13.1201
payload_scaling.csv,payload_scaling,QUIC,10ms,,1KB,40,60329,0.060,duration_ns,60329,throughput_mbps,16.9736
payload_scaling.csv,payload_scaling,QUIC,10ms,,1KB,41,144115,0.144,duration_ns,144115,throughput_mbps,7.1054
payload_scaling.csv,payload_scaling,QUIC,10ms,,1KB,42,1974050,1.974,duration_ns,1974050,throughput_mbps,0.5187
payload_scaling.csv,payload_scaling,QUIC,10ms,,1KB,43,258037,0.258,duration_ns,258037,throughput_mbps,3.9684
payload_scaling.csv,payload_scaling,QUIC,10ms,,1KB,44,101906,0.102,duration_ns,101906,throughput_mbps,10.0485
payload_scaling.csv,payload_scaling,QUIC,10ms,,1KB,45,30441,0.030,duration_ns,30441,throughput_mbps,33.6388
payload_scaling.csv,payload_scaling,QUIC,10ms,,1KB,46,81972,0.082,duration_ns,81972,throughput_mbps,12.4921
payload_scaling.csv,payload_scaling,QUIC,10ms,,1KB,47,223066,0.223,duration_ns,223066,throughput_mbps,4.5906
payload_scaling.csv,payload_scaling,QUIC,10ms,,1KB,48,208400,0.208,duration_ns,208400,throughput_mbps,4.9136
payload_scaling.csv,payload_scaling,QUIC,10ms,,1KB,49,222670,0.223,duration_ns,222670,throughput_mbps,4.5987
payload_scaling.csv,payload_scaling,QUIC,10ms,,1KB,50,313876,0.314,duration_ns,313876,throughput_mbps,3.2624
payload_scaling.csv,payload_scaling,QUIC,10ms,,16KB,1,5738717,5.739,duration_ns,5738717,throughput_mbps,2.8550
payload_scaling.csv,payload_scaling,QUIC,10ms,,16KB,2,9044838,9.045,duration_ns,9044838,throughput_mbps,1.8114
payload_scaling.csv,payload_scaling,QUIC,10ms,,16KB,3,5025536,5.026,duration_ns,5025536,throughput_mbps,3.2601
payload_scaling.csv,payload_scaling,QUIC,10ms,,16KB,4,5311092,5.311,duration_ns,5311092,throughput_mbps,3.0849
payload_scaling.csv,payload_scaling,QUIC,10ms,,16KB,5,8473641,8.474,duration_ns,8473641,throughput_mbps,1.9335
payload_scaling.csv,payload_scaling,QUIC,10ms,,16KB,6,6093513,6.094,duration_ns,6093513,throughput_mbps,2.6888
payload_scaling.csv,payload_scaling,QUIC,10ms,,16KB,7,4438902,4.439,duration_ns,4438902,throughput_mbps,3.6910
payload_scaling.csv,payload_scaling,QUIC,10ms,,16KB,8,6510086,6.510,duration_ns,6510086,throughput_mbps,2.5167
payload_scaling.csv,payload_scaling,QUIC,10ms,,16KB,9,6510434,6.510,duration_ns,6510434,throughput_mbps,2.5166
payload_scaling.csv,payload_scaling,QUIC,10ms,,16KB,10,5738491,5.738,duration_ns,5738491,throughput_mbps,2.8551
payload_scaling.csv,payload_scaling,QUIC,10ms,,16KB,11,4100367,4.100,duration_ns,4100367,throughput_mbps,3.9957
payload_scaling.csv,payload_scaling,QUIC,10ms,,16KB,12,5133680,5.134,duration_ns,5133680,throughput_mbps,3.1915
payload_scaling.csv,payload_scaling,QUIC,10ms,,16KB,13,6564303,6.564,duration_ns,6564303,throughput_mbps,2.4959
payload_scaling.csv,payload_scaling,QUIC,10ms,,16KB,14,5919059,5.919,duration_ns,5919059,throughput_mbps,2.7680
payload_scaling.csv,payload_scaling,QUIC,10ms,,16KB,15,5987631,5.988,duration_ns,5987631,throughput_mbps,2.7363
payload_scaling.csv,payload_scaling,QUIC,10ms,,16KB,16,4027152,4.027,duration_ns,4027152,throughput_mbps,4.0684
payload_scaling.csv,payload_scaling,QUIC,10ms,,16KB,17,5884021,5.884,duration_ns,5884021,throughput_mbps,2.7845
payload_scaling.csv,payload_scaling,QUIC,10ms,,16KB,18,4291045,4.291,duration_ns,4291045,throughput_mbps,3.8182
payload_scaling.csv,payload_scaling,QUIC,10ms,,16KB,19,5828433,5.828,duration_ns,5828433,throughput_mbps,2.8110
payload_scaling.csv,payload_scaling,QUIC,10ms,,16KB,20,5651959,5.652,duration_ns,5651959,throughput_mbps,2.8988
payload_scaling.csv,payload_scaling,QUIC,10ms,,16KB,21,5953005,5.953,duration_ns,5953005,throughput_mbps,2.7522
payload_scaling.csv,payload_scaling,QUIC,10ms,,16KB,22,4178896,4.179,duration_ns,4178896,throughput_mbps,3.9207
payload_scaling.csv,payload_scaling,QUIC,10ms,,16KB,23,5798078,5.798,duration_ns,5798078,throughput_mbps,2.8258
payload_scaling.csv,payload_scaling,QUIC,10ms,,16KB,24,4222409,4.222,duration_ns,4222409,throughput_mbps,3.8802
payload_scaling.csv,payload_scaling,QUIC,10ms,,16KB,25,5902412,5.902,duration_ns,5902412,throughput_mbps,2.7758
payload_scaling.csv,payload_scaling,QUIC,10ms,,16KB,26,4355674,4.356,duration_ns,4355674,throughput_mbps,3.7615
payload_scaling.csv,payload_scaling,QUIC,10ms,,16KB,27,4255283,4.255,duration_ns,4255283,throughput_mbps,3.8503
payload_scaling.csv,payload_scaling,QUIC,10ms,,16KB,28,4452367,4.452,duration_ns,4452367,throughput_mbps,3.6798
payload_scaling.csv,payload_scaling,QUIC,10ms,,16KB,29,4989439,4.989,duration_ns,4989439,throughput_mbps,3.2837
payload_scaling.csv,payload_scaling,QUIC,10ms,,16KB,30,5121863,5.122,duration_ns,5121863,throughput_mbps,3.1988
payload_scaling.csv,payload_scaling,QUIC,10ms,,16KB,31,6449093,6.449,duration_ns,6449093,throughput_mbps,2.5405
payload_scaling.csv,payload_scaling,QUIC,10ms,,16KB,32,6618641,6.619,duration_ns,6618641,throughput_mbps,2.4754
payload_scaling.csv,payload_scaling,QUIC,10ms,,16KB,33,6327185,6.327,duration_ns,6327185,throughput_mbps,2.5895
payload_scaling.csv,payload_scaling,QUIC,10ms,,16KB,34,4739205,4.739,duration_ns,4739205,throughput_mbps,3.4571
payload_scaling.csv,payload_scaling,QUIC,10ms,,16KB,35,3608909,3.609,duration_ns,3608909,throughput_mbps,4.5399
payload_scaling.csv,payload_scaling,QUIC,10ms,,16KB,36,6825329,6.825,duration_ns,6825329,throughput_mbps,2.4005
payload_scaling.csv,payload_scaling,QUIC,10ms,,16KB,37,5272752,5.273,duration_ns,5272752,throughput_mbps,3.1073
payload_scaling.csv,payload_scaling,QUIC,10ms,,16KB,38,3996157,3.996,duration_ns,3996157,throughput_mbps,4.0999
payload_scaling.csv,payload_scaling,QUIC,10ms,,16KB,39,6933186,6.933,duration_ns,6933186,throughput_mbps,2.3631
payload_scaling.csv,payload_scaling,QUIC,10ms,,16KB,40,6484448,6.484,duration_ns,6484448,throughput_mbps,2.5267
payload_scaling.csv,payload_scaling,QUIC,10ms,,16KB,41,3961952,3.962,duration_ns,3961952,throughput_mbps,4.1353
payload_scaling.csv,payload_scaling,QUIC,10ms,,16KB,42,4095516,4.096,duration_ns,4095516,throughput_mbps,4.0005
payload_scaling.csv,payload_scaling,QUIC,10ms,,16KB,43,4513571,4.514,duration_ns,4513571,throughput_mbps,3.6299
payload_scaling.csv,payload_scaling,QUIC,10ms,,16KB,44,3971807,3.972,duration_ns,3971807,throughput_mbps,4.1251
payload_scaling.csv,payload_scaling,QUIC,10ms,,16KB,45,6320219,6.320,duration_ns,6320219,throughput_mbps,2.5923
payload_scaling.csv,payload_scaling,QUIC,10ms,,16KB,46,5569268,5.569,duration_ns,5569268,throughput_mbps,2.9419
payload_scaling.csv,payload_scaling,QUIC,10ms,,16KB,47,4306099,4.306,duration_ns,4306099,throughput_mbps,3.8048
payload_scaling.csv,payload_scaling,QUIC,10ms,,16KB,48,4122093,4.122,duration_ns,4122093,throughput_mbps,3.9747
payload_scaling.csv,payload_scaling,QUIC,10ms,,16KB,49,5043045,5.043,duration_ns,5043045,throughput_mbps,3.2488
payload_scaling.csv,payload_scaling,QUIC,10ms,,16KB,50,3723289,3.723,duration_ns,3723289,throughput_mbps,4.4004
payload_scaling.csv,payload_scaling,QUIC,10ms,,64KB,1,37500551,37.501,duration_ns,37500551,throughput_mbps,1.7476
payload_scaling.csv,payload_scaling,QUIC,10ms,,64KB,2,34397132,34.397,duration_ns,34397132,throughput_mbps,1.9053
payload_scaling.csv,payload_scaling,QUIC,10ms,,64KB,3,34248570,34.249,duration_ns,34248570,throughput_mbps,1.9135
payload_scaling.csv,payload_scaling,QUIC,10ms,,64KB,4,40765115,40.765,duration_ns,40765115,throughput_mbps,1.6076
payload_scaling.csv,payload_scaling,QUIC,10ms,,64KB,5,35255034,35.255,duration_ns,35255034,throughput_mbps,1.8589
payload_scaling.csv,payload_scaling,QUIC,10ms,,64KB,6,37710876,37.711,duration_ns,37710876,throughput_mbps,1.7379
payload_scaling.csv,payload_scaling,QUIC,10ms,,64KB,7,42874719,42.875,duration_ns,42874719,throughput_mbps,1.5285
payload_scaling.csv,payload_scaling,QUIC,10ms,,64KB,8,38433199,38.433,duration_ns,38433199,throughput_mbps,1.7052
payload_scaling.csv,payload_scaling,QUIC,10ms,,64KB,9,34991911,34.992,duration_ns,34991911,throughput_mbps,1.8729
payload_scaling.csv,payload_scaling,QUIC,10ms,,64KB,10,34494956,34.495,duration_ns,34494956,throughput_mbps,1.8999
payload_scaling.csv,payload_scaling,QUIC,10ms,,64KB,11,33342526,33.343,duration_ns,33342526,throughput_mbps,1.9655
payload_scaling.csv,payload_scaling,QUIC,10ms,,64KB,12,33956942,33.957,duration_ns,33956942,throughput_mbps,1.9300
payload_scaling.csv,payload_scaling,QUIC,10ms,,64KB,13,35784969,35.785,duration_ns,35784969,throughput_mbps,1.8314
payload_scaling.csv,payload_scaling,QUIC,10ms,,64KB,14,35364944,35.365,duration_ns,35364944,throughput_mbps,1.8531
payload_scaling.csv,payload_scaling,QUIC,10ms,,64KB,15,34151977,34.152,duration_ns,34151977,throughput_mbps,1.9190
payload_scaling.csv,payload_scaling,QUIC,10ms,,64KB,16,35539672,35.540,duration_ns,35539672,throughput_mbps,1.8440
payload_scaling.csv,payload_scaling,QUIC,10ms,,64KB,17,35405859,35.406,duration_ns,35405859,throughput_mbps,1.8510
payload_scaling.csv,payload_scaling,QUIC,10ms,,64KB,18,39170722,39.171,duration_ns,39170722,throughput_mbps,1.6731
payload_scaling.csv,payload_scaling,QUIC,10ms,,64KB,19,33825308,33.825,duration_ns,33825308,throughput_mbps,1.9375
payload_scaling.csv,payload_scaling,QUIC,10ms,,64KB,20,37374283,37.374,duration_ns,37374283,throughput_mbps,1.7535
payload_scaling.csv,payload_scaling,QUIC,10ms,,64KB,21,34404347,34.404,duration_ns,34404347,throughput_mbps,1.9049
payload_scaling.csv,payload_scaling,QUIC,10ms,,64KB,22,35341888,35.342,duration_ns,35341888,throughput_mbps,1.8543
payload_scaling.csv,payload_scaling,QUIC,10ms,,64KB,23,37843800,37.844,duration_ns,37843800,throughput_mbps,1.7317
payload_scaling.csv,payload_scaling,QUIC,10ms,,64KB,24,33898971,33.899,duration_ns,33898971,throughput_mbps,1.9333
payload_scaling.csv,payload_scaling,QUIC,10ms,,64KB,25,36895487,36.895,duration_ns,36895487,throughput_mbps,1.7763
payload_scaling.csv,payload_scaling,QUIC,10ms,,64KB,26,40684920,40.685,duration_ns,40684920,throughput_mbps,1.6108
payload_scaling.csv,payload_scaling,QUIC,10ms,,64KB,27,39613881,39.614,duration_ns,39613881,throughput_mbps,1.6544
payload_scaling.csv,payload_scaling,QUIC,10ms,,64KB,28,32877187,32.877,duration_ns,32877187,throughput_mbps,1.9934
payload_scaling.csv,payload_scaling,QUIC,10ms,,64KB,29,40535747,40.536,duration_ns,40535747,throughput_mbps,1.6167
payload_scaling.csv,payload_scaling,QUIC,10ms,,64KB,30,39199727,39.200,duration_ns,39199727,throughput_mbps,1.6718
payload_scaling.csv,payload_scaling,QUIC,10ms,,64KB,31,36207525,36.208,duration_ns,36207525,throughput_mbps,1.8100
payload_scaling.csv,payload_scaling,QUIC,10ms,,64KB,32,44184117,44.184,duration_ns,44184117,throughput_mbps,1.4832
payload_scaling.csv,payload_scaling,QUIC,10ms,,64KB,33,40876421,40.876,duration_ns,40876421,throughput_mbps,1.6033
payload_scaling.csv,payload_scaling,QUIC,10ms,,64KB,34,36791038,36.791,duration_ns,36791038,throughput_mbps,1.7813
payload_scaling.csv,payload_scaling,QUIC,10ms,,64KB,35,40264442,40.264,duration_ns,40264442,throughput_mbps,1.6276
payload_scaling.csv,payload_scaling,QUIC,10ms,,64KB,36,43860442,43.860,duration_ns,43860442,throughput_mbps,1.4942
payload_scaling.csv,payload_scaling,QUIC,10ms,,64KB,37,47440198,47.440,duration_ns,47440198,throughput_mbps,1.3814
payload_scaling.csv,payload_scaling,QUIC,10ms,,64KB,38,41828181,41.828,duration_ns,41828181,throughput_mbps,1.5668
payload_scaling.csv,payload_scaling,QUIC,10ms,,64KB,39,37082904,37.083,duration_ns,37082904,throughput_mbps,1.7673
payload_scaling.csv,payload_scaling,QUIC,10ms,,64KB,40,42030653,42.031,duration_ns,42030653,throughput_mbps,1.5592
payload_scaling.csv,payload_scaling,QUIC,10ms,,64KB,41,40251643,40.252,duration_ns,40251643,throughput_mbps,1.6282
payload_scaling.csv,payload_scaling,QUIC,10ms,,64KB,42,39118845,39.119,duration_ns,39118845,throughput_mbps,1.6753
payload_scaling.csv,payload_scaling,QUIC,10ms,,64KB,43,36369929,36.370,duration_ns,36369929,throughput_mbps,1.8019
payload_scaling.csv,payload_scaling,QUIC,10ms,,64KB,44,39147109,39.147,duration_ns,39147109,throughput_mbps,1.6741
payload_scaling.csv,payload_scaling,QUIC,10ms,,64KB,45,33795676,33.796,duration_ns,33795676,throughput_mbps,1.9392
payload_scaling.csv,payload_scaling,QUIC,10ms,,64KB,46,41088506,41.089,duration_ns,41088506,throughput_mbps,1.5950
payload_scaling.csv,payload_scaling,QUIC,10ms,,64KB,47,34305531,34.306,duration_ns,34305531,throughput_mbps,1.9104
payload_scaling.csv,payload_scaling,QUIC,10ms,,64KB,48,33286313,33.286,duration_ns,33286313,throughput_mbps,1.9689
payload_scaling.csv,payload_scaling,QUIC,10ms,,64KB,49,45593290,45.593,duration_ns,45593290,throughput_mbps,1.4374
payload_scaling.csv,payload_scaling,QUIC,10ms,,64KB,50,45710492,45.710,duration_ns,45710492,throughput_mbps,1.4337
round_change.csv,round_change,TCP,localhost,,,1,203587085,203.587,,,,
round_change.csv,round_change,TCP,localhost,,,2,202027251,202.027,,,,
round_change.csv,round_change,TCP,localhost,,,3,201972241,201.972,,,,
round_change.csv,round_change,TCP,localhost,,,4,202651279,202.651,,,,
round_change.csv,round_change,TCP,localhost,,,5,201766150,201.766,,,,
round_change.csv,round_change,TCP,localhost,,,6,201524013,201.524,,,,
round_change.csv,round_change,TCP,localhost,,,7,201552568,201.553,,,,
round_change.csv,round_change,TCP,localhost,,,8,201704562,201.705,,,,
round_change.csv,round_change,TCP,localhost,,,9,201481848,201.482,,,,
round_change.csv,round_change,TCP,localhost,,,10,201713236,201.713,,,,
round_change.csv,round_change,TCP,localhost,,,11,202128780,202.129,,,,
round_change.csv,round_change,TCP,localhost,,,12,201756989,201.757,,,,
round_change.csv,round_change,TCP,localhost,,,13,202063042,202.063,,,,
round_change.csv,round_change,TCP,localhost,,,14,201832526,201.833,,,,
round_change.csv,round_change,TCP,localhost,,,15,202004806,202.005,,,,
round_change.csv,round_change,TCP,localhost,,,16,201820518,201.821,,,,
round_change.csv,round_change,TCP,localhost,,,17,202054169,202.054,,,,
round_change.csv,round_change,TCP,localhost,,,18,202725626,202.726,,,,
round_change.csv,round_change,TCP,localhost,,,19,202418490,202.418,,,,
round_change.csv,round_change,TCP,localhost,,,20,201873431,201.873,,,,
round_change.csv,round_change,QUIC,localhost,,,1,202690035,202.690,,,,
round_change.csv,round_change,QUIC,localhost,,,2,202040790,202.041,,,,
round_change.csv,round_change,QUIC,localhost,,,3,204132946,204.133,,,,
round_change.csv,round_change,QUIC,localhost,,,4,203293587,203.294,,,,
round_change.csv,round_change,QUIC,localhost,,,5,202495220,202.495,,,,
round_change.csv,round_change,QUIC,localhost,,,6,201968168,201.968,,,,
round_change.csv,round_change,QUIC,localhost,,,7,202187374,202.187,,,,
round_change.csv,round_change,QUIC,localhost,,,8,203610082,203.610,,,,
round_change.csv,round_change,QUIC,localhost,,,9,205540608,205.541,,,,
round_change.csv,round_change,QUIC,localhost,,,10,202322770,202.323,,,,
round_change.csv,round_change,QUIC,localhost,,,11,202423693,202.424,,,,
round_change.csv,round_change,QUIC,localhost,,,12,202713971,202.714,,,,
round_change.csv,round_change,QUIC,localhost,,,13,206744905,206.745,,,,
round_change.csv,round_change,QUIC,localhost,,,14,202845666,202.846,,,,
round_change.csv,round_change,QUIC,localhost,,,15,201828581,201.829,,,,
round_change.csv,round_change,QUIC,localhost,,,16,202874982,202.875,,,,
round_change.csv,round_change,QUIC,localhost,,,17,203541310,203.541,,,,
round_change.csv,round_change,QUIC,localhost,,,18,203799622,203.800,,,,
round_change.csv,round_change,QUIC,localhost,,,19,202871930,202.872,,,,
round_change.csv,round_change,QUIC,localhost,,,20,202281234,202.281,,,,
round_change.csv,round_change,TCP,10ms,,,1,242091271,242.091,,,,
round_change.csv,round_change,TCP,10ms,,,2,242491187,242.491,,,,
round_change.csv,round_change,TCP,10ms,,,3,241795543,241.796,,,,
round_change.csv,round_change,TCP,10ms,,,4,242174527,242.175,,,,
round_change.csv,round_change,TCP,10ms,,,5,242398178,242.398,,,,
round_change.csv,round_change,TCP,10ms,,,6,242418091,242.418,,,,
round_change.csv,round_change,TCP,10ms,,,7,242463928,242.464,,,,
round_change.csv,round_change,TCP,10ms,,,8,241993452,241.993,,,,
round_change.csv,round_change,TCP,10ms,,,9,242472540,242.473,,,,
round_change.csv,round_change,TCP,10ms,,,10,242278394,242.278,,,,
round_change.csv,round_change,TCP,10ms,,,11,242758570,242.759,,,,
round_change.csv,round_change,TCP,10ms,,,12,242432394,242.432,,,,
round_change.csv,round_change,TCP,10ms,,,13,242262952,242.263,,,,
round_change.csv,round_change,TCP,10ms,,,14,242674339,242.674,,,,
round_change.csv,round_change,TCP,10ms,,,15,242104914,242.105,,,,
round_change.csv,round_change,TCP,10ms,,,16,242149360,242.149,,,,
round_change.csv,round_change,TCP,10ms,,,17,241933773,241.934,,,,
round_change.csv,round_change,TCP,10ms,,,18,241997072,241.997,,,,
round_change.csv,round_change,TCP,10ms,,,19,242016337,242.016,,,,
round_change.csv,round_change,TCP,10ms,,,20,242213968,242.214,,,,
round_change.csv,round_change,QUIC,10ms,,,1,243544286,243.544,,,,
round_change.csv,round_change,QUIC,10ms,,,2,242748555,242.749,,,,
round_change.csv,round_change,QUIC,10ms,,,3,243443544,243.444,,,,
round_change.csv,round_change,QUIC,10ms,,,4,242396315,242.396,,,,
round_change.csv,round_change,QUIC,10ms,,,5,242839967,242.840,,,,
round_change.csv,round_change,QUIC,10ms,,,6,242801429,242.801,,,,
round_change.csv,round_change,QUIC,10ms,,,7,242492376,242.492,,,,
round_change.csv,round_change,QUIC,10ms,,,8,242446993,242.447,,,,
round_change.csv,round_change,QUIC,10ms,,,9,242919337,242.919,,,,
round_change.csv,round_change,QUIC,10ms,,,10,243048934,243.049,,,,
round_change.csv,round_change,QUIC,10ms,,,11,242228755,242.229,,,,
round_change.csv,round_change,QUIC,10ms,,,12,242640895,242.641,,,,
round_change.csv,round_change,QUIC,10ms,,,13,242981987,242.982,,,,
round_change.csv,round_change,QUIC,10ms,,,14,243387601,243.388,,,,
round_change.csv,round_change,QUIC,10ms,,,15,242037456,242.037,,,,
round_change.csv,round_change,QUIC,10ms,,,16,243666024,243.666,,,,
round_change.csv,round_change,QUIC,10ms,,,17,242137888,242.138,,,,
round_change.csv,round_change,QUIC,10ms,,,18,244174301,244.174,,,,
round_change.csv,round_change,QUIC,10ms,,,19,245249241,245.249,,,,
round_change.csv,round_change,QUIC,10ms,,,20,243805093,243.805,,,,
round_change.csv,round_change,TCP,wan,,,1,358505769,358.506,,,,
round_change.csv,round_change,TCP,wan,,,2,571827139,571.827,,,,
round_change.csv,round_change,TCP,wan,,,3,358523553,358.524,,,,
round_change.csv,round_change,TCP,wan,,,4,354756400,354.756,,,,
round_change.csv,round_change,TCP,wan,,,5,360453400,360.453,,,,
round_change.csv,round_change,TCP,wan,,,6,356270530,356.271,,,,
round_change.csv,round_change,TCP,wan,,,7,355228919,355.229,,,,
round_change.csv,round_change,TCP,wan,,,8,359214031,359.214,,,,
round_change.csv,round_change,TCP,wan,,,9,407153188,407.153,,,,
round_change.csv,round_change,TCP,wan,,,10,358875468,358.875,,,,
round_change.csv,round_change,TCP,wan,,,11,357742824,357.743,,,,
round_change.csv,round_change,TCP,wan,,,12,353934893,353.935,,,,
round_change.csv,round_change,TCP,wan,,,13,354924475,354.924,,,,
round_change.csv,round_change,TCP,wan,,,14,359390298,359.390,,,,
round_change.csv,round_change,TCP,wan,,,15,357886798,357.887,,,,
round_change.csv,round_change,TCP,wan,,,16,699867616,699.868,,,,
round_change.csv,round_change,TCP,wan,,,17,351905938,351.906,,,,
round_change.csv,round_change,TCP,wan,,,18,356181516,356.182,,,,
round_change.csv,round_change,TCP,wan,,,19,350842634,350.843,,,,
round_change.csv,round_change,TCP,wan,,,20,351651088,351.651,,,,
round_change.csv,round_change,QUIC,wan,,,1,358038416,358.038,,,,
round_change.csv,round_change,QUIC,wan,,,2,586965596,586.966,,,,
round_change.csv,round_change,QUIC,wan,,,3,347869665,347.870,,,,
round_change.csv,round_change,QUIC,wan,,,4,330204748,330.205,,,,
round_change.csv,round_change,QUIC,wan,,,5,338917611,338.918,,,,
round_change.csv,round_change,QUIC,wan,,,6,349710315,349.710,,,,
round_change.csv,round_change,QUIC,wan,,,7,344848871,344.849,,,,
round_change.csv,round_change,QUIC,wan,,,8,337268742,337.269,,,,
round_change.csv,round_change,QUIC,wan,,,9,339857723,339.858,,,,
round_change.csv,round_change,QUIC,wan,,,10,345953785,345.954,,,,
round_change.csv,round_change,QUIC,wan,,,11,343482964,343.483,,,,
round_change.csv,round_change,QUIC,wan,,,12,429708704,429.709,,,,
round_change.csv,round_change,QUIC,wan,,,13,341975388,341.975,,,,
round_change.csv,round_change,QUIC,wan,,,14,343849685,343.850,,,,
round_change.csv,round_change,QUIC,wan,,,15,328052416,328.052,,,,
round_change.csv,round_change,QUIC,wan,,,16,459026839,459.027,,,,
round_change.csv,round_change,QUIC,wan,,,17,357742727,357.743,,,,
round_change.csv,round_change,QUIC,wan,,,18,340782872,340.783,,,,
round_change.csv,round_change,QUIC,wan,,,19,345680204,345.680,,,,
round_change.csv,round_change,QUIC,wan,,,20,345729560,345.730,,,,
steady_state_consensus.csv,steady_state_consensus,TCP,localhost,4,,1,2437336,2.437,,,,
steady_state_consensus.csv,steady_state_consensus,TCP,localhost,4,,2,1179239,1.179,,,,
steady_state_consensus.csv,steady_state_consensus,TCP,localhost,4,,3,1719441,1.719,,,,
steady_state_consensus.csv,steady_state_consensus,TCP,localhost,4,,4,1061803,1.062,,,,
steady_state_consensus.csv,steady_state_consensus,TCP,localhost,4,,5,1262918,1.263,,,,
steady_state_consensus.csv,steady_state_consensus,TCP,localhost,4,,6,1078271,1.078,,,,
steady_state_consensus.csv,steady_state_consensus,TCP,localhost,4,,7,1540116,1.540,,,,
steady_state_consensus.csv,steady_state_consensus,TCP,localhost,4,,8,924641,0.925,,,,
steady_state_consensus.csv,steady_state_consensus,TCP,localhost,4,,9,7381644,7.382,,,,
steady_state_consensus.csv,steady_state_consensus,TCP,localhost,4,,10,1170014,1.170,,,,
steady_state_consensus.csv,steady_state_consensus,TCP,localhost,4,,11,1143774,1.144,,,,
steady_state_consensus.csv,steady_state_consensus,TCP,localhost,4,,12,932543,0.933,,,,
steady_state_consensus.csv,steady_state_consensus,TCP,localhost,4,,13,911813,0.912,,,,
steady_state_consensus.csv,steady_state_consensus,TCP,localhost,4,,14,1116078,1.116,,,,
steady_state_consensus.csv,steady_state_consensus,TCP,localhost,4,,15,1173197,1.173,,,,
steady_state_consensus.csv,steady_state_consensus,TCP,localhost,4,,16,869206,0.869,,,,
steady_state_consensus.csv,steady_state_consensus,TCP,localhost,4,,17,725628,0.726,,,,
steady_state_consensus.csv,steady_state_consensus,TCP,localhost,4,,18,891002,0.891,,,,
steady_state_consensus.csv,steady_state_consensus,TCP,localhost,4,,19,1369275,1.369,,,,
steady_state_consensus.csv,steady_state_consensus,TCP,localhost,4,,20,1246480,1.246,,,,
steady_state_consensus.csv,steady_state_consensus,TCP,localhost,4,,21,1276629,1.277,,,,
steady_state_consensus.csv,steady_state_consensus,TCP,localhost,4,,22,1227365,1.227,,,,
steady_state_consensus.csv,steady_state_consensus,TCP,localhost,4,,23,876679,0.877,,,,
steady_state_consensus.csv,steady_state_consensus,TCP,localhost,4,,24,1286984,1.287,,,,
steady_state_consensus.csv,steady_state_consensus,TCP,localhost,4,,25,795593,0.796,,,,
steady_state_consensus.csv,steady_state_consensus,TCP,localhost,4,,26,2044118,2.044,,,,
steady_state_consensus.csv,steady_state_consensus,TCP,localhost,4,,27,1136610,1.137,,,,
steady_state_consensus.csv,steady_state_consensus,TCP,localhost,4,,28,955225,0.955,,,,
steady_state_consensus.csv,steady_state_consensus,TCP,localhost,4,,29,1287043,1.287,,,,
steady_state_consensus.csv,steady_state_consensus,TCP,localhost,4,,30,1110982,1.111,,,,
steady_state_consensus.csv,steady_state_consensus,TCP,localhost,4,,31,1268583,1.269,,,,
steady_state_consensus.csv,steady_state_consensus,TCP,localhost,4,,32,758995,0.759,,,,
steady_state_consensus.csv,steady_state_consensus,TCP,localhost,4,,33,1109506,1.110,,,,
steady_state_consensus.csv,steady_state_consensus,TCP,localhost,4,,34,908449,0.908,,,,
steady_state_consensus.csv,steady_state_consensus,TCP,localhost,4,,35,930820,0.931,,,,
steady_state_consensus.csv,steady_state_consensus,TCP,localhost,4,,36,1076436,1.076,,,,
steady_state_consensus.csv,steady_state_consensus,TCP,localhost,4,,37,1227834,1.228,,,,
steady_state_consensus.csv,steady_state_consensus,TCP,localhost,4,,38,1183809,1.184,,,,
steady_state_consensus.csv,steady_state_consensus,TCP,localhost,4,,39,893468,0.893,,,,
steady_state_consensus.csv,steady_state_consensus,TCP,localhost,4,,40,1224170,1.224,,,,
steady_state_consensus.csv,steady_state_consensus,TCP,localhost,4,,41,1294155,1.294,,,,
steady_state_consensus.csv,steady_state_consensus,TCP,localhost,4,,42,4763689,4.764,,,,
steady_state_consensus.csv,steady_state_consensus,TCP,localhost,4,,43,932326,0.932,,,,
steady_state_consensus.csv,steady_state_consensus,TCP,localhost,4,,44,1009322,1.009,,,,
steady_state_consensus.csv,steady_state_consensus,TCP,localhost,4,,45,984273,0.984,,,,
steady_state_consensus.csv,steady_state_consensus,TCP,localhost,4,,46,1278709,1.279,,,,
steady_state_consensus.csv,steady_state_consensus,TCP,localhost,4,,47,940579,0.941,,,,
steady_state_consensus.csv,steady_state_consensus,TCP,localhost,4,,48,1027411,1.027,,,,
steady_state_consensus.csv,steady_state_consensus,TCP,localhost,4,,49,1095917,1.096,,,,
steady_state_consensus.csv,steady_state_consensus,TCP,localhost,4,,50,1052862,1.053,,,,
steady_state_consensus.csv,steady_state_consensus,QUIC,localhost,4,,1,2417542,2.418,,,,
steady_state_consensus.csv,steady_state_consensus,QUIC,localhost,4,,2,6626542,6.627,,,,
steady_state_consensus.csv,steady_state_consensus,QUIC,localhost,4,,3,1440511,1.441,,,,
steady_state_consensus.csv,steady_state_consensus,QUIC,localhost,4,,4,1228061,1.228,,,,
steady_state_consensus.csv,steady_state_consensus,QUIC,localhost,4,,5,3710784,3.711,,,,
steady_state_consensus.csv,steady_state_consensus,QUIC,localhost,4,,6,3909997,3.910,,,,
steady_state_consensus.csv,steady_state_consensus,QUIC,localhost,4,,7,1485888,1.486,,,,
steady_state_consensus.csv,steady_state_consensus,QUIC,localhost,4,,8,1098337,1.098,,,,
steady_state_consensus.csv,steady_state_consensus,QUIC,localhost,4,,9,973313,0.973,,,,
steady_state_consensus.csv,steady_state_consensus,QUIC,localhost,4,,10,1537126,1.537,,,,
steady_state_consensus.csv,steady_state_consensus,QUIC,localhost,4,,11,3516033,3.516,,,,
steady_state_consensus.csv,steady_state_consensus,QUIC,localhost,4,,12,1276744,1.277,,,,
steady_state_consensus.csv,steady_state_consensus,QUIC,localhost,4,,13,1212054,1.212,,,,
steady_state_consensus.csv,steady_state_consensus,QUIC,localhost,4,,14,1348941,1.349,,,,
steady_state_consensus.csv,steady_state_consensus,QUIC,localhost,4,,15,997088,0.997,,,,
steady_state_consensus.csv,steady_state_consensus,QUIC,localhost,4,,16,855967,0.856,,,,
steady_state_consensus.csv,steady_state_consensus,QUIC,localhost,4,,17,6906535,6.907,,,,
steady_state_consensus.csv,steady_state_consensus,QUIC,localhost,4,,18,1380919,1.381,,,,
steady_state_consensus.csv,steady_state_consensus,QUIC,localhost,4,,19,1689974,1.690,,,,
steady_state_consensus.csv,steady_state_consensus,QUIC,localhost,4,,20,3216881,3.217,,,,
steady_state_consensus.csv,steady_state_consensus,QUIC,localhost,4,,21,1447832,1.448,,,,
steady_state_consensus.csv,steady_state_consensus,QUIC,localhost,4,,22,858720,0.859,,,,
steady_state_consensus.csv,steady_state_consensus,QUIC,localhost,4,,23,1370125,1.370,,,,
steady_state_consensus.csv,steady_state_consensus,QUIC,localhost,4,,24,1200146,1.200,,,,
steady_state_consensus.csv,steady_state_consensus,QUIC,localhost,4,,25,794421,0.794,,,,
steady_state_consensus.csv,steady_state_consensus,QUIC,localhost,4,,26,887708,0.888,,,,
steady_state_consensus.csv,steady_state_consensus,QUIC,localhost,4,,27,1141905,1.142,,,,
steady_state_consensus.csv,steady_state_consensus,QUIC,localhost,4,,28,1400809,1.401,,,,
steady_state_consensus.csv,steady_state_consensus,QUIC,localhost,4,,29,943294,0.943,,,,
steady_state_consensus.csv,steady_state_consensus,QUIC,localhost,4,,30,992967,0.993,,,,
steady_state_consensus.csv,steady_state_consensus,QUIC,localhost,4,,31,2101774,2.102,,,,
steady_state_consensus.csv,steady_state_consensus,QUIC,localhost,4,,32,2955161,2.955,,,,
steady_state_consensus.csv,steady_state_consensus,QUIC,localhost,4,,33,1070828,1.071,,,,
steady_state_consensus.csv,steady_state_consensus,QUIC,localhost,4,,34,988237,0.988,,,,
steady_state_consensus.csv,steady_state_consensus,QUIC,localhost,4,,35,1020181,1.020,,,,
steady_state_consensus.csv,steady_state_consensus,QUIC,localhost,4,,36,1058357,1.058,,,,
steady_state_consensus.csv,steady_state_consensus,QUIC,localhost,4,,37,1821886,1.822,,,,
steady_state_consensus.csv,steady_state_consensus,QUIC,localhost,4,,38,973328,0.973,,,,
steady_state_consensus.csv,steady_state_consensus,QUIC,localhost,4,,39,1232348,1.232,,,,
steady_state_consensus.csv,steady_state_consensus,QUIC,localhost,4,,40,924654,0.925,,,,
steady_state_consensus.csv,steady_state_consensus,QUIC,localhost,4,,41,785391,0.785,,,,
steady_state_consensus.csv,steady_state_consensus,QUIC,localhost,4,,42,931905,0.932,,,,
steady_state_consensus.csv,steady_state_consensus,QUIC,localhost,4,,43,1107759,1.108,,,,
steady_state_consensus.csv,steady_state_consensus,QUIC,localhost,4,,44,852052,0.852,,,,
steady_state_consensus.csv,steady_state_consensus,QUIC,localhost,4,,45,1262302,1.262,,,,
steady_state_consensus.csv,steady_state_consensus,QUIC,localhost,4,,46,5560281,5.560,,,,
steady_state_consensus.csv,steady_state_consensus,QUIC,localhost,4,,47,939864,0.940,,,,
steady_state_consensus.csv,steady_state_consensus,QUIC,localhost,4,,48,963721,0.964,,,,
steady_state_consensus.csv,steady_state_consensus,QUIC,localhost,4,,49,1164672,1.165,,,,
steady_state_consensus.csv,steady_state_consensus,QUIC,localhost,4,,50,1298923,1.299,,,,
steady_state_consensus.csv,steady_state_consensus,TCP,10ms,4,,1,31389734,31.390,,,,
steady_state_consensus.csv,steady_state_consensus,TCP,10ms,4,,2,31139212,31.139,,,,
steady_state_consensus.csv,steady_state_consensus,TCP,10ms,4,,3,31054120,31.054,,,,
steady_state_consensus.csv,steady_state_consensus,TCP,10ms,4,,4,31031402,31.031,,,,
steady_state_consensus.csv,steady_state_consensus,TCP,10ms,4,,5,31314241,31.314,,,,
steady_state_consensus.csv,steady_state_consensus,TCP,10ms,4,,6,30797302,30.797,,,,
steady_state_consensus.csv,steady_state_consensus,TCP,10ms,4,,7,30801040,30.801,,,,
steady_state_consensus.csv,steady_state_consensus,TCP,10ms,4,,8,31080589,31.081,,,,
steady_state_consensus.csv,steady_state_consensus,TCP,10ms,4,,9,31058270,31.058,,,,
steady_state_consensus.csv,steady_state_consensus,TCP,10ms,4,,10,30774118,30.774,,,,
steady_state_consensus.csv,steady_state_consensus,TCP,10ms,4,,11,31028606,31.029,,,,
steady_state_consensus.csv,steady_state_consensus,TCP,10ms,4,,12,30889784,30.890,,,,
steady_state_consensus.csv,steady_state_consensus,TCP,10ms,4,,13,30859610,30.860,,,,
steady_state_consensus.csv,steady_state_consensus,TCP,10ms,4,,14,31097020,31.097,,,,
steady_state_consensus.csv,steady_state_consensus,TCP,10ms,4,,15,31124671,31.125,,,,
steady_state_consensus.csv,steady_state_consensus,TCP,10ms,4,,16,30982408,30.982,,,,
steady_state_consensus.csv,steady_state_consensus,TCP,10ms,4,,17,30833166,30.833,,,,
steady_state_consensus.csv,steady_state_consensus,TCP,10ms,4,,18,31047650,31.048,,,,
steady_state_consensus.csv,steady_state_consensus,TCP,10ms,4,,19,31090564,31.091,,,,
steady_state_consensus.csv,steady_state_consensus,TCP,10ms,4,,20,31022329,31.022,,,,
steady_state_consensus.csv,steady_state_consensus,TCP,10ms,4,,21,30745429,30.745,,,,
steady_state_consensus.csv,steady_state_consensus,TCP,10ms,4,,22,31168402,31.168,,,,
steady_state_consensus.csv,steady_state_consensus,TCP,10ms,4,,23,31194157,31.194,,,,
steady_state_consensus.csv,steady_state_consensus,TCP,10ms,4,,24,30939410,30.939,,,,
steady_state_consensus.csv,steady_state_consensus,TCP,10ms,4,,25,31230436,31.230,,,,
steady_state_consensus.csv,steady_state_consensus,TCP,10ms,4,,26,30833230,30.833,,,,
steady_state_consensus.csv,steady_state_consensus,TCP,10ms,4,,27,31252757,31.253,,,,
steady_state_consensus.csv,steady_state_consensus,TCP,10ms,4,,28,30970476,30.970,,,,
steady_state_consensus.csv,steady_state_consensus,TCP,10ms,4,,29,31141304,31.141,,,,
steady_state_consensus.csv,steady_state_consensus,TCP,10ms,4,,30,30929374,30.929,,,,
steady_state_consensus.csv,steady_state_consensus,TCP,10ms,4,,31,30791134,30.791,,,,
steady_state_consensus.csv,steady_state_consensus,TCP,10ms,4,,32,31079595,31.080,,,,
steady_state_consensus.csv,steady_state_consensus,TCP,10ms,4,,33,31370942,31.371,,,,
steady_state_consensus.csv,steady_state_consensus,TCP,10ms,4,,34,31194648,31.195,,,,
steady_state_consensus.csv,steady_state_consensus,TCP,10ms,4,,35,32465030,32.465,,,,
steady_state_consensus.csv,steady_state_consensus,TCP,10ms,4,,36,31657008,31.657,,,,
steady_state_consensus.csv,steady_state_consensus,TCP,10ms,4,,37,33412923,33.413,,,,
steady_state_consensus.csv,steady_state_consensus,TCP,10ms,4,,38,32131052,32.131,,,,
steady_state_consensus.csv,steady_state_consensus,TCP,10ms,4,,39,32387192,32.387,,,,
steady_state_consensus.csv,steady_state_consensus,TCP,10ms,4,,40,33655813,33.656,,,,
steady_state_consensus.csv,steady_state_consensus,TCP,10ms,4,,41,35433860,35.434,,,,
steady_state_consensus.csv,steady_state_consensus,TCP,10ms,4,,42,32176715,32.177,,,,
steady_state_consensus.csv,steady_state_consensus,TCP,10ms,4,,43,33870403,33.870,,,,
steady_state_consensus.csv,steady_state_consensus,TCP,10ms,4,,44,32393502,32.394,,,,
steady_state_consensus.csv,steady_state_consensus,TCP,10ms,4,,45,31613328,31.613,,,,
steady_state_consensus.csv,steady_state_consensus,TCP,10ms,4,,46,31265277,31.265,,,,
steady_state_consensus.csv,steady_state_consensus,TCP,10ms,4,,47,31244420,31.244,,,,
steady_state_consensus.csv,steady_state_consensus,TCP,10ms,4,,48,31308680,31.309,,,,
steady_state_consensus.csv,steady_state_consensus,TCP,10ms,4,,49,31384971,31.385,,,,
steady_state_consensus.csv,steady_state_consensus,TCP,10ms,4,,50,30957035,30.957,,,,
steady_state_consensus.csv,steady_state_consensus,QUIC,10ms,4,,1,32778990,32.779,,,,
steady_state_consensus.csv,steady_state_consensus,QUIC,10ms,4,,2,31816531,31.817,,,,
steady_state_consensus.csv,steady_state_consensus,QUIC,10ms,4,,3,31300799,31.301,,,,
steady_state_consensus.csv,steady_state_consensus,QUIC,10ms,4,,4,31304704,31.305,,,,
steady_state_consensus.csv,steady_state_consensus,QUIC,10ms,4,,5,31578961,31.579,,,,
steady_state_consensus.csv,steady_state_consensus,QUIC,10ms,4,,6,32713209,32.713,,,,
steady_state_consensus.csv,steady_state_consensus,QUIC,10ms,4,,7,31372371,31.372,,,,
steady_state_consensus.csv,steady_state_consensus,QUIC,10ms,4,,8,32290335,32.290,,,,
steady_state_consensus.csv,steady_state_consensus,QUIC,10ms,4,,9,32026269,32.026,,,,
steady_state_consensus.csv,steady_state_consensus,QUIC,10ms,4,,10,31508124,31.508,,,,
steady_state_consensus.csv,steady_state_consensus,QUIC,10ms,4,,11,31546918,31.547,,,,
steady_state_consensus.csv,steady_state_consensus,QUIC,10ms,4,,12,31382133,31.382,,,,
steady_state_consensus.csv,steady_state_consensus,QUIC,10ms,4,,13,31208500,31.209,,,,
steady_state_consensus.csv,steady_state_consensus,QUIC,10ms,4,,14,31243821,31.244,,,,
steady_state_consensus.csv,steady_state_consensus,QUIC,10ms,4,,15,31230666,31.231,,,,
steady_state_consensus.csv,steady_state_consensus,QUIC,10ms,4,,16,31584200,31.584,,,,
steady_state_consensus.csv,steady_state_consensus,QUIC,10ms,4,,17,31636581,31.637,,,,
steady_state_consensus.csv,steady_state_consensus,QUIC,10ms,4,,18,31193834,31.194,,,,
steady_state_consensus.csv,steady_state_consensus,QUIC,10ms,4,,19,31291284,31.291,,,,
steady_state_consensus.csv,steady_state_consensus,QUIC,10ms,4,,20,31088149,31.088,,,,
steady_state_consensus.csv,steady_state_consensus,QUIC,10ms,4,,21,31190513,31.191,,,,
steady_state_consensus.csv,steady_state_consensus,QUIC,10ms,4,,22,31094471,31.094,,,,
steady_state_consensus.csv,steady_state_consensus,QUIC,10ms,4,,23,31191559,31.192,,,,
steady_state_consensus.csv,steady_state_consensus,QUIC,10ms,4,,24,31239071,31.239,,,,
steady_state_consensus.csv,steady_state_consensus,QUIC,10ms,4,,25,30962247,30.962,,,,
steady_state_consensus.csv,steady_state_consensus,QUIC,10ms,4,,26,30843543,30.844,,,,
steady_state_consensus.csv,steady_state_consensus,QUIC,10ms,4,,27,31060560,31.061,,,,
steady_state_consensus.csv,steady_state_consensus,QUIC,10ms,4,,28,31725701,31.726,,,,
steady_state_consensus.csv,steady_state_consensus,QUIC,10ms,4,,29,31434306,31.434,,,,
steady_state_consensus.csv,steady_state_consensus,QUIC,10ms,4,,30,31334089,31.334,,,,
steady_state_consensus.csv,steady_state_consensus,QUIC,10ms,4,,31,31389800,31.390,,,,
steady_state_consensus.csv,steady_state_consensus,QUIC,10ms,4,,32,31455665,31.456,,,,
steady_state_consensus.csv,steady_state_consensus,QUIC,10ms,4,,33,31382659,31.383,,,,
steady_state_consensus.csv,steady_state_consensus,QUIC,10ms,4,,34,31404380,31.404,,,,
steady_state_consensus.csv,steady_state_consensus,QUIC,10ms,4,,35,31222204,31.222,,,,
steady_state_consensus.csv,steady_state_consensus,QUIC,10ms,4,,36,31103219,31.103,,,,
steady_state_consensus.csv,steady_state_consensus,QUIC,10ms,4,,37,31134617,31.135,,,,
steady_state_consensus.csv,steady_state_consensus,QUIC,10ms,4,,38,31083124,31.083,,,,
steady_state_consensus.csv,steady_state_consensus,QUIC,10ms,4,,39,31099143,31.099,,,,
steady_state_consensus.csv,steady_state_consensus,QUIC,10ms,4,,40,31331090,31.331,,,,
steady_state_consensus.csv,steady_state_consensus,QUIC,10ms,4,,41,31209267,31.209,,,,
steady_state_consensus.csv,steady_state_consensus,QUIC,10ms,4,,42,31876096,31.876,,,,
steady_state_consensus.csv,steady_state_consensus,QUIC,10ms,4,,43,31508661,31.509,,,,
steady_state_consensus.csv,steady_state_consensus,QUIC,10ms,4,,44,31679073,31.679,,,,
steady_state_consensus.csv,steady_state_consensus,QUIC,10ms,4,,45,31250077,31.250,,,,
steady_state_consensus.csv,steady_state_consensus,QUIC,10ms,4,,46,31437876,31.438,,,,
steady_state_consensus.csv,steady_state_consensus,QUIC,10ms,4,,47,31268326,31.268,,,,
steady_state_consensus.csv,steady_state_consensus,QUIC,10ms,4,,48,31272395,31.272,,,,
steady_state_consensus.csv,steady_state_consensus,QUIC,10ms,4,,49,31163593,31.164,,,,
steady_state_consensus.csv,steady_state_consensus,QUIC,10ms,4,,50,31016112,31.016,,,,
steady_state_consensus.csv,steady_state_consensus,TCP,50ms,4,,1,153609149,153.609,,,,
steady_state_consensus.csv,steady_state_consensus,TCP,50ms,4,,2,152337142,152.337,,,,
steady_state_consensus.csv,steady_state_consensus,TCP,50ms,4,,3,152025579,152.026,,,,
steady_state_consensus.csv,steady_state_consensus,TCP,50ms,4,,4,151864374,151.864,,,,
steady_state_consensus.csv,steady_state_consensus,TCP,50ms,4,,5,151513551,151.514,,,,
steady_state_consensus.csv,steady_state_consensus,TCP,50ms,4,,6,151475956,151.476,,,,
steady_state_consensus.csv,steady_state_consensus,TCP,50ms,4,,7,151629412,151.629,,,,
steady_state_consensus.csv,steady_state_consensus,TCP,50ms,4,,8,151728295,151.728,,,,
steady_state_consensus.csv,steady_state_consensus,TCP,50ms,4,,9,151322680,151.323,,,,
steady_state_consensus.csv,steady_state_consensus,TCP,50ms,4,,10,151463546,151.464,,,,
steady_state_consensus.csv,steady_state_consensus,TCP,50ms,4,,11,151836719,151.837,,,,
steady_state_consensus.csv,steady_state_consensus,TCP,50ms,4,,12,152320681,152.321,,,,
steady_state_consensus.csv,steady_state_consensus,TCP,50ms,4,,13,151491247,151.491,,,,
steady_state_consensus.csv,steady_state_consensus,TCP,50ms,4,,14,152782087,152.782,,,,
steady_state_consensus.csv,steady_state_consensus,TCP,50ms,4,,15,151620277,151.620,,,,
steady_state_consensus.csv,steady_state_consensus,TCP,50ms,4,,16,151565395,151.565,,,,
steady_state_consensus.csv,steady_state_consensus,TCP,50ms,4,,17,151782739,151.783,,,,
steady_state_consensus.csv,steady_state_consensus,TCP,50ms,4,,18,151746073,151.746,,,,
steady_state_consensus.csv,steady_state_consensus,TCP,50ms,4,,19,151464815,151.465,,,,
steady_state_consensus.csv,steady_state_consensus,TCP,50ms,4,,20,152024364,152.024,,,,
steady_state_consensus.csv,steady_state_consensus,TCP,50ms,4,,21,151645549,151.646,,,,
steady_state_consensus.csv,steady_state_consensus,TCP,50ms,4,,22,151680809,151.681,,,,
steady_state_consensus.csv,steady_state_consensus,TCP,50ms,4,,23,151565406,151.565,,,,
steady_state_consensus.csv,steady_state_consensus,TCP,50ms,4,,24,151412978,151.413,,,,
steady_state_consensus.csv,steady_state_consensus,TCP,50ms,4,,25,151636856,151.637,,,,
steady_state_consensus.csv,steady_state_consensus,TCP,50ms,4,,26,151516389,151.516,,,,
steady_state_consensus.csv,steady_state_consensus,TCP,50ms,4,,27,151388010,151.388,,,,
steady_state_consensus.csv,steady_state_consensus,TCP,50ms,4,,28,151397084,151.397,,,,
steady_state_consensus.csv,steady_state_consensus,TCP,50ms,4,,29,151379360,151.379,,,,
steady_state_consensus.csv,steady_state_consensus,TCP,50ms,4,,30,151454620,151.455,,,,
steady_state_consensus.csv,steady_state_consensus,TCP,50ms,4,,31,151582343,151.582,,,,
steady_state_consensus.csv,steady_state_consensus,TCP,50ms,4,,32,151484473,151.484,,,,
steady_state_consensus.csv,steady_state_consensus,TCP,50ms,4,,33,151444742,151.445,,,,
steady_state_consensus.csv,steady_state_consensus,TCP,50ms,4,,34,151367532,151.368,,,,
steady_state_consensus.csv,steady_state_consensus,TCP,50ms,4,,35,151752104,151.752,,,,
steady_state_consensus.csv,steady_state_consensus,TCP,50ms,4,,36,151533361,151.533,,,,
steady_state_consensus.csv,steady_state_consensus,TCP,50ms,4,,37,151609688,151.610,,,,
steady_state_consensus.csv,steady_state_consensus,TCP,50ms,4,,38,151782509,151.783,,,,
steady_state_consensus.csv,steady_state_consensus,TCP,50ms,4,,39,151391324,151.391,,,,
steady_state_consensus.csv,steady_state_consensus,TCP,50ms,4,,40,151915622,151.916,,,,
steady_state_consensus.csv,steady_state_consensus,TCP,50ms,4,,41,151422589,151.423,,,,
steady_state_consensus.csv,steady_state_consensus,TCP,50ms,4,,42,151909876,151.910,,,,
steady_state_consensus.csv,steady_state_consensus,TCP,50ms,4,,43,151702486,151.702,,,,
steady_state_consensus.csv,steady_state_consensus,TCP,50ms,4,,44,151725435,151.725,,,,
steady_state_consensus.csv,steady_state_consensus,TCP,50ms,4,,45,151626381,151.626,,,,
steady_state_consensus.csv,steady_state_consensus,TCP,50ms,4,,46,151485582,151.486,,,,
steady_state_consensus.csv,steady_state_consensus,TCP,50ms,4,,47,152002062,152.002,,,,
steady_state_consensus.csv,steady_state_consensus,TCP,50ms,4,,48,151804646,151.805,,,,
steady_state_consensus.csv,steady_state_consensus,TCP,50ms,4,,49,151578504,151.579,,,,
steady_state_consensus.csv,steady_state_consensus,TCP,50ms,4,,50,151805764,151.806,,,,
steady_state_consensus.csv,steady_state_consensus,QUIC,50ms,4,,1,152063954,152.064,,,,
steady_state_consensus.csv,steady_state_consensus,QUIC,50ms,4,,2,151661064,151.661,,,,
steady_state_consensus.csv,steady_state_consensus,QUIC,50ms,4,,3,152149116,152.149,,,,
steady_state_consensus.csv,steady_state_consensus,QUIC,50ms,4,,4,151420036,151.420,,,,
steady_state_consensus.csv,steady_state_consensus,QUIC,50ms,4,,5,151464430,151.464,,,,
steady_state_consensus.csv,steady_state_consensus,QUIC,50ms,4,,6,151567202,151.567,,,,
steady_state_consensus.csv,steady_state_consensus,QUIC,50ms,4,,7,151665513,151.666,,,,
steady_state_consensus.csv,steady_state_consensus,QUIC,50ms,4,,8,151881330,151.881,,,,
steady_state_consensus.csv,steady_state_consensus,QUIC,50ms,4,,9,151871082,151.871,,,,
steady_state_consensus.csv,steady_state_consensus,QUIC,50ms,4,,10,151508271,151.508,,,,
steady_state_consensus.csv,steady_state_consensus,QUIC,50ms,4,,11,151690660,151.691,,,,
steady_state_consensus.csv,steady_state_consensus,QUIC,50ms,4,,12,151756752,151.757,,,,
steady_state_consensus.csv,steady_state_consensus,QUIC,50ms,4,,13,151776108,151.776,,,,
steady_state_consensus.csv,steady_state_consensus,QUIC,50ms,4,,14,151627986,151.628,,,,
steady_state_consensus.csv,steady_state_consensus,QUIC,50ms,4,,15,151530436,151.530,,,,
steady_state_consensus.csv,steady_state_consensus,QUIC,50ms,4,,16,151627624,151.628,,,,
steady_state_consensus.csv,steady_state_consensus,QUIC,50ms,4,,17,151546482,151.546,,,,
steady_state_consensus.csv,steady_state_consensus,QUIC,50ms,4,,18,152005415,152.005,,,,
steady_state_consensus.csv,steady_state_consensus,QUIC,50ms,4,,19,152079921,152.080,,,,
steady_state_consensus.csv,steady_state_consensus,QUIC,50ms,4,,20,151900670,151.901,,,,
steady_state_consensus.csv,steady_state_consensus,QUIC,50ms,4,,21,151969216,151.969,,,,
steady_state_consensus.csv,steady_state_consensus,QUIC,50ms,4,,22,151634872,151.635,,,,
steady_state_consensus.csv,steady_state_consensus,QUIC,50ms,4,,23,151741142,151.741,,,,
steady_state_consensus.csv,steady_state_consensus,QUIC,50ms,4,,24,151904116,151.904,,,,
steady_state_consensus.csv,steady_state_consensus,QUIC,50ms,4,,25,151777050,151.777,,,,
steady_state_consensus.csv,steady_state_consensus,QUIC,50ms,4,,26,151583558,151.584,,,,
steady_state_consensus.csv,steady_state_consensus,QUIC,50ms,4,,27,152064336,152.064,,,,
steady_state_consensus.csv,steady_state_consensus,QUIC,50ms,4,,28,151824641,151.825,,,,
steady_state_consensus.csv,steady_state_consensus,QUIC,50ms,4,,29,151889682,151.890,,,,
steady_state_consensus.csv,steady_state_consensus,QUIC,50ms,4,,30,151562573,151.563,,,,
steady_state_consensus.csv,steady_state_consensus,QUIC,50ms,4,,31,151904346,151.904,,,,
steady_state_consensus.csv,steady_state_consensus,QUIC,50ms,4,,32,152033864,152.034,,,,
steady_state_consensus.csv,steady_state_consensus,QUIC,50ms,4,,33,152527455,152.527,,,,
steady_state_consensus.csv,steady_state_consensus,QUIC,50ms,4,,34,151701916,151.702,,,,
steady_state_consensus.csv,steady_state_consensus,QUIC,50ms,4,,35,151304957,151.305,,,,
steady_state_consensus.csv,steady_state_consensus,QUIC,50ms,4,,36,151064037,151.064,,,,
steady_state_consensus.csv,steady_state_consensus,QUIC,50ms,4,,37,151175233,151.175,,,,
steady_state_consensus.csv,steady_state_consensus,QUIC,50ms,4,,38,151356650,151.357,,,,
steady_state_consensus.csv,steady_state_consensus,QUIC,50ms,4,,39,151201645,151.202,,,,
steady_state_consensus.csv,steady_state_consensus,QUIC,50ms,4,,40,151021333,151.021,,,,
steady_state_consensus.csv,steady_state_consensus,QUIC,50ms,4,,41,151829301,151.829,,,,
steady_state_consensus.csv,steady_state_consensus,QUIC,50ms,4,,42,151402151,151.402,,,,
steady_state_consensus.csv,steady_state_consensus,QUIC,50ms,4,,43,151375660,151.376,,,,
steady_state_consensus.csv,steady_state_consensus,QUIC,50ms,4,,44,151410746,151.411,,,,
steady_state_consensus.csv,steady_state_consensus,QUIC,50ms,4,,45,151215044,151.215,,,,
steady_state_consensus.csv,steady_state_consensus,QUIC,50ms,4,,46,151533174,151.533,,,,
steady_state_consensus.csv,steady_state_consensus,QUIC,50ms,4,,47,151415827,151.416,,,,
steady_state_consensus.csv,steady_state_consensus,QUIC,50ms,4,,48,151632673,151.633,,,,
steady_state_consensus.csv,steady_state_consensus,QUIC,50ms,4,,49,151270333,151.270,,,,
steady_state_consensus.csv,steady_state_consensus,QUIC,50ms,4,,50,151389547,151.390,,,,
steady_state_consensus.csv,steady_state_consensus,TCP,1pct_loss,4,,1,32251408,32.251,,,,
steady_state_consensus.csv,steady_state_consensus,TCP,1pct_loss,4,,2,31087042,31.087,,,,
steady_state_consensus.csv,steady_state_consensus,TCP,1pct_loss,4,,3,30906053,30.906,,,,
steady_state_consensus.csv,steady_state_consensus,TCP,1pct_loss,4,,4,30718066,30.718,,,,
steady_state_consensus.csv,steady_state_consensus,TCP,1pct_loss,4,,5,31239457,31.239,,,,
steady_state_consensus.csv,steady_state_consensus,TCP,1pct_loss,4,,6,30968302,30.968,,,,
steady_state_consensus.csv,steady_state_consensus,TCP,1pct_loss,4,,7,31117970,31.118,,,,
steady_state_consensus.csv,steady_state_consensus,TCP,1pct_loss,4,,8,31051672,31.052,,,,
steady_state_consensus.csv,steady_state_consensus,TCP,1pct_loss,4,,9,31056390,31.056,,,,
steady_state_consensus.csv,steady_state_consensus,TCP,1pct_loss,4,,10,31565050,31.565,,,,
steady_state_consensus.csv,steady_state_consensus,TCP,1pct_loss,4,,11,31359571,31.360,,,,
steady_state_consensus.csv,steady_state_consensus,TCP,1pct_loss,4,,12,31092083,31.092,,,,
steady_state_consensus.csv,steady_state_consensus,TCP,1pct_loss,4,,13,50756358,50.756,,,,
steady_state_consensus.csv,steady_state_consensus,TCP,1pct_loss,4,,14,31011167,31.011,,,,
steady_state_consensus.csv,steady_state_consensus,TCP,1pct_loss,4,,15,30896503,30.897,,,,
steady_state_consensus.csv,steady_state_consensus,TCP,1pct_loss,4,,16,31091449,31.091,,,,
steady_state_consensus.csv,steady_state_consensus,TCP,1pct_loss,4,,17,31240204,31.240,,,,
steady_state_consensus.csv,steady_state_consensus,TCP,1pct_loss,4,,18,31120342,31.120,,,,
steady_state_consensus.csv,steady_state_consensus,TCP,1pct_loss,4,,19,30895481,30.895,,,,
steady_state_consensus.csv,steady_state_consensus,TCP,1pct_loss,4,,20,30853210,30.853,,,,
steady_state_consensus.csv,steady_state_consensus,TCP,1pct_loss,4,,21,31094569,31.095,,,,
steady_state_consensus.csv,steady_state_consensus,TCP,1pct_loss,4,,22,31037085,31.037,,,,
steady_state_consensus.csv,steady_state_consensus,TCP,1pct_loss,4,,23,40990508,40.991,,,,
steady_state_consensus.csv,steady_state_consensus,TCP,1pct_loss,4,,24,30979853,30.980,,,,
steady_state_consensus.csv,steady_state_consensus,TCP,1pct_loss,4,,25,50536652,50.537,,,,
steady_state_consensus.csv,steady_state_consensus,TCP,1pct_loss,4,,26,31186654,31.187,,,,
steady_state_consensus.csv,steady_state_consensus,TCP,1pct_loss,4,,27,31438150,31.438,,,,
steady_state_consensus.csv,steady_state_consensus,TCP,1pct_loss,4,,28,31389019,31.389,,,,
steady_state_consensus.csv,steady_state_consensus,TCP,1pct_loss,4,,29,31156388,31.156,,,,
steady_state_consensus.csv,steady_state_consensus,TCP,1pct_loss,4,,30,31177349,31.177,,,,
steady_state_consensus.csv,steady_state_consensus,TCP,1pct_loss,4,,31,31200721,31.201,,,,
steady_state_consensus.csv,steady_state_consensus,TCP,1pct_loss,4,,32,31123660,31.124,,,,
steady_state_consensus.csv,steady_state_consensus,TCP,1pct_loss,4,,33,30950829,30.951,,,,
steady_state_consensus.csv,steady_state_consensus,TCP,1pct_loss,4,,34,60671758,60.672,,,,
steady_state_consensus.csv,steady_state_consensus,TCP,1pct_loss,4,,35,53905256,53.905,,,,
steady_state_consensus.csv,steady_state_consensus,TCP,1pct_loss,4,,36,31092659,31.093,,,,
steady_state_consensus.csv,steady_state_consensus,TCP,1pct_loss,4,,37,31218548,31.219,,,,
steady_state_consensus.csv,steady_state_consensus,TCP,1pct_loss,4,,38,30784218,30.784,,,,
steady_state_consensus.csv,steady_state_consensus,TCP,1pct_loss,4,,39,31132140,31.132,,,,
steady_state_consensus.csv,steady_state_consensus,TCP,1pct_loss,4,,40,31452572,31.453,,,,
steady_state_consensus.csv,steady_state_consensus,TCP,1pct_loss,4,,41,32026695,32.027,,,,
steady_state_consensus.csv,steady_state_consensus,TCP,1pct_loss,4,,42,31309301,31.309,,,,
steady_state_consensus.csv,steady_state_consensus,TCP,1pct_loss,4,,43,31394920,31.395,,,,
steady_state_consensus.csv,steady_state_consensus,TCP,1pct_loss,4,,44,31198953,31.199,,,,
steady_state_consensus.csv,steady_state_consensus,TCP,1pct_loss,4,,45,31191342,31.191,,,,
steady_state_consensus.csv,steady_state_consensus,TCP,1pct_loss,4,,46,31224762,31.225,,,,
steady_state_consensus.csv,steady_state_consensus,TCP,1pct_loss,4,,47,30889672,30.890,,,,
steady_state_consensus.csv,steady_state_consensus,TCP,1pct_loss,4,,48,30780128,30.780,,,,
steady_state_consensus.csv,steady_state_consensus,TCP,1pct_loss,4,,49,30960079,30.960,,,,
steady_state_consensus.csv,steady_state_consensus,TCP,1pct_loss,4,,50,31073430,31.073,,,,
steady_state_consensus.csv,steady_state_consensus,QUIC,1pct_loss,4,,1,32431715,32.432,,,,
steady_state_consensus.csv,steady_state_consensus,QUIC,1pct_loss,4,,2,31476031,31.476,,,,
steady_state_consensus.csv,steady_state_consensus,QUIC,1pct_loss,4,,3,31180598,31.181,,,,
steady_state_consensus.csv,steady_state_consensus,QUIC,1pct_loss,4,,4,31116251,31.116,,,,
steady_state_consensus.csv,steady_state_consensus,QUIC,1pct_loss,4,,5,31251605,31.252,,,,
steady_state_consensus.csv,steady_state_consensus,QUIC,1pct_loss,4,,6,31269449,31.269,,,,
steady_state_consensus.csv,steady_state_consensus,QUIC,1pct_loss,4,,7,33025199,33.025,,,,
steady_state_consensus.csv,steady_state_consensus,QUIC,1pct_loss,4,,8,31510777,31.511,,,,
steady_state_consensus.csv,steady_state_consensus,QUIC,1pct_loss,4,,9,34052045,34.052,,,,
steady_state_consensus.csv,steady_state_consensus,QUIC,1pct_loss,4,,10,31338310,31.338,,,,
steady_state_consensus.csv,steady_state_consensus,QUIC,1pct_loss,4,,11,31321620,31.322,,,,
steady_state_consensus.csv,steady_state_consensus,QUIC,1pct_loss,4,,12,34041419,34.041,,,,
steady_state_consensus.csv,steady_state_consensus,QUIC,1pct_loss,4,,13,43646366,43.646,,,,
steady_state_consensus.csv,steady_state_consensus,QUIC,1pct_loss,4,,14,31332414,31.332,,,,
steady_state_consensus.csv,steady_state_consensus,QUIC,1pct_loss,4,,15,31634095,31.634,,,,
steady_state_consensus.csv,steady_state_consensus,QUIC,1pct_loss,4,,16,41481602,41.482,,,,
steady_state_consensus.csv,steady_state_consensus,QUIC,1pct_loss,4,,17,31084249,31.084,,,,
steady_state_consensus.csv,steady_state_consensus,QUIC,1pct_loss,4,,18,31169778,31.170,,,,
steady_state_consensus.csv,steady_state_consensus,QUIC,1pct_loss,4,,19,31082221,31.082,,,,
steady_state_consensus.csv,steady_state_consensus,QUIC,1pct_loss,4,,20,31161271,31.161,,,,
steady_state_consensus.csv,steady_state_consensus,QUIC,1pct_loss,4,,21,31191537,31.192,,,,
steady_state_consensus.csv,steady_state_consensus,QUIC,1pct_loss,4,,22,31142809,31.143,,,,
steady_state_consensus.csv,steady_state_consensus,QUIC,1pct_loss,4,,23,31086824,31.087,,,,
steady_state_consensus.csv,steady_state_consensus,QUIC,1pct_loss,4,,24,31259677,31.260,,,,
steady_state_consensus.csv,steady_state_consensus,QUIC,1pct_loss,4,,25,31549830,31.550,,,,
steady_state_consensus.csv,steady_state_consensus,QUIC,1pct_loss,4,,26,31469111,31.469,,,,
steady_state_consensus.csv,steady_state_consensus,QUIC,1pct_loss,4,,27,31442928,31.443,,,,
steady_state_consensus.csv,steady_state_consensus,QUIC,1pct_loss,4,,28,31275942,31.276,,,,
steady_state_consensus.csv,steady_state_consensus,QUIC,1pct_loss,4,,29,31710672,31.711,,,,
steady_state_consensus.csv,steady_state_consensus,QUIC,1pct_loss,4,,30,31392157,31.392,,,,
steady_state_consensus.csv,steady_state_consensus,QUIC,1pct_loss,4,,31,31502122,31.502,,,,
steady_state_consensus.csv,steady_state_consensus,QUIC,1pct_loss,4,,32,31310433,31.310,,,,
steady_state_consensus.csv,steady_state_consensus,QUIC,1pct_loss,4,,33,31205344,31.205,,,,
steady_state_consensus.csv,steady_state_consensus,QUIC,1pct_loss,4,,34,31178672,31.179,,,,
steady_state_consensus.csv,steady_state_consensus,QUIC,1pct_loss,4,,35,30998194,30.998,,,,
steady_state_consensus.csv,steady_state_consensus,QUIC,1pct_loss,4,,36,33129254,33.129,,,,
steady_state_consensus.csv,steady_state_consensus,QUIC,1pct_loss,4,,37,31126757,31.127,,,,
steady_state_consensus.csv,steady_state_consensus,QUIC,1pct_loss,4,,38,31069305,31.069,,,,
steady_state_consensus.csv,steady_state_consensus,QUIC,1pct_loss,4,,39,31519000,31.519,,,,
steady_state_consensus.csv,steady_state_consensus,QUIC,1pct_loss,4,,40,31618107,31.618,,,,
steady_state_consensus.csv,steady_state_consensus,QUIC,1pct_loss,4,,41,31495914,31.496,,,,
steady_state_consensus.csv,steady_state_consensus,QUIC,1pct_loss,4,,42,31597529,31.598,,,,
steady_state_consensus.csv,steady_state_consensus,QUIC,1pct_loss,4,,43,31585882,31.586,,,,
steady_state_consensus.csv,steady_state_consensus,QUIC,1pct_loss,4,,44,31578032,31.578,,,,
steady_state_consensus.csv,steady_state_consensus,QUIC,1pct_loss,4,,45,32091911,32.092,,,,
steady_state_consensus.csv,steady_state_consensus,QUIC,1pct_loss,4,,46,31541711,31.542,,,,
steady_state_consensus.csv,steady_state_consensus,QUIC,1pct_loss,4,,47,31134514,31.135,,,,
steady_state_consensus.csv,steady_state_consensus,QUIC,1pct_loss,4,,48,31127486,31.127,,,,
steady_state_consensus.csv,steady_state_consensus,QUIC,1pct_loss,4,,49,31105339,31.105,,,,
steady_state_consensus.csv,steady_state_consensus,QUIC,1pct_loss,4,,50,31111336,31.111,,,,
steady_state_consensus.csv,steady_state_consensus,TCP,5pct_loss,4,,1,41506700,41.507,,,,
steady_state_consensus.csv,steady_state_consensus,TCP,5pct_loss,4,,2,41517615,41.518,,,,
steady_state_consensus.csv,steady_state_consensus,TCP,5pct_loss,4,,3,51087731,51.088,,,,
steady_state_consensus.csv,steady_state_consensus,TCP,5pct_loss,4,,4,41215333,41.215,,,,
steady_state_consensus.csv,steady_state_consensus,TCP,5pct_loss,4,,5,31100997,31.101,,,,
steady_state_consensus.csv,steady_state_consensus,TCP,5pct_loss,4,,6,50929841,50.930,,,,
steady_state_consensus.csv,steady_state_consensus,TCP,5pct_loss,4,,7,71075884,71.076,,,,
steady_state_consensus.csv,steady_state_consensus,TCP,5pct_loss,4,,8,80862738,80.863,,,,
steady_state_consensus.csv,steady_state_consensus,TCP,5pct_loss,4,,9,222242364,222.242,,,,
steady_state_consensus.csv,steady_state_consensus,TCP,5pct_loss,4,,10,40912945,40.913,,,,
steady_state_consensus.csv,steady_state_consensus,TCP,5pct_loss,4,,11,41226939,41.227,,,,
steady_state_consensus.csv,steady_state_consensus,TCP,5pct_loss,4,,12,41001631,41.002,,,,
steady_state_consensus.csv,steady_state_consensus,TCP,5pct_loss,4,,13,259193737,259.194,,,,
steady_state_consensus.csv,steady_state_consensus,TCP,5pct_loss,4,,14,40822073,40.822,,,,
steady_state_consensus.csv,steady_state_consensus,TCP,5pct_loss,4,,15,60416741,60.417,,,,
steady_state_consensus.csv,steady_state_consensus,TCP,5pct_loss,4,,16,50557313,50.557,,,,
steady_state_consensus.csv,steady_state_consensus,TCP,5pct_loss,4,,17,70703025,70.703,,,,
steady_state_consensus.csv,steady_state_consensus,TCP,5pct_loss,4,,18,50886956,50.887,,,,
steady_state_consensus.csv,steady_state_consensus,TCP,5pct_loss,4,,19,285022563,285.023,,,,
steady_state_consensus.csv,steady_state_consensus,TCP,5pct_loss,4,,20,60710991,60.711,,,,
steady_state_consensus.csv,steady_state_consensus,TCP,5pct_loss,4,,21,49544735,49.545,,,,
steady_state_consensus.csv,steady_state_consensus,TCP,5pct_loss,4,,22,30980527,30.981,,,,
steady_state_consensus.csv,steady_state_consensus,TCP,5pct_loss,4,,23,287116134,287.116,,,,
steady_state_consensus.csv,steady_state_consensus,TCP,5pct_loss,4,,24,51038631,51.039,,,,
steady_state_consensus.csv,steady_state_consensus,TCP,5pct_loss,4,,25,40021797,40.022,,,,
steady_state_consensus.csv,steady_state_consensus,TCP,5pct_loss,4,,26,36777406,36.777,,,,
steady_state_consensus.csv,steady_state_consensus,TCP,5pct_loss,4,,27,40388444,40.388,,,,
steady_state_consensus.csv,steady_state_consensus,TCP,5pct_loss,4,,28,40503083,40.503,,,,
steady_state_consensus.csv,steady_state_consensus,TCP,5pct_loss,4,,29,40521980,40.522,,,,
steady_state_consensus.csv,steady_state_consensus,TCP,5pct_loss,4,,30,43379338,43.379,,,,
steady_state_consensus.csv,steady_state_consensus,TCP,5pct_loss,4,,31,290775252,290.775,,,,
steady_state_consensus.csv,steady_state_consensus,TCP,5pct_loss,4,,32,55015216,55.015,,,,
steady_state_consensus.csv,steady_state_consensus,TCP,5pct_loss,4,,33,45983003,45.983,,,,
steady_state_consensus.csv,steady_state_consensus,TCP,5pct_loss,4,,34,80825516,80.826,,,,
steady_state_consensus.csv,steady_state_consensus,TCP,5pct_loss,4,,35,60560516,60.561,,,,
steady_state_consensus.csv,steady_state_consensus,TCP,5pct_loss,4,,36,30938306,30.938,,,,
steady_state_consensus.csv,steady_state_consensus,TCP,5pct_loss,4,,37,60711756,60.712,,,,
steady_state_consensus.csv,steady_state_consensus,TCP,5pct_loss,4,,38,60293220,60.293,,,,
steady_state_consensus.csv,steady_state_consensus,TCP,5pct_loss,4,,39,40646350,40.646,,,,
steady_state_consensus.csv,steady_state_consensus,TCP,5pct_loss,4,,40,70572986,70.573,,,,
steady_state_consensus.csv,steady_state_consensus,TCP,5pct_loss,4,,41,86501879,86.502,,,,
steady_state_consensus.csv,steady_state_consensus,TCP,5pct_loss,4,,42,234139922,234.140,,,,
steady_state_consensus.csv,steady_state_consensus,TCP,5pct_loss,4,,43,40974221,40.974,,,,
steady_state_consensus.csv,steady_state_consensus,TCP,5pct_loss,4,,44,40367198,40.367,,,,
steady_state_consensus.csv,steady_state_consensus,TCP,5pct_loss,4,,45,61199156,61.199,,,,
steady_state_consensus.csv,steady_state_consensus,TCP,5pct_loss,4,,46,40932690,40.933,,,,
steady_state_consensus.csv,steady_state_consensus,TCP,5pct_loss,4,,47,136637135,136.637,,,,
steady_state_consensus.csv,steady_state_consensus,TCP,5pct_loss,4,,48,193138171,193.138,,,,
steady_state_consensus.csv,steady_state_consensus,TCP,5pct_loss,4,,49,41063850,41.064,,,,
steady_state_consensus.csv,steady_state_consensus,TCP,5pct_loss,4,,50,52544406,52.544,,,,
steady_state_consensus.csv,steady_state_consensus,QUIC,5pct_loss,4,,1,31807309,31.807,,,,
steady_state_consensus.csv,steady_state_consensus,QUIC,5pct_loss,4,,2,31225144,31.225,,,,
steady_state_consensus.csv,steady_state_consensus,QUIC,5pct_loss,4,,3,102444645,102.445,,,,
steady_state_consensus.csv,steady_state_consensus,QUIC,5pct_loss,4,,4,31122249,31.122,,,,
steady_state_consensus.csv,steady_state_consensus,QUIC,5pct_loss,4,,5,30937572,30.938,,,,
steady_state_consensus.csv,steady_state_consensus,QUIC,5pct_loss,4,,6,116040783,116.041,,,,
steady_state_consensus.csv,steady_state_consensus,QUIC,5pct_loss,4,,7,51316805,51.317,,,,
steady_state_consensus.csv,steady_state_consensus,QUIC,5pct_loss,4,,8,31388307,31.388,,,,
steady_state_consensus.csv,steady_state_consensus,QUIC,5pct_loss,4,,9,31457408,31.457,,,,
steady_state_consensus.csv,steady_state_consensus,QUIC,5pct_loss,4,,10,51332803,51.333,,,,
steady_state_consensus.csv,steady_state_consensus,QUIC,5pct_loss,4,,11,85259100,85.259,,,,
steady_state_consensus.csv,steady_state_consensus,QUIC,5pct_loss,4,,12,31098408,31.098,,,,
steady_state_consensus.csv,steady_state_consensus,QUIC,5pct_loss,4,,13,43478584,43.479,,,,
steady_state_consensus.csv,steady_state_consensus,QUIC,5pct_loss,4,,14,31089618,31.090,,,,
steady_state_consensus.csv,steady_state_consensus,QUIC,5pct_loss,4,,15,51253517,51.254,,,,
steady_state_consensus.csv,steady_state_consensus,QUIC,5pct_loss,4,,16,41300823,41.301,,,,
steady_state_consensus.csv,steady_state_consensus,QUIC,5pct_loss,4,,17,82064263,82.064,,,,
steady_state_consensus.csv,steady_state_consensus,QUIC,5pct_loss,4,,18,31195543,31.196,,,,
steady_state_consensus.csv,steady_state_consensus,QUIC,5pct_loss,4,,19,30930644,30.931,,,,
steady_state_consensus.csv,steady_state_consensus,QUIC,5pct_loss,4,,20,31290135,31.290,,,,
steady_state_consensus.csv,steady_state_consensus,QUIC,5pct_loss,4,,21,31216134,31.216,,,,
steady_state_consensus.csv,steady_state_consensus,QUIC,5pct_loss,4,,22,30964794,30.965,,,,
steady_state_consensus.csv,steady_state_consensus,QUIC,5pct_loss,4,,23,31477371,31.477,,,,
steady_state_consensus.csv,steady_state_consensus,QUIC,5pct_loss,4,,24,31162903,31.163,,,,
steady_state_consensus.csv,steady_state_consensus,QUIC,5pct_loss,4,,25,78766728,78.767,,,,
steady_state_consensus.csv,steady_state_consensus,QUIC,5pct_loss,4,,26,31221829,31.222,,,,
steady_state_consensus.csv,steady_state_consensus,QUIC,5pct_loss,4,,27,31114351,31.114,,,,
steady_state_consensus.csv,steady_state_consensus,QUIC,5pct_loss,4,,28,51387016,51.387,,,,
steady_state_consensus.csv,steady_state_consensus,QUIC,5pct_loss,4,,29,31326892,31.327,,,,
steady_state_consensus.csv,steady_state_consensus,QUIC,5pct_loss,4,,30,31045169,31.045,,,,
steady_state_consensus.csv,steady_state_consensus,QUIC,5pct_loss,4,,31,31043495,31.043,,,,
steady_state_consensus.csv,steady_state_consensus,QUIC,5pct_loss,4,,32,31009166,31.009,,,,
steady_state_consensus.csv,steady_state_consensus,QUIC,5pct_loss,4,,33,31458253,31.458,,,,
steady_state_consensus.csv,steady_state_consensus,QUIC,5pct_loss,4,,34,31303673,31.304,,,,
steady_state_consensus.csv,steady_state_consensus,QUIC,5pct_loss,4,,35,31349840,31.350,,,,
steady_state_consensus.csv,steady_state_consensus,QUIC,5pct_loss,4,,36,31049962,31.050,,,,
steady_state_consensus.csv,steady_state_consensus,QUIC,5pct_loss,4,,37,31090401,31.090,,,,
steady_state_consensus.csv,steady_state_consensus,QUIC,5pct_loss,4,,38,30981934,30.982,,,,
steady_state_consensus.csv,steady_state_consensus,QUIC,5pct_loss,4,,39,41039539,41.040,,,,
steady_state_consensus.csv,steady_state_consensus,QUIC,5pct_loss,4,,40,54990821,54.991,,,,
steady_state_consensus.csv,steady_state_consensus,QUIC,5pct_loss,4,,41,31167598,31.168,,,,
steady_state_consensus.csv,steady_state_consensus,QUIC,5pct_loss,4,,42,79150263,79.150,,,,
steady_state_consensus.csv,steady_state_consensus,QUIC,5pct_loss,4,,43,31107058,31.107,,,,
steady_state_consensus.csv,steady_state_consensus,QUIC,5pct_loss,4,,44,31017940,31.018,,,,
steady_state_consensus.csv,steady_state_consensus,QUIC,5pct_loss,4,,45,33676618,33.677,,,,
steady_state_consensus.csv,steady_state_consensus,QUIC,5pct_loss,4,,46,30983401,30.983,,,,
steady_state_consensus.csv,steady_state_consensus,QUIC,5pct_loss,4,,47,31054173,31.054,,,,
steady_state_consensus.csv,steady_state_consensus,QUIC,5pct_loss,4,,48,31175947,31.176,,,,
steady_state_consensus.csv,steady_state_consensus,QUIC,5pct_loss,4,,49,71723051,71.723,,,,
steady_state_consensus.csv,steady_state_consensus,QUIC,5pct_loss,4,,50,33413928,33.414,,,,
steady_state_consensus.csv,steady_state_consensus,TCP,10pct_loss,4,,1,61126678,61.127,,,,
steady_state_consensus.csv,steady_state_consensus,TCP,10pct_loss,4,,2,40798876,40.799,,,,
steady_state_consensus.csv,steady_state_consensus,TCP,10pct_loss,4,,3,50854279,50.854,,,,
steady_state_consensus.csv,steady_state_consensus,TCP,10pct_loss,4,,4,30957607,30.958,,,,
steady_state_consensus.csv,steady_state_consensus,TCP,10pct_loss,4,,5,274519152,274.519,,,,
steady_state_consensus.csv,steady_state_consensus,TCP,10pct_loss,4,,6,51355774,51.356,,,,
steady_state_consensus.csv,steady_state_consensus,TCP,10pct_loss,4,,7,104234369,104.234,,,,
steady_state_consensus.csv,steady_state_consensus,TCP,10pct_loss,4,,8,200263189,200.263,,,,
steady_state_consensus.csv,steady_state_consensus,TCP,10pct_loss,4,,9,81306766,81.307,,,,
steady_state_consensus.csv,steady_state_consensus,TCP,10pct_loss,4,,10,40720043,40.720,,,,
steady_state_consensus.csv,steady_state_consensus,TCP,10pct_loss,4,,11,59930426,59.930,,,,
steady_state_consensus.csv,steady_state_consensus,TCP,10pct_loss,4,,12,910813569,910.814,,,,
steady_state_consensus.csv,steady_state_consensus,TCP,10pct_loss,4,,13,40789839,40.790,,,,
steady_state_consensus.csv,steady_state_consensus,TCP,10pct_loss,4,,14,310687128,310.687,,,,
steady_state_consensus.csv,steady_state_consensus,TCP,10pct_loss,4,,15,286840913,286.841,,,,
steady_state_consensus.csv,steady_state_consensus,TCP,10pct_loss,4,,16,40777066,40.777,,,,
steady_state_consensus.csv,steady_state_consensus,TCP,10pct_loss,4,,17,51011850,51.012,,,,
steady_state_consensus.csv,steady_state_consensus,TCP,10pct_loss,4,,18,60998810,60.999,,,,
steady_state_consensus.csv,steady_state_consensus,TCP,10pct_loss,4,,19,54526550,54.527,,,,
steady_state_consensus.csv,steady_state_consensus,TCP,10pct_loss,4,,20,244256541,244.257,,,,
steady_state_consensus.csv,steady_state_consensus,TCP,10pct_loss,4,,21,50723241,50.723,,,,
steady_state_consensus.csv,steady_state_consensus,TCP,10pct_loss,4,,22,84531528,84.532,,,,
steady_state_consensus.csv,steady_state_consensus,TCP,10pct_loss,4,,23,91735763,91.736,,,,
steady_state_consensus.csv,steady_state_consensus,TCP,10pct_loss,4,,24,52789373,52.789,,,,
steady_state_consensus.csv,steady_state_consensus,TCP,10pct_loss,4,,25,290205807,290.206,,,,
steady_state_consensus.csv,steady_state_consensus,TCP,10pct_loss,4,,26,47157084,47.157,,,,
steady_state_consensus.csv,steady_state_consensus,TCP,10pct_loss,4,,27,70672036,70.672,,,,
steady_state_consensus.csv,steady_state_consensus,TCP,10pct_loss,4,,28,80810907,80.811,,,,
steady_state_consensus.csv,steady_state_consensus,TCP,10pct_loss,4,,29,80776269,80.776,,,,
steady_state_consensus.csv,steady_state_consensus,TCP,10pct_loss,4,,30,60859602,60.860,,,,
steady_state_consensus.csv,steady_state_consensus,TCP,10pct_loss,4,,31,308863681,308.864,,,,
steady_state_consensus.csv,steady_state_consensus,TCP,10pct_loss,4,,32,109925438,109.925,,,,
steady_state_consensus.csv,steady_state_consensus,TCP,10pct_loss,4,,33,60959860,60.960,,,,
steady_state_consensus.csv,steady_state_consensus,TCP,10pct_loss,4,,34,50913744,50.914,,,,
steady_state_consensus.csv,steady_state_consensus,TCP,10pct_loss,4,,35,104762047,104.762,,,,
steady_state_consensus.csv,steady_state_consensus,TCP,10pct_loss,4,,36,60892737,60.893,,,,
steady_state_consensus.csv,steady_state_consensus,TCP,10pct_loss,4,,37,61111824,61.112,,,,
steady_state_consensus.csv,steady_state_consensus,TCP,10pct_loss,4,,38,60813009,60.813,,,,
steady_state_consensus.csv,steady_state_consensus,TCP,10pct_loss,4,,39,297815721,297.816,,,,
steady_state_consensus.csv,steady_state_consensus,TCP,10pct_loss,4,,40,51231150,51.231,,,,
steady_state_consensus.csv,steady_state_consensus,TCP,10pct_loss,4,,41,63881149,63.881,,,,
steady_state_consensus.csv,steady_state_consensus,TCP,10pct_loss,4,,42,81105164,81.105,,,,
steady_state_consensus.csv,steady_state_consensus,TCP,10pct_loss,4,,43,304389684,304.390,,,,
steady_state_consensus.csv,steady_state_consensus,TCP,10pct_loss,4,,44,539110487,539.110,,,,
steady_state_consensus.csv,steady_state_consensus,TCP,10pct_loss,4,,45,109061208,109.061,,,,
steady_state_consensus.csv,steady_state_consensus,TCP,10pct_loss,4,,46,704122603,704.123,,,,
steady_state_consensus.csv,steady_state_consensus,TCP,10pct_loss,4,,47,60532303,60.532,,,,
steady_state_consensus.csv,steady_state_consensus,TCP,10pct_loss,4,,48,142887767,142.888,,,,
steady_state_consensus.csv,steady_state_consensus,TCP,10pct_loss,4,,49,71402647,71.403,,,,
steady_state_consensus.csv,steady_state_consensus,TCP,10pct_loss,4,,50,60872315,60.872,,,,
steady_state_consensus.csv,steady_state_consensus,QUIC,10pct_loss,4,,1,39493086,39.493,,,,
steady_state_consensus.csv,steady_state_consensus,QUIC,10pct_loss,4,,2,41502352,41.502,,,,
steady_state_consensus.csv,steady_state_consensus,QUIC,10pct_loss,4,,3,103248685,103.249,,,,
steady_state_consensus.csv,steady_state_consensus,QUIC,10pct_loss,4,,4,54809243,54.809,,,,
steady_state_consensus.csv,steady_state_consensus,QUIC,10pct_loss,4,,5,42024291,42.024,,,,
steady_state_consensus.csv,steady_state_consensus,QUIC,10pct_loss,4,,6,87573088,87.573,,,,
steady_state_consensus.csv,steady_state_consensus,QUIC,10pct_loss,4,,7,71927565,71.928,,,,
steady_state_consensus.csv,steady_state_consensus,QUIC,10pct_loss,4,,8,61626301,61.626,,,,
steady_state_consensus.csv,steady_state_consensus,QUIC,10pct_loss,4,,9,31178218,31.178,,,,
steady_state_consensus.csv,steady_state_consensus,QUIC,10pct_loss,4,,10,51159492,51.159,,,,
steady_state_consensus.csv,steady_state_consensus,QUIC,10pct_loss,4,,11,79019994,79.020,,,,
steady_state_consensus.csv,steady_state_consensus,QUIC,10pct_loss,4,,12,31738614,31.739,,,,
steady_state_consensus.csv,steady_state_consensus,QUIC,10pct_loss,4,,13,51960634,51.961,,,,
steady_state_consensus.csv,steady_state_consensus,QUIC,10pct_loss,4,,14,78825026,78.825,,,,
steady_state_consensus.csv,steady_state_consensus,QUIC,10pct_loss,4,,15,62137531,62.138,,,,
steady_state_consensus.csv,steady_state_consensus,QUIC,10pct_loss,4,,16,31673704,31.674,,,,
steady_state_consensus.csv,steady_state_consensus,QUIC,10pct_loss,4,,17,74529660,74.530,,,,
steady_state_consensus.csv,steady_state_consensus,QUIC,10pct_loss,4,,18,51259332,51.259,,,,
steady_state_consensus.csv,steady_state_consensus,QUIC,10pct_loss,4,,19,62020218,62.020,,,,
steady_state_consensus.csv,steady_state_consensus,QUIC,10pct_loss,4,,20,55162182,55.162,,,,
steady_state_consensus.csv,steady_state_consensus,QUIC,10pct_loss,4,,21,79748457,79.748,,,,
steady_state_consensus.csv,steady_state_consensus,QUIC,10pct_loss,4,,22,32084922,32.085,,,,
steady_state_consensus.csv,steady_state_consensus,QUIC,10pct_loss,4,,23,100565102,100.565,,,,
steady_state_consensus.csv,steady_state_consensus,QUIC,10pct_loss,4,,24,79083283,79.083,,,,
steady_state_consensus.csv,steady_state_consensus,QUIC,10pct_loss,4,,25,80083166,80.083,,,,
steady_state_consensus.csv,steady_state_consensus,QUIC,10pct_loss,4,,26,79261005,79.261,,,,
steady_state_consensus.csv,steady_state_consensus,QUIC,10pct_loss,4,,27,31275332,31.275,,,,
steady_state_consensus.csv,steady_state_consensus,QUIC,10pct_loss,4,,28,31259377,31.259,,,,
steady_state_consensus.csv,steady_state_consensus,QUIC,10pct_loss,4,,29,31461534,31.462,,,,
steady_state_consensus.csv,steady_state_consensus,QUIC,10pct_loss,4,,30,98527770,98.528,,,,
steady_state_consensus.csv,steady_state_consensus,QUIC,10pct_loss,4,,31,31455027,31.455,,,,
steady_state_consensus.csv,steady_state_consensus,QUIC,10pct_loss,4,,32,79528277,79.528,,,,
steady_state_consensus.csv,steady_state_consensus,QUIC,10pct_loss,4,,33,80704740,80.705,,,,
steady_state_consensus.csv,steady_state_consensus,QUIC,10pct_loss,4,,34,31157609,31.158,,,,
steady_state_consensus.csv,steady_state_consensus,QUIC,10pct_loss,4,,35,51921758,51.922,,,,
steady_state_consensus.csv,steady_state_consensus,QUIC,10pct_loss,4,,36,51831043,51.831,,,,
steady_state_consensus.csv,steady_state_consensus,QUIC,10pct_loss,4,,37,52398247,52.398,,,,
steady_state_consensus.csv,steady_state_consensus,QUIC,10pct_loss,4,,38,32366776,32.367,,,,
steady_state_consensus.csv,steady_state_consensus,QUIC,10pct_loss,4,,39,51578794,51.579,,,,
steady_state_consensus.csv,steady_state_consensus,QUIC,10pct_loss,4,,40,51528497,51.528,,,,
steady_state_consensus.csv,steady_state_consensus,QUIC,10pct_loss,4,,41,31074790,31.075,,,,
steady_state_consensus.csv,steady_state_consensus,QUIC,10pct_loss,4,,42,51429680,51.430,,,,
steady_state_consensus.csv,steady_state_consensus,QUIC,10pct_loss,4,,43,34285484,34.285,,,,
steady_state_consensus.csv,steady_state_consensus,QUIC,10pct_loss,4,,44,31147944,31.148,,,,
steady_state_consensus.csv,steady_state_consensus,QUIC,10pct_loss,4,,45,33678584,33.679,,,,
steady_state_consensus.csv,steady_state_consensus,QUIC,10pct_loss,4,,46,31119784,31.120,,,,
steady_state_consensus.csv,steady_state_consensus,QUIC,10pct_loss,4,,47,31305604,31.306,,,,
steady_state_consensus.csv,steady_state_consensus,QUIC,10pct_loss,4,,48,41580077,41.580,,,,
steady_state_consensus.csv,steady_state_consensus,QUIC,10pct_loss,4,,49,31542472,31.542,,,,
steady_state_consensus.csv,steady_state_consensus,QUIC,10pct_loss,4,,50,43825270,43.825,,,,
steady_state_consensus.csv,steady_state_consensus,TCP,wan,4,,1,119860450,119.860,,,,
steady_state_consensus.csv,steady_state_consensus,TCP,wan,4,,2,116970448,116.970,,,,
steady_state_consensus.csv,steady_state_consensus,TCP,wan,4,,3,198152989,198.153,,,,
steady_state_consensus.csv,steady_state_consensus,TCP,wan,4,,4,118323168,118.323,,,,
steady_state_consensus.csv,steady_state_consensus,TCP,wan,4,,5,118978660,118.979,,,,
steady_state_consensus.csv,steady_state_consensus,TCP,wan,4,,6,119929107,119.929,,,,
steady_state_consensus.csv,steady_state_consensus,TCP,wan,4,,7,117401217,117.401,,,,
steady_state_consensus.csv,steady_state_consensus,TCP,wan,4,,8,118185002,118.185,,,,
steady_state_consensus.csv,steady_state_consensus,TCP,wan,4,,9,117836771,117.837,,,,
steady_state_consensus.csv,steady_state_consensus,TCP,wan,4,,10,119143909,119.144,,,,
steady_state_consensus.csv,steady_state_consensus,TCP,wan,4,,11,117947626,117.948,,,,
steady_state_consensus.csv,steady_state_consensus,TCP,wan,4,,12,114713284,114.713,,,,
steady_state_consensus.csv,steady_state_consensus,TCP,wan,4,,13,117330197,117.330,,,,
steady_state_consensus.csv,steady_state_consensus,TCP,wan,4,,14,117272325,117.272,,,,
steady_state_consensus.csv,steady_state_consensus,TCP,wan,4,,15,118628563,118.629,,,,
steady_state_consensus.csv,steady_state_consensus,TCP,wan,4,,16,115754048,115.754,,,,
steady_state_consensus.csv,steady_state_consensus,TCP,wan,4,,17,120463580,120.464,,,,
steady_state_consensus.csv,steady_state_consensus,TCP,wan,4,,18,116810096,116.810,,,,
steady_state_consensus.csv,steady_state_consensus,TCP,wan,4,,19,121039618,121.040,,,,
steady_state_consensus.csv,steady_state_consensus,TCP,wan,4,,20,121682979,121.683,,,,
steady_state_consensus.csv,steady_state_consensus,TCP,wan,4,,21,112624965,112.625,,,,
steady_state_consensus.csv,steady_state_consensus,TCP,wan,4,,22,116876246,116.876,,,,
steady_state_consensus.csv,steady_state_consensus,TCP,wan,4,,23,121215848,121.216,,,,
steady_state_consensus.csv,steady_state_consensus,TCP,wan,4,,24,117835311,117.835,,,,
steady_state_consensus.csv,steady_state_consensus,TCP,wan,4,,25,119497677,119.498,,,,
steady_state_consensus.csv,steady_state_consensus,TCP,wan,4,,26,160608693,160.609,,,,
steady_state_consensus.csv,steady_state_consensus,TCP,wan,4,,27,118362063,118.362,,,,
steady_state_consensus.csv,steady_state_consensus,TCP,wan,4,,28,120279629,120.280,,,,
steady_state_consensus.csv,steady_state_consensus,TCP,wan,4,,29,119141467,119.141,,,,
steady_state_consensus.csv,steady_state_consensus,TCP,wan,4,,30,115599481,115.599,,,,
steady_state_consensus.csv,steady_state_consensus,TCP,wan,4,,31,116628385,116.628,,,,
steady_state_consensus.csv,steady_state_consensus,TCP,wan,4,,32,120210942,120.211,,,,
steady_state_consensus.csv,steady_state_consensus,TCP,wan,4,,33,112500049,112.500,,,,
steady_state_consensus.csv,steady_state_consensus,TCP,wan,4,,34,117034294,117.034,,,,
steady_state_consensus.csv,steady_state_consensus,TCP,wan,4,,35,117944105,117.944,,,,
steady_state_consensus.csv,steady_state_consensus,TCP,wan,4,,36,117787305,117.787,,,,
steady_state_consensus.csv,steady_state_consensus,TCP,wan,4,,37,116754851,116.755,,,,
steady_state_consensus.csv,steady_state_consensus,TCP,wan,4,,38,119960274,119.960,,,,
steady_state_consensus.csv,steady_state_consensus,TCP,wan,4,,39,120130756,120.131,,,,
steady_state_consensus.csv,steady_state_consensus,TCP,wan,4,,40,117747218,117.747,,,,
steady_state_consensus.csv,steady_state_consensus,TCP,wan,4,,41,118751206,118.751,,,,
steady_state_consensus.csv,steady_state_consensus,TCP,wan,4,,42,120783445,120.783,,,,
steady_state_consensus.csv,steady_state_consensus,TCP,wan,4,,43,116504820,116.505,,,,
steady_state_consensus.csv,steady_state_consensus,TCP,wan,4,,44,117624174,117.624,,,,
steady_state_consensus.csv,steady_state_consensus,TCP,wan,4,,45,118320445,118.320,,,,
steady_state_consensus.csv,steady_state_consensus,TCP,wan,4,,46,116296768,116.297,,,,
steady_state_consensus.csv,steady_state_consensus,TCP,wan,4,,47,120349341,120.349,,,,
steady_state_consensus.csv,steady_state_consensus,TCP,wan,4,,48,119773157,119.773,,,,
steady_state_consensus.csv,steady_state_consensus,TCP,wan,4,,49,114094993,114.095,,,,
steady_state_consensus.csv,steady_state_consensus,TCP,wan,4,,50,155519262,155.519,,,,
steady_state_consensus.csv,steady_state_consensus,QUIC,wan,4,,1,115228429,115.228,,,,
steady_state_consensus.csv,steady_state_consensus,QUIC,wan,4,,2,115197327,115.197,,,,
steady_state_consensus.csv,steady_state_consensus,QUIC,wan,4,,3,117502598,117.503,,,,
steady_state_consensus.csv,steady_state_consensus,QUIC,wan,4,,4,117158778,117.159,,,,
steady_state_consensus.csv,steady_state_consensus,QUIC,wan,4,,5,112455772,112.456,,,,
steady_state_consensus.csv,steady_state_consensus,QUIC,wan,4,,6,104559515,104.560,,,,
steady_state_consensus.csv,steady_state_consensus,QUIC,wan,4,,7,119355395,119.355,,,,
steady_state_consensus.csv,steady_state_consensus,QUIC,wan,4,,8,104532413,104.532,,,,
steady_state_consensus.csv,steady_state_consensus,QUIC,wan,4,,9,105346571,105.347,,,,
steady_state_consensus.csv,steady_state_consensus,QUIC,wan,4,,10,114056997,114.057,,,,
steady_state_consensus.csv,steady_state_consensus,QUIC,wan,4,,11,108520422,108.520,,,,
steady_state_consensus.csv,steady_state_consensus,QUIC,wan,4,,12,138385698,138.386,,,,
steady_state_consensus.csv,steady_state_consensus,QUIC,wan,4,,13,114777434,114.777,,,,
steady_state_consensus.csv,steady_state_consensus,QUIC,wan,4,,14,107031969,107.032,,,,
steady_state_consensus.csv,steady_state_consensus,QUIC,wan,4,,15,104061971,104.062,,,,
steady_state_consensus.csv,steady_state_consensus,QUIC,wan,4,,16,107792389,107.792,,,,
steady_state_consensus.csv,steady_state_consensus,QUIC,wan,4,,17,100100899,100.101,,,,
steady_state_consensus.csv,steady_state_consensus,QUIC,wan,4,,18,104990996,104.991,,,,
steady_state_consensus.csv,steady_state_consensus,QUIC,wan,4,,19,114854237,114.854,,,,
steady_state_consensus.csv,steady_state_consensus,QUIC,wan,4,,20,105408563,105.409,,,,
steady_state_consensus.csv,steady_state_consensus,QUIC,wan,4,,21,104132139,104.132,,,,
steady_state_consensus.csv,steady_state_consensus,QUIC,wan,4,,22,114678818,114.679,,,,
steady_state_consensus.csv,steady_state_consensus,QUIC,wan,4,,23,103498349,103.498,,,,
steady_state_consensus.csv,steady_state_consensus,QUIC,wan,4,,24,103936565,103.937,,,,
steady_state_consensus.csv,steady_state_consensus,QUIC,wan,4,,25,104695295,104.695,,,,
steady_state_consensus.csv,steady_state_consensus,QUIC,wan,4,,26,112085638,112.086,,,,
steady_state_consensus.csv,steady_state_consensus,QUIC,wan,4,,27,100892345,100.892,,,,
steady_state_consensus.csv,steady_state_consensus,QUIC,wan,4,,28,109965511,109.966,,,,
steady_state_consensus.csv,steady_state_consensus,QUIC,wan,4,,29,100767163,100.767,,,,
steady_state_consensus.csv,steady_state_consensus,QUIC,wan,4,,30,113606490,113.606,,,,
steady_state_consensus.csv,steady_state_consensus,QUIC,wan,4,,31,105718359,105.718,,,,
steady_state_consensus.csv,steady_state_consensus,QUIC,wan,4,,32,107281322,107.281,,,,
steady_state_consensus.csv,steady_state_consensus,QUIC,wan,4,,33,110033280,110.033,,,,
steady_state_consensus.csv,steady_state_consensus,QUIC,wan,4,,34,111806250,111.806,,,,
steady_state_consensus.csv,steady_state_consensus,QUIC,wan,4,,35,100934410,100.934,,,,
steady_state_consensus.csv,steady_state_consensus,QUIC,wan,4,,36,117731537,117.732,,,,
steady_state_consensus.csv,steady_state_consensus,QUIC,wan,4,,37,102232391,102.232,,,,
steady_state_consensus.csv,steady_state_consensus,QUIC,wan,4,,38,114548708,114.549,,,,
steady_state_consensus.csv,steady_state_consensus,QUIC,wan,4,,39,112599349,112.599,,,,
steady_state_consensus.csv,steady_state_consensus,QUIC,wan,4,,40,111456334,111.456,,,,
steady_state_consensus.csv,steady_state_consensus,QUIC,wan,4,,41,109561602,109.562,,,,
steady_state_consensus.csv,steady_state_consensus,QUIC,wan,4,,42,104813722,104.814,,,,
steady_state_consensus.csv,steady_state_consensus,QUIC,wan,4,,43,110006342,110.006,,,,
steady_state_consensus.csv,steady_state_consensus,QUIC,wan,4,,44,113135018,113.135,,,,
steady_state_consensus.csv,steady_state_consensus,QUIC,wan,4,,45,105497912,105.498,,,,
steady_state_consensus.csv,steady_state_consensus,QUIC,wan,4,,46,104389917,104.390,,,,
steady_state_consensus.csv,steady_state_consensus,QUIC,wan,4,,47,115992034,115.992,,,,
steady_state_consensus.csv,steady_state_consensus,QUIC,wan,4,,48,108342416,108.342,,,,
steady_state_consensus.csv,steady_state_consensus,QUIC,wan,4,,49,109533856,109.534,,,,
steady_state_consensus.csv,steady_state_consensus,QUIC,wan,4,,50,115705121,115.705,,,,
steady_state_consensus.csv,steady_state_consensus,TCP,harsh,4,,1,193879734,193.880,,,,
steady_state_consensus.csv,steady_state_consensus,TCP,harsh,4,,2,203102697,203.103,,,,
steady_state_consensus.csv,steady_state_consensus,TCP,harsh,4,,3,210385819,210.386,,,,
steady_state_consensus.csv,steady_state_consensus,TCP,harsh,4,,4,208509010,208.509,,,,
steady_state_consensus.csv,steady_state_consensus,TCP,harsh,4,,5,307654908,307.655,,,,
steady_state_consensus.csv,steady_state_consensus,TCP,harsh,4,,6,206335398,206.335,,,,
steady_state_consensus.csv,steady_state_consensus,TCP,harsh,4,,7,273481433,273.481,,,,
steady_state_consensus.csv,steady_state_consensus,TCP,harsh,4,,8,275677367,275.677,,,,
steady_state_consensus.csv,steady_state_consensus,TCP,harsh,4,,9,348446789,348.447,,,,
steady_state_consensus.csv,steady_state_consensus,TCP,harsh,4,,10,243076786,243.077,,,,
steady_state_consensus.csv,steady_state_consensus,TCP,harsh,4,,11,341577960,341.578,,,,
steady_state_consensus.csv,steady_state_consensus,TCP,harsh,4,,12,236428801,236.429,,,,
steady_state_consensus.csv,steady_state_consensus,TCP,harsh,4,,13,393147643,393.148,,,,
steady_state_consensus.csv,steady_state_consensus,TCP,harsh,4,,14,211338057,211.338,,,,
steady_state_consensus.csv,steady_state_consensus,TCP,harsh,4,,15,268990674,268.991,,,,
steady_state_consensus.csv,steady_state_consensus,TCP,harsh,4,,16,329926121,329.926,,,,
steady_state_consensus.csv,steady_state_consensus,TCP,harsh,4,,17,198529829,198.530,,,,
steady_state_consensus.csv,steady_state_consensus,TCP,harsh,4,,18,305332463,305.332,,,,
steady_state_consensus.csv,steady_state_consensus,TCP,harsh,4,,19,308678748,308.679,,,,
steady_state_consensus.csv,steady_state_consensus,TCP,harsh,4,,20,239714690,239.715,,,,
steady_state_consensus.csv,steady_state_consensus,TCP,harsh,4,,21,266235868,266.236,,,,
steady_state_consensus.csv,steady_state_consensus,TCP,harsh,4,,22,240817660,240.818,,,,
steady_state_consensus.csv,steady_state_consensus,TCP,harsh,4,,23,242469770,242.470,,,,
steady_state_consensus.csv,steady_state_consensus,TCP,harsh,4,,24,232574617,232.575,,,,
steady_state_consensus.csv,steady_state_consensus,TCP,harsh,4,,25,328568158,328.568,,,,
steady_state_consensus.csv,steady_state_consensus,TCP,harsh,4,,26,756904260,756.904,,,,
steady_state_consensus.csv,steady_state_consensus,TCP,harsh,4,,27,729561450,729.561,,,,
steady_state_consensus.csv,steady_state_consensus,TCP,harsh,4,,28,374754812,374.755,,,,
steady_state_consensus.csv,steady_state_consensus,TCP,harsh,4,,29,339642929,339.643,,,,
steady_state_consensus.csv,steady_state_consensus,TCP,harsh,4,,30,274552732,274.553,,,,
steady_state_consensus.csv,steady_state_consensus,TCP,harsh,4,,31,336937786,336.938,,,,
steady_state_consensus.csv,steady_state_consensus,TCP,harsh,4,,32,316037116,316.037,,,,
steady_state_consensus.csv,steady_state_consensus,TCP,harsh,4,,33,282518399,282.518,,,,
steady_state_consensus.csv,steady_state_consensus,TCP,harsh,4,,34,376614559,376.615,,,,
steady_state_consensus.csv,steady_state_consensus,TCP,harsh,4,,35,262655579,262.656,,,,
steady_state_consensus.csv,steady_state_consensus,TCP,harsh,4,,36,276351912,276.352,,,,
steady_state_consensus.csv,steady_state_consensus,TCP,harsh,4,,37,311704303,311.704,,,,
steady_state_consensus.csv,steady_state_consensus,TCP,harsh,4,,38,206872918,206.873,,,,
steady_state_consensus.csv,steady_state_consensus,TCP,harsh,4,,39,338425938,338.426,,,,
steady_state_consensus.csv,steady_state_consensus,TCP,harsh,4,,40,240218144,240.218,,,,
steady_state_consensus.csv,steady_state_consensus,TCP,harsh,4,,41,217933622,217.934,,,,
steady_state_consensus.csv,steady_state_consensus,TCP,harsh,4,,42,338357742,338.358,,,,
steady_state_consensus.csv,steady_state_consensus,TCP,harsh,4,,43,211083126,211.083,,,,
steady_state_consensus.csv,steady_state_consensus,TCP,harsh,4,,44,446330274,446.330,,,,
steady_state_consensus.csv,steady_state_consensus,TCP,harsh,4,,45,231067372,231.067,,,,
steady_state_consensus.csv,steady_state_consensus,TCP,harsh,4,,46,268058752,268.059,,,,
steady_state_consensus.csv,steady_state_consensus,TCP,harsh,4,,47,223147640,223.148,,,,
steady_state_consensus.csv,steady_state_consensus,TCP,harsh,4,,48,199842995,199.843,,,,
steady_state_consensus.csv,steady_state_consensus,TCP,harsh,4,,49,277841362,277.841,,,,
steady_state_consensus.csv,steady_state_consensus,TCP,harsh,4,,50,298099255,298.099,,,,
steady_state_consensus.csv,steady_state_consensus,QUIC,harsh,4,,1,201088225,201.088,,,,
steady_state_consensus.csv,steady_state_consensus,QUIC,harsh,4,,2,205754608,205.755,,,,
steady_state_consensus.csv,steady_state_consensus,QUIC,harsh,4,,3,214344494,214.344,,,,
steady_state_consensus.csv,steady_state_consensus,QUIC,harsh,4,,4,304148718,304.149,,,,
steady_state_consensus.csv,steady_state_consensus,QUIC,harsh,4,,5,207502685,207.503,,,,
steady_state_consensus.csv,steady_state_consensus,QUIC,harsh,4,,6,312505063,312.505,,,,
steady_state_consensus.csv,steady_state_consensus,QUIC,harsh,4,,7,201288005,201.288,,,,
steady_state_consensus.csv,steady_state_consensus,QUIC,harsh,4,,8,207846977,207.847,,,,
steady_state_consensus.csv,steady_state_consensus,QUIC,harsh,4,,9,304691567,304.692,,,,
steady_state_consensus.csv,steady_state_consensus,QUIC,harsh,4,,10,330026508,330.027,,,,
steady_state_consensus.csv,steady_state_consensus,QUIC,harsh,4,,11,155024500,155.024,,,,
steady_state_consensus.csv,steady_state_consensus,QUIC,harsh,4,,12,160910346,160.910,,,,
steady_state_consensus.csv,steady_state_consensus,QUIC,harsh,4,,13,189748874,189.749,,,,
steady_state_consensus.csv,steady_state_consensus,QUIC,harsh,4,,14,318214524,318.215,,,,
steady_state_consensus.csv,steady_state_consensus,QUIC,harsh,4,,15,173933957,173.934,,,,
steady_state_consensus.csv,steady_state_consensus,QUIC,harsh,4,,16,203780290,203.780,,,,
steady_state_consensus.csv,steady_state_consensus,QUIC,harsh,4,,17,185161604,185.162,,,,
steady_state_consensus.csv,steady_state_consensus,QUIC,harsh,4,,18,197570698,197.571,,,,
steady_state_consensus.csv,steady_state_consensus,QUIC,harsh,4,,19,200177558,200.178,,,,
steady_state_consensus.csv,steady_state_consensus,QUIC,harsh,4,,20,210183521,210.184,,,,
steady_state_consensus.csv,steady_state_consensus,QUIC,harsh,4,,21,176264321,176.264,,,,
steady_state_consensus.csv,steady_state_consensus,QUIC,harsh,4,,22,183072481,183.072,,,,
steady_state_consensus.csv,steady_state_consensus,QUIC,harsh,4,,23,213742881,213.743,,,,
steady_state_consensus.csv,steady_state_consensus,QUIC,harsh,4,,24,218493813,218.494,,,,
steady_state_consensus.csv,steady_state_consensus,QUIC,harsh,4,,25,204577018,204.577,,,,
steady_state_consensus.csv,steady_state_consensus,QUIC,harsh,4,,26,186229600,186.230,,,,
steady_state_consensus.csv,steady_state_consensus,QUIC,harsh,4,,27,284114675,284.115,,,,
steady_state_consensus.csv,steady_state_consensus,QUIC,harsh,4,,28,195080140,195.080,,,,
steady_state_consensus.csv,steady_state_consensus,QUIC,harsh,4,,29,200600647,200.601,,,,
steady_state_consensus.csv,steady_state_consensus,QUIC,harsh,4,,30,196011867,196.012,,,,
steady_state_consensus.csv,steady_state_consensus,QUIC,harsh,4,,31,205529775,205.530,,,,
steady_state_consensus.csv,steady_state_consensus,QUIC,harsh,4,,32,342792266,342.792,,,,
steady_state_consensus.csv,steady_state_consensus,QUIC,harsh,4,,33,196198931,196.199,,,,
steady_state_consensus.csv,steady_state_consensus,QUIC,harsh,4,,34,195368910,195.369,,,,
steady_state_consensus.csv,steady_state_consensus,QUIC,harsh,4,,35,196865435,196.865,,,,
steady_state_consensus.csv,steady_state_consensus,QUIC,harsh,4,,36,189966781,189.967,,,,
steady_state_consensus.csv,steady_state_consensus,QUIC,harsh,4,,37,172426257,172.426,,,,
steady_state_consensus.csv,steady_state_consensus,QUIC,harsh,4,,38,190521965,190.522,,,,
steady_state_consensus.csv,steady_state_consensus,QUIC,harsh,4,,39,377519489,377.519,,,,
steady_state_consensus.csv,steady_state_consensus,QUIC,harsh,4,,40,355801090,355.801,,,,
steady_state_consensus.csv,steady_state_consensus,QUIC,harsh,4,,41,349427610,349.428,,,,
steady_state_consensus.csv,steady_state_consensus,QUIC,harsh,4,,42,287110526,287.111,,,,
steady_state_consensus.csv,steady_state_consensus,QUIC,harsh,4,,43,207314977,207.315,,,,
steady_state_consensus.csv,steady_state_consensus,QUIC,harsh,4,,44,192500982,192.501,,,,
steady_state_consensus.csv,steady_state_consensus,QUIC,harsh,4,,45,178165969,178.166,,,,
steady_state_consensus.csv,steady_state_consensus,QUIC,harsh,4,,46,175119904,175.120,,,,
steady_state_consensus.csv,steady_state_consensus,QUIC,harsh,4,,47,185516840,185.517,,,,
steady_state_consensus.csv,steady_state_consensus,QUIC,harsh,4,,48,278494835,278.495,,,,
steady_state_consensus.csv,steady_state_consensus,QUIC,harsh,4,,49,198847539,198.848,,,,
steady_state_consensus.csv,steady_state_consensus,QUIC,harsh,4,,50,209364305,209.364,,,,
steady_state_consensus_7n.csv,steady_state_consensus_7n,TCP,localhost,7,,1,8094329,8.094,,,,
steady_state_consensus_7n.csv,steady_state_consensus_7n,TCP,localhost,7,,2,3796077,3.796,,,,
steady_state_consensus_7n.csv,steady_state_consensus_7n,TCP,localhost,7,,3,3150877,3.151,,,,
steady_state_consensus_7n.csv,steady_state_consensus_7n,TCP,localhost,7,,4,4068466,4.068,,,,
steady_state_consensus_7n.csv,steady_state_consensus_7n,TCP,localhost,7,,5,1611672,1.612,,,,
steady_state_consensus_7n.csv,steady_state_consensus_7n,TCP,localhost,7,,6,2008835,2.009,,,,
steady_state_consensus_7n.csv,steady_state_consensus_7n,TCP,localhost,7,,7,1398125,1.398,,,,
steady_state_consensus_7n.csv,steady_state_consensus_7n,TCP,localhost,7,,8,1570311,1.570,,,,
steady_state_consensus_7n.csv,steady_state_consensus_7n,TCP,localhost,7,,9,1464598,1.465,,,,
steady_state_consensus_7n.csv,steady_state_consensus_7n,TCP,localhost,7,,10,1538109,1.538,,,,
steady_state_consensus_7n.csv,steady_state_consensus_7n,TCP,localhost,7,,11,1744619,1.745,,,,
steady_state_consensus_7n.csv,steady_state_consensus_7n,TCP,localhost,7,,12,3833964,3.834,,,,
steady_state_consensus_7n.csv,steady_state_consensus_7n,TCP,localhost,7,,13,1512913,1.513,,,,
steady_state_consensus_7n.csv,steady_state_consensus_7n,TCP,localhost,7,,14,1561162,1.561,,,,
steady_state_consensus_7n.csv,steady_state_consensus_7n,TCP,localhost,7,,15,1352594,1.353,,,,
steady_state_consensus_7n.csv,steady_state_consensus_7n,TCP,localhost,7,,16,1349250,1.349,,,,
steady_state_consensus_7n.csv,steady_state_consensus_7n,TCP,localhost,7,,17,1451243,1.451,,,,
steady_state_consensus_7n.csv,steady_state_consensus_7n,TCP,localhost,7,,18,1624872,1.625,,,,
steady_state_consensus_7n.csv,steady_state_consensus_7n,TCP,localhost,7,,19,1449111,1.449,,,,
steady_state_consensus_7n.csv,steady_state_consensus_7n,TCP,localhost,7,,20,1752410,1.752,,,,
steady_state_consensus_7n.csv,steady_state_consensus_7n,TCP,localhost,7,,21,1479902,1.480,,,,
steady_state_consensus_7n.csv,steady_state_consensus_7n,TCP,localhost,7,,22,3730770,3.731,,,,
steady_state_consensus_7n.csv,steady_state_consensus_7n,TCP,localhost,7,,23,1872512,1.873,,,,
steady_state_consensus_7n.csv,steady_state_consensus_7n,TCP,localhost,7,,24,1873685,1.874,,,,
steady_state_consensus_7n.csv,steady_state_consensus_7n,TCP,localhost,7,,25,1616899,1.617,,,,
steady_state_consensus_7n.csv,steady_state_consensus_7n,TCP,localhost,7,,26,1490595,1.491,,,,
steady_state_consensus_7n.csv,steady_state_consensus_7n,TCP,localhost,7,,27,1533738,1.534,,,,
steady_state_consensus_7n.csv,steady_state_consensus_7n,TCP,localhost,7,,28,1884087,1.884,,,,
steady_state_consensus_7n.csv,steady_state_consensus_7n,TCP,localhost,7,,29,1818350,1.818,,,,
steady_state_consensus_7n.csv,steady_state_consensus_7n,TCP,localhost,7,,30,1740709,1.741,,,,
steady_state_consensus_7n.csv,steady_state_consensus_7n,QUIC,localhost,7,,1,13657442,13.657,,,,
steady_state_consensus_7n.csv,steady_state_consensus_7n,QUIC,localhost,7,,2,2212445,2.212,,,,
steady_state_consensus_7n.csv,steady_state_consensus_7n,QUIC,localhost,7,,3,1797716,1.798,,,,
steady_state_consensus_7n.csv,steady_state_consensus_7n,QUIC,localhost,7,,4,3564927,3.565,,,,
steady_state_consensus_7n.csv,steady_state_consensus_7n,QUIC,localhost,7,,5,4432317,4.432,,,,
steady_state_consensus_7n.csv,steady_state_consensus_7n,QUIC,localhost,7,,6,4253905,4.254,,,,
steady_state_consensus_7n.csv,steady_state_consensus_7n,QUIC,localhost,7,,7,2312657,2.313,,,,
steady_state_consensus_7n.csv,steady_state_consensus_7n,QUIC,localhost,7,,8,3359219,3.359,,,,
steady_state_consensus_7n.csv,steady_state_consensus_7n,QUIC,localhost,7,,9,2423066,2.423,,,,
steady_state_consensus_7n.csv,steady_state_consensus_7n,QUIC,localhost,7,,10,1774922,1.775,,,,
steady_state_consensus_7n.csv,steady_state_consensus_7n,QUIC,localhost,7,,11,2272963,2.273,,,,
steady_state_consensus_7n.csv,steady_state_consensus_7n,QUIC,localhost,7,,12,2139010,2.139,,,,
steady_state_consensus_7n.csv,steady_state_consensus_7n,QUIC,localhost,7,,13,1761122,1.761,,,,
steady_state_consensus_7n.csv,steady_state_consensus_7n,QUIC,localhost,7,,14,2233625,2.234,,,,
steady_state_consensus_7n.csv,steady_state_consensus_7n,QUIC,localhost,7,,15,2132548,2.133,,,,
steady_state_consensus_7n.csv,steady_state_consensus_7n,QUIC,localhost,7,,16,1895451,1.895,,,,
steady_state_consensus_7n.csv,steady_state_consensus_7n,QUIC,localhost,7,,17,1666064,1.666,,,,
steady_state_consensus_7n.csv,steady_state_consensus_7n,QUIC,localhost,7,,18,2264497,2.264,,,,
steady_state_consensus_7n.csv,steady_state_consensus_7n,QUIC,localhost,7,,19,2138706,2.139,,,,
steady_state_consensus_7n.csv,steady_state_consensus_7n,QUIC,localhost,7,,20,2859793,2.860,,,,
steady_state_consensus_7n.csv,steady_state_consensus_7n,QUIC,localhost,7,,21,2265303,2.265,,,,
steady_state_consensus_7n.csv,steady_state_consensus_7n,QUIC,localhost,7,,22,2886753,2.887,,,,
steady_state_consensus_7n.csv,steady_state_consensus_7n,QUIC,localhost,7,,23,2134509,2.135,,,,
steady_state_consensus_7n.csv,steady_state_consensus_7n,QUIC,localhost,7,,24,3105227,3.105,,,,
steady_state_consensus_7n.csv,steady_state_consensus_7n,QUIC,localhost,7,,25,2805439,2.805,,,,
steady_state_consensus_7n.csv,steady_state_consensus_7n,QUIC,localhost,7,,26,2886094,2.886,,,,
steady_state_consensus_7n.csv,steady_state_consensus_7n,QUIC,localhost,7,,27,2363008,2.363,,,,
steady_state_consensus_7n.csv,steady_state_consensus_7n,QUIC,localhost,7,,28,3451187,3.451,,,,
steady_state_consensus_7n.csv,steady_state_consensus_7n,QUIC,localhost,7,,29,2768765,2.769,,,,
steady_state_consensus_7n.csv,steady_state_consensus_7n,QUIC,localhost,7,,30,2833924,2.834,,,,
steady_state_consensus_7n.csv,steady_state_consensus_7n,TCP,10ms,7,,1,33079678,33.080,,,,
steady_state_consensus_7n.csv,steady_state_consensus_7n,TCP,10ms,7,,2,31694468,31.694,,,,
steady_state_consensus_7n.csv,steady_state_consensus_7n,TCP,10ms,7,,3,32249295,32.249,,,,
steady_state_consensus_7n.csv,steady_state_consensus_7n,TCP,10ms,7,,4,32686794,32.687,,,,
steady_state_consensus_7n.csv,steady_state_consensus_7n,TCP,10ms,7,,5,31750663,31.751,,,,
steady_state_consensus_7n.csv,steady_state_consensus_7n,TCP,10ms,7,,6,32754435,32.754,,,,
steady_state_consensus_7n.csv,steady_state_consensus_7n,TCP,10ms,7,,7,32339468,32.339,,,,
steady_state_consensus_7n.csv,steady_state_consensus_7n,TCP,10ms,7,,8,31930470,31.930,,,,
steady_state_consensus_7n.csv,steady_state_consensus_7n,TCP,10ms,7,,9,31998163,31.998,,,,
steady_state_consensus_7n.csv,steady_state_consensus_7n,TCP,10ms,7,,10,32038897,32.039,,,,
steady_state_consensus_7n.csv,steady_state_consensus_7n,TCP,10ms,7,,11,32507774,32.508,,,,
steady_state_consensus_7n.csv,steady_state_consensus_7n,TCP,10ms,7,,12,32158207,32.158,,,,
steady_state_consensus_7n.csv,steady_state_consensus_7n,TCP,10ms,7,,13,32015160,32.015,,,,
steady_state_consensus_7n.csv,steady_state_consensus_7n,TCP,10ms,7,,14,32133689,32.134,,,,
steady_state_consensus_7n.csv,steady_state_consensus_7n,TCP,10ms,7,,15,32168750,32.169,,,,
steady_state_consensus_7n.csv,steady_state_consensus_7n,TCP,10ms,7,,16,32997885,32.998,,,,
steady_state_consensus_7n.csv,steady_state_consensus_7n,TCP,10ms,7,,17,32146121,32.146,,,,
steady_state_consensus_7n.csv,steady_state_consensus_7n,TCP,10ms,7,,18,32345116,32.345,,,,
steady_state_consensus_7n.csv,steady_state_consensus_7n,TCP,10ms,7,,19,32666471,32.666,,,,
steady_state_consensus_7n.csv,steady_state_consensus_7n,TCP,10ms,7,,20,32633647,32.634,,,,
steady_state_consensus_7n.csv,steady_state_consensus_7n,TCP,10ms,7,,21,32304389,32.304,,,,
steady_state_consensus_7n.csv,steady_state_consensus_7n,TCP,10ms,7,,22,32731340,32.731,,,,
steady_state_consensus_7n.csv,steady_state_consensus_7n,TCP,10ms,7,,23,31624994,31.625,,,,
steady_state_consensus_7n.csv,steady_state_consensus_7n,TCP,10ms,7,,24,31576276,31.576,,,,
steady_state_consensus_7n.csv,steady_state_consensus_7n,TCP,10ms,7,,25,32870533,32.871,,,,
steady_state_consensus_7n.csv,steady_state_consensus_7n,TCP,10ms,7,,26,32253113,32.253,,,,
steady_state_consensus_7n.csv,steady_state_consensus_7n,TCP,10ms,7,,27,32185258,32.185,,,,
steady_state_consensus_7n.csv,steady_state_consensus_7n,TCP,10ms,7,,28,31723714,31.724,,,,
steady_state_consensus_7n.csv,steady_state_consensus_7n,TCP,10ms,7,,29,31725761,31.726,,,,
steady_state_consensus_7n.csv,steady_state_consensus_7n,TCP,10ms,7,,30,32044638,32.045,,,,
steady_state_consensus_7n.csv,steady_state_consensus_7n,QUIC,10ms,7,,1,33180499,33.180,,,,
steady_state_consensus_7n.csv,steady_state_consensus_7n,QUIC,10ms,7,,2,31913243,31.913,,,,
steady_state_consensus_7n.csv,steady_state_consensus_7n,QUIC,10ms,7,,3,31935749,31.936,,,,
steady_state_consensus_7n.csv,steady_state_consensus_7n,QUIC,10ms,7,,4,31774267,31.774,,,,
steady_state_consensus_7n.csv,steady_state_consensus_7n,QUIC,10ms,7,,5,32380168,32.380,,,,
steady_state_consensus_7n.csv,steady_state_consensus_7n,QUIC,10ms,7,,6,32336030,32.336,,,,
steady_state_consensus_7n.csv,steady_state_consensus_7n,QUIC,10ms,7,,7,31943228,31.943,,,,
steady_state_consensus_7n.csv,steady_state_consensus_7n,QUIC,10ms,7,,8,31945310,31.945,,,,
steady_state_consensus_7n.csv,steady_state_consensus_7n,QUIC,10ms,7,,9,31793669,31.794,,,,
steady_state_consensus_7n.csv,steady_state_consensus_7n,QUIC,10ms,7,,10,34915268,34.915,,,,
steady_state_consensus_7n.csv,steady_state_consensus_7n,QUIC,10ms,7,,11,33218751,33.219,,,,
steady_state_consensus_7n.csv,steady_state_consensus_7n,QUIC,10ms,7,,12,32209630,32.210,,,,
steady_state_consensus_7n.csv,steady_state_consensus_7n,QUIC,10ms,7,,13,31873516,31.874,,,,
steady_state_consensus_7n.csv,steady_state_consensus_7n,QUIC,10ms,7,,14,32150928,32.151,,,,
steady_state_consensus_7n.csv,steady_state_consensus_7n,QUIC,10ms,7,,15,32463185,32.463,,,,
steady_state_consensus_7n.csv,steady_state_consensus_7n,QUIC,10ms,7,,16,32023160,32.023,,,,
steady_state_consensus_7n.csv,steady_state_consensus_7n,QUIC,10ms,7,,17,32080871,32.081,,,,
steady_state_consensus_7n.csv,steady_state_consensus_7n,QUIC,10ms,7,,18,32542667,32.543,,,,
steady_state_consensus_7n.csv,steady_state_consensus_7n,QUIC,10ms,7,,19,32778006,32.778,,,,
steady_state_consensus_7n.csv,steady_state_consensus_7n,QUIC,10ms,7,,20,32040102,32.040,,,,
steady_state_consensus_7n.csv,steady_state_consensus_7n,QUIC,10ms,7,,21,31998914,31.999,,,,
steady_state_consensus_7n.csv,steady_state_consensus_7n,QUIC,10ms,7,,22,31779250,31.779,,,,
steady_state_consensus_7n.csv,steady_state_consensus_7n,QUIC,10ms,7,,23,31695572,31.696,,,,
steady_state_consensus_7n.csv,steady_state_consensus_7n,QUIC,10ms,7,,24,32229359,32.229,,,,
steady_state_consensus_7n.csv,steady_state_consensus_7n,QUIC,10ms,7,,25,31930629,31.931,,,,
steady_state_consensus_7n.csv,steady_state_consensus_7n,QUIC,10ms,7,,26,32016415,32.016,,,,
steady_state_consensus_7n.csv,steady_state_consensus_7n,QUIC,10ms,7,,27,32245811,32.246,,,,
steady_state_consensus_7n.csv,steady_state_consensus_7n,QUIC,10ms,7,,28,31962903,31.963,,,,
steady_state_consensus_7n.csv,steady_state_consensus_7n,QUIC,10ms,7,,29,32640027,32.640,,,,
steady_state_consensus_7n.csv,steady_state_consensus_7n,QUIC,10ms,7,,30,32410241,32.410,,,,
steady_state_consensus_7n.csv,steady_state_consensus_7n,TCP,1pct_loss,7,,1,32909316,32.909,,,,
steady_state_consensus_7n.csv,steady_state_consensus_7n,TCP,1pct_loss,7,,2,31870818,31.871,,,,
steady_state_consensus_7n.csv,steady_state_consensus_7n,TCP,1pct_loss,7,,3,32182455,32.182,,,,
steady_state_consensus_7n.csv,steady_state_consensus_7n,TCP,1pct_loss,7,,4,32836145,32.836,,,,
steady_state_consensus_7n.csv,steady_state_consensus_7n,TCP,1pct_loss,7,,5,39090684,39.091,,,,
steady_state_consensus_7n.csv,steady_state_consensus_7n,TCP,1pct_loss,7,,6,32054218,32.054,,,,
steady_state_consensus_7n.csv,steady_state_consensus_7n,TCP,1pct_loss,7,,7,32753935,32.754,,,,
steady_state_consensus_7n.csv,steady_state_consensus_7n,TCP,1pct_loss,7,,8,32498209,32.498,,,,
steady_state_consensus_7n.csv,steady_state_consensus_7n,TCP,1pct_loss,7,,9,31861137,31.861,,,,
steady_state_consensus_7n.csv,steady_state_consensus_7n,TCP,1pct_loss,7,,10,32230515,32.231,,,,
steady_state_consensus_7n.csv,steady_state_consensus_7n,TCP,1pct_loss,7,,11,31720513,31.721,,,,
steady_state_consensus_7n.csv,steady_state_consensus_7n,TCP,1pct_loss,7,,12,32493678,32.494,,,,
steady_state_consensus_7n.csv,steady_state_consensus_7n,TCP,1pct_loss,7,,13,35251911,35.252,,,,
steady_state_consensus_7n.csv,steady_state_consensus_7n,TCP,1pct_loss,7,,14,32230997,32.231,,,,
steady_state_consensus_7n.csv,steady_state_consensus_7n,TCP,1pct_loss,7,,15,31961059,31.961,,,,
steady_state_consensus_7n.csv,steady_state_consensus_7n,TCP,1pct_loss,7,,16,31630679,31.631,,,,
steady_state_consensus_7n.csv,steady_state_consensus_7n,TCP,1pct_loss,7,,17,32129605,32.130,,,,
steady_state_consensus_7n.csv,steady_state_consensus_7n,TCP,1pct_loss,7,,18,32248573,32.249,,,,
steady_state_consensus_7n.csv,steady_state_consensus_7n,TCP,1pct_loss,7,,19,32137112,32.137,,,,
steady_state_consensus_7n.csv,steady_state_consensus_7n,TCP,1pct_loss,7,,20,32520286,32.520,,,,
steady_state_consensus_7n.csv,steady_state_consensus_7n,TCP,1pct_loss,7,,21,31919023,31.919,,,,
steady_state_consensus_7n.csv,steady_state_consensus_7n,TCP,1pct_loss,7,,22,40668221,40.668,,,,
steady_state_consensus_7n.csv,steady_state_consensus_7n,TCP,1pct_loss,7,,23,40399367,40.399,,,,
steady_state_consensus_7n.csv,steady_state_consensus_7n,TCP,1pct_loss,7,,24,34264090,34.264,,,,
steady_state_consensus_7n.csv,steady_state_consensus_7n,TCP,1pct_loss,7,,25,33495350,33.495,,,,
steady_state_consensus_7n.csv,steady_state_consensus_7n,TCP,1pct_loss,7,,26,56750417,56.750,,,,
steady_state_consensus_7n.csv,steady_state_consensus_7n,TCP,1pct_loss,7,,27,32515321,32.515,,,,
steady_state_consensus_7n.csv,steady_state_consensus_7n,TCP,1pct_loss,7,,28,31651294,31.651,,,,
steady_state_consensus_7n.csv,steady_state_consensus_7n,TCP,1pct_loss,7,,29,31648788,31.649,,,,
steady_state_consensus_7n.csv,steady_state_consensus_7n,TCP,1pct_loss,7,,30,40101827,40.102,,,,
steady_state_consensus_7n.csv,steady_state_consensus_7n,QUIC,1pct_loss,7,,1,33121327,33.121,,,,
steady_state_consensus_7n.csv,steady_state_consensus_7n,QUIC,1pct_loss,7,,2,31843219,31.843,,,,
steady_state_consensus_7n.csv,steady_state_consensus_7n,QUIC,1pct_loss,7,,3,35379376,35.379,,,,
steady_state_consensus_7n.csv,steady_state_consensus_7n,QUIC,1pct_loss,7,,4,32031406,32.031,,,,
steady_state_consensus_7n.csv,steady_state_consensus_7n,QUIC,1pct_loss,7,,5,32073500,32.074,,,,
steady_state_consensus_7n.csv,steady_state_consensus_7n,QUIC,1pct_loss,7,,6,34861621,34.862,,,,
steady_state_consensus_7n.csv,steady_state_consensus_7n,QUIC,1pct_loss,7,,7,32379385,32.379,,,,
steady_state_consensus_7n.csv,steady_state_consensus_7n,QUIC,1pct_loss,7,,8,31998036,31.998,,,,
steady_state_consensus_7n.csv,steady_state_consensus_7n,QUIC,1pct_loss,7,,9,32031429,32.031,,,,
steady_state_consensus_7n.csv,steady_state_consensus_7n,QUIC,1pct_loss,7,,10,31944293,31.944,,,,
steady_state_consensus_7n.csv,steady_state_consensus_7n,QUIC,1pct_loss,7,,11,31802287,31.802,,,,
steady_state_consensus_7n.csv,steady_state_consensus_7n,QUIC,1pct_loss,7,,12,31879802,31.880,,,,
steady_state_consensus_7n.csv,steady_state_consensus_7n,QUIC,1pct_loss,7,,13,31891659,31.892,,,,
steady_state_consensus_7n.csv,steady_state_consensus_7n,QUIC,1pct_loss,7,,14,31884714,31.885,,,,
steady_state_consensus_7n.csv,steady_state_consensus_7n,QUIC,1pct_loss,7,,15,31639757,31.640,,,,
steady_state_consensus_7n.csv,steady_state_consensus_7n,QUIC,1pct_loss,7,,16,31927943,31.928,,,,
steady_state_consensus_7n.csv,steady_state_consensus_7n,QUIC,1pct_loss,7,,17,31978155,31.978,,,,
steady_state_consensus_7n.csv,steady_state_consensus_7n,QUIC,1pct_loss,7,,18,31664972,31.665,,,,
steady_state_consensus_7n.csv,steady_state_consensus_7n,QUIC,1pct_loss,7,,19,31925940,31.926,,,,
steady_state_consensus_7n.csv,steady_state_consensus_7n,QUIC,1pct_loss,7,,20,31990820,31.991,,,,
steady_state_consensus_7n.csv,steady_state_consensus_7n,QUIC,1pct_loss,7,,21,31888658,31.889,,,,
steady_state_consensus_7n.csv,steady_state_consensus_7n,QUIC,1pct_loss,7,,22,31886295,31.886,,,,
steady_state_consensus_7n.csv,steady_state_consensus_7n,QUIC,1pct_loss,7,,23,31591316,31.591,,,,
steady_state_consensus_7n.csv,steady_state_consensus_7n,QUIC,1pct_loss,7,,24,31697312,31.697,,,,
steady_state_consensus_7n.csv,steady_state_consensus_7n,QUIC,1pct_loss,7,,25,31611678,31.612,,,,
steady_state_consensus_7n.csv,steady_state_consensus_7n,QUIC,1pct_loss,7,,26,31684055,31.684,,,,
steady_state_consensus_7n.csv,steady_state_consensus_7n,QUIC,1pct_loss,7,,27,35764526,35.765,,,,
steady_state_consensus_7n.csv,steady_state_consensus_7n,QUIC,1pct_loss,7,,28,32144354,32.144,,,,
steady_state_consensus_7n.csv,steady_state_consensus_7n,QUIC,1pct_loss,7,,29,31735321,31.735,,,,
steady_state_consensus_7n.csv,steady_state_consensus_7n,QUIC,1pct_loss,7,,30,31808134,31.808,,,,
steady_state_consensus_7n.csv,steady_state_consensus_7n,TCP,5pct_loss,7,,1,34653391,34.653,,,,
steady_state_consensus_7n.csv,steady_state_consensus_7n,TCP,5pct_loss,7,,2,51715541,51.716,,,,
steady_state_consensus_7n.csv,steady_state_consensus_7n,TCP,5pct_loss,7,,3,61395053,61.395,,,,
steady_state_consensus_7n.csv,steady_state_consensus_7n,TCP,5pct_loss,7,,4,40261073,40.261,,,,
steady_state_consensus_7n.csv,steady_state_consensus_7n,TCP,5pct_loss,7,,5,41113537,41.114,,,,
steady_state_consensus_7n.csv,steady_state_consensus_7n,TCP,5pct_loss,7,,6,296640010,296.640,,,,
steady_state_consensus_7n.csv,steady_state_consensus_7n,TCP,5pct_loss,7,,7,31833139,31.833,,,,
steady_state_consensus_7n.csv,steady_state_consensus_7n,TCP,5pct_loss,7,,8,50625547,50.626,,,,
steady_state_consensus_7n.csv,steady_state_consensus_7n,TCP,5pct_loss,7,,9,51636414,51.636,,,,
steady_state_consensus_7n.csv,steady_state_consensus_7n,TCP,5pct_loss,7,,10,44517877,44.518,,,,
steady_state_consensus_7n.csv,steady_state_consensus_7n,TCP,5pct_loss,7,,11,40819566,40.820,,,,
steady_state_consensus_7n.csv,steady_state_consensus_7n,TCP,5pct_loss,7,,12,62223968,62.224,,,,
steady_state_consensus_7n.csv,steady_state_consensus_7n,TCP,5pct_loss,7,,13,60878543,60.879,,,,
steady_state_consensus_7n.csv,steady_state_consensus_7n,TCP,5pct_loss,7,,14,40855734,40.856,,,,
steady_state_consensus_7n.csv,steady_state_consensus_7n,TCP,5pct_loss,7,,15,61352990,61.353,,,,
steady_state_consensus_7n.csv,steady_state_consensus_7n,TCP,5pct_loss,7,,16,41448307,41.448,,,,
steady_state_consensus_7n.csv,steady_state_consensus_7n,TCP,5pct_loss,7,,17,119315999,119.316,,,,
steady_state_consensus_7n.csv,steady_state_consensus_7n,TCP,5pct_loss,7,,18,61537020,61.537,,,,
steady_state_consensus_7n.csv,steady_state_consensus_7n,TCP,5pct_loss,7,,19,274690384,274.690,,,,
steady_state_consensus_7n.csv,steady_state_consensus_7n,TCP,5pct_loss,7,,20,41322656,41.323,,,,
steady_state_consensus_7n.csv,steady_state_consensus_7n,TCP,5pct_loss,7,,21,52032638,52.033,,,,
steady_state_consensus_7n.csv,steady_state_consensus_7n,TCP,5pct_loss,7,,22,56297599,56.298,,,,
steady_state_consensus_7n.csv,steady_state_consensus_7n,TCP,5pct_loss,7,,23,52054689,52.055,,,,
steady_state_consensus_7n.csv,steady_state_consensus_7n,TCP,5pct_loss,7,,24,60863911,60.864,,,,
steady_state_consensus_7n.csv,steady_state_consensus_7n,TCP,5pct_loss,7,,25,50495130,50.495,,,,
steady_state_consensus_7n.csv,steady_state_consensus_7n,TCP,5pct_loss,7,,26,129185892,129.186,,,,
steady_state_consensus_7n.csv,steady_state_consensus_7n,TCP,5pct_loss,7,,27,71733612,71.734,,,,
steady_state_consensus_7n.csv,steady_state_consensus_7n,TCP,5pct_loss,7,,28,60527054,60.527,,,,
steady_state_consensus_7n.csv,steady_state_consensus_7n,TCP,5pct_loss,7,,29,60944623,60.945,,,,
steady_state_consensus_7n.csv,steady_state_consensus_7n,TCP,5pct_loss,7,,30,60590794,60.591,,,,
steady_state_consensus_7n.csv,steady_state_consensus_7n,QUIC,5pct_loss,7,,1,33683053,33.683,,,,
steady_state_consensus_7n.csv,steady_state_consensus_7n,QUIC,5pct_loss,7,,2,31905595,31.906,,,,
steady_state_consensus_7n.csv,steady_state_consensus_7n,QUIC,5pct_loss,7,,3,31860630,31.861,,,,
steady_state_consensus_7n.csv,steady_state_consensus_7n,QUIC,5pct_loss,7,,4,31927053,31.927,,,,
steady_state_consensus_7n.csv,steady_state_consensus_7n,QUIC,5pct_loss,7,,5,32299884,32.300,,,,
steady_state_consensus_7n.csv,steady_state_consensus_7n,QUIC,5pct_loss,7,,6,32008459,32.008,,,,
steady_state_consensus_7n.csv,steady_state_consensus_7n,QUIC,5pct_loss,7,,7,31897944,31.898,,,,
steady_state_consensus_7n.csv,steady_state_consensus_7n,QUIC,5pct_loss,7,,8,31807878,31.808,,,,
steady_state_consensus_7n.csv,steady_state_consensus_7n,QUIC,5pct_loss,7,,9,40942175,40.942,,,,
steady_state_consensus_7n.csv,steady_state_consensus_7n,QUIC,5pct_loss,7,,10,32292535,32.293,,,,
steady_state_consensus_7n.csv,steady_state_consensus_7n,QUIC,5pct_loss,7,,11,100038816,100.039,,,,
steady_state_consensus_7n.csv,steady_state_consensus_7n,QUIC,5pct_loss,7,,12,41459320,41.459,,,,
steady_state_consensus_7n.csv,steady_state_consensus_7n,QUIC,5pct_loss,7,,13,42086904,42.087,,,,
steady_state_consensus_7n.csv,steady_state_consensus_7n,QUIC,5pct_loss,7,,14,33591566,33.592,,,,
steady_state_consensus_7n.csv,steady_state_consensus_7n,QUIC,5pct_loss,7,,15,52172432,52.172,,,,
steady_state_consensus_7n.csv,steady_state_consensus_7n,QUIC,5pct_loss,7,,16,52190258,52.190,,,,
steady_state_consensus_7n.csv,steady_state_consensus_7n,QUIC,5pct_loss,7,,17,31675719,31.676,,,,
steady_state_consensus_7n.csv,steady_state_consensus_7n,QUIC,5pct_loss,7,,18,51259840,51.260,,,,
steady_state_consensus_7n.csv,steady_state_consensus_7n,QUIC,5pct_loss,7,,19,31544391,31.544,,,,
steady_state_consensus_7n.csv,steady_state_consensus_7n,QUIC,5pct_loss,7,,20,32285479,32.285,,,,
steady_state_consensus_7n.csv,steady_state_consensus_7n,QUIC,5pct_loss,7,,21,31941919,31.942,,,,
steady_state_consensus_7n.csv,steady_state_consensus_7n,QUIC,5pct_loss,7,,22,50843130,50.843,,,,
steady_state_consensus_7n.csv,steady_state_consensus_7n,QUIC,5pct_loss,7,,23,31878299,31.878,,,,
steady_state_consensus_7n.csv,steady_state_consensus_7n,QUIC,5pct_loss,7,,24,31934274,31.934,,,,
steady_state_consensus_7n.csv,steady_state_consensus_7n,QUIC,5pct_loss,7,,25,31803195,31.803,,,,
steady_state_consensus_7n.csv,steady_state_consensus_7n,QUIC,5pct_loss,7,,26,41092910,41.093,,,,
steady_state_consensus_7n.csv,steady_state_consensus_7n,QUIC,5pct_loss,7,,27,32205786,32.206,,,,
steady_state_consensus_7n.csv,steady_state_consensus_7n,QUIC,5pct_loss,7,,28,32686403,32.686,,,,
steady_state_consensus_7n.csv,steady_state_consensus_7n,QUIC,5pct_loss,7,,29,31906268,31.906,,,,
steady_state_consensus_7n.csv,steady_state_consensus_7n,QUIC,5pct_loss,7,,30,66149398,66.149,,,,
steady_state_consensus_7n.csv,steady_state_consensus_7n,TCP,wan,7,,1,122708375,122.708,,,,
steady_state_consensus_7n.csv,steady_state_consensus_7n,TCP,wan,7,,2,128465355,128.465,,,,
steady_state_consensus_7n.csv,steady_state_consensus_7n,TCP,wan,7,,3,129811983,129.812,,,,
steady_state_consensus_7n.csv,steady_state_consensus_7n,TCP,wan,7,,4,126782482,126.782,,,,
steady_state_consensus_7n.csv,steady_state_consensus_7n,TCP,wan,7,,5,127690761,127.691,,,,
steady_state_consensus_7n.csv,steady_state_consensus_7n,TCP,wan,7,,6,153371450,153.371,,,,
steady_state_consensus_7n.csv,steady_state_consensus_7n,TCP,wan,7,,7,128610675,128.611,,,,
steady_state_consensus_7n.csv,steady_state_consensus_7n,TCP,wan,7,,8,128601557,128.602,,,,
steady_state_consensus_7n.csv,steady_state_consensus_7n,TCP,wan,7,,9,127783956,127.784,,,,
steady_state_consensus_7n.csv,steady_state_consensus_7n,TCP,wan,7,,10,136439003,136.439,,,,
steady_state_consensus_7n.csv,steady_state_consensus_7n,TCP,wan,7,,11,124101584,124.102,,,,
steady_state_consensus_7n.csv,steady_state_consensus_7n,TCP,wan,7,,12,127225667,127.226,,,,
steady_state_consensus_7n.csv,steady_state_consensus_7n,TCP,wan,7,,13,126045700,126.046,,,,
steady_state_consensus_7n.csv,steady_state_consensus_7n,TCP,wan,7,,14,128612673,128.613,,,,
steady_state_consensus_7n.csv,steady_state_consensus_7n,TCP,wan,7,,15,126577900,126.578,,,,
steady_state_consensus_7n.csv,steady_state_consensus_7n,TCP,wan,7,,16,125287159,125.287,,,,
steady_state_consensus_7n.csv,steady_state_consensus_7n,TCP,wan,7,,17,125400426,125.400,,,,
steady_state_consensus_7n.csv,steady_state_consensus_7n,TCP,wan,7,,18,127922598,127.923,,,,
steady_state_consensus_7n.csv,steady_state_consensus_7n,TCP,wan,7,,19,126572080,126.572,,,,
steady_state_consensus_7n.csv,steady_state_consensus_7n,TCP,wan,7,,20,127383963,127.384,,,,
steady_state_consensus_7n.csv,steady_state_consensus_7n,TCP,wan,7,,21,127717809,127.718,,,,
steady_state_consensus_7n.csv,steady_state_consensus_7n,TCP,wan,7,,22,127009108,127.009,,,,
steady_state_consensus_7n.csv,steady_state_consensus_7n,TCP,wan,7,,23,125526509,125.527,,,,
steady_state_consensus_7n.csv,steady_state_consensus_7n,TCP,wan,7,,24,128849450,128.849,,,,
steady_state_consensus_7n.csv,steady_state_consensus_7n,TCP,wan,7,,25,128415342,128.415,,,,
steady_state_consensus_7n.csv,steady_state_consensus_7n,TCP,wan,7,,26,127146394,127.146,,,,
steady_state_consensus_7n.csv,steady_state_consensus_7n,TCP,wan,7,,27,127839829,127.840,,,,
steady_state_consensus_7n.csv,steady_state_consensus_7n,TCP,wan,7,,28,124587699,124.588,,,,
steady_state_consensus_7n.csv,steady_state_consensus_7n,TCP,wan,7,,29,127961465,127.961,,,,
steady_state_consensus_7n.csv,steady_state_consensus_7n,TCP,wan,7,,30,129787357,129.787,,,,
steady_state_consensus_7n.csv,steady_state_consensus_7n,QUIC,wan,7,,1,146665568,146.666,,,,
steady_state_consensus_7n.csv,steady_state_consensus_7n,QUIC,wan,7,,2,126716008,126.716,,,,
steady_state_consensus_7n.csv,steady_state_consensus_7n,QUIC,wan,7,,3,130047144,130.047,,,,
steady_state_consensus_7n.csv,steady_state_consensus_7n,QUIC,wan,7,,4,129875747,129.876,,,,
steady_state_consensus_7n.csv,steady_state_consensus_7n,QUIC,wan,7,,5,126695079,126.695,,,,
steady_state_consensus_7n.csv,steady_state_consensus_7n,QUIC,wan,7,,6,128139661,128.140,,,,
steady_state_consensus_7n.csv,steady_state_consensus_7n,QUIC,wan,7,,7,126515493,126.515,,,,
steady_state_consensus_7n.csv,steady_state_consensus_7n,QUIC,wan,7,,8,121201429,121.201,,,,
steady_state_consensus_7n.csv,steady_state_consensus_7n,QUIC,wan,7,,9,120563953,120.564,,,,
steady_state_consensus_7n.csv,steady_state_consensus_7n,QUIC,wan,7,,10,121249940,121.250,,,,
steady_state_consensus_7n.csv,steady_state_consensus_7n,QUIC,wan,7,,11,114614667,114.615,,,,
steady_state_consensus_7n.csv,steady_state_consensus_7n,QUIC,wan,7,,12,119343989,119.344,,,,
steady_state_consensus_7n.csv,steady_state_consensus_7n,QUIC,wan,7,,13,123550114,123.550,,,,
steady_state_consensus_7n.csv,steady_state_consensus_7n,QUIC,wan,7,,14,121751302,121.751,,,,
steady_state_consensus_7n.csv,steady_state_consensus_7n,QUIC,wan,7,,15,116253648,116.254,,,,
steady_state_consensus_7n.csv,steady_state_consensus_7n,QUIC,wan,7,,16,119233997,119.234,,,,
steady_state_consensus_7n.csv,steady_state_consensus_7n,QUIC,wan,7,,17,116189786,116.190,,,,
steady_state_consensus_7n.csv,steady_state_consensus_7n,QUIC,wan,7,,18,117742766,117.743,,,,
steady_state_consensus_7n.csv,steady_state_consensus_7n,QUIC,wan,7,,19,119014775,119.015,,,,
steady_state_consensus_7n.csv,steady_state_consensus_7n,QUIC,wan,7,,20,120784488,120.784,,,,
steady_state_consensus_7n.csv,steady_state_consensus_7n,QUIC,wan,7,,21,122402626,122.403,,,,
steady_state_consensus_7n.csv,steady_state_consensus_7n,QUIC,wan,7,,22,122055089,122.055,,,,
steady_state_consensus_7n.csv,steady_state_consensus_7n,QUIC,wan,7,,23,122396361,122.396,,,,
steady_state_consensus_7n.csv,steady_state_consensus_7n,QUIC,wan,7,,24,123803684,123.804,,,,
steady_state_consensus_7n.csv,steady_state_consensus_7n,QUIC,wan,7,,25,122861454,122.861,,,,
steady_state_consensus_7n.csv,steady_state_consensus_7n,QUIC,wan,7,,26,148226432,148.226,,,,
steady_state_consensus_7n.csv,steady_state_consensus_7n,QUIC,wan,7,,27,121925629,121.926,,,,
steady_state_consensus_7n.csv,steady_state_consensus_7n,QUIC,wan,7,,28,108181830,108.182,,,,
steady_state_consensus_7n.csv,steady_state_consensus_7n,QUIC,wan,7,,29,123291408,123.291,,,,
steady_state_consensus_7n.csv,steady_state_consensus_7n,QUIC,wan,7,,30,122651528,122.652,,,,
steady_state_consensus_7n.csv,steady_state_consensus_7n,TCP,harsh,7,,1,348995959,348.996,,,,
steady_state_consensus_7n.csv,steady_state_consensus_7n,TCP,harsh,7,,2,287335214,287.335,,,,
steady_state_consensus_7n.csv,steady_state_consensus_7n,TCP,harsh,7,,3,287174179,287.174,,,,
steady_state_consensus_7n.csv,steady_state_consensus_7n,TCP,harsh,7,,4,276877419,276.877,,,,
steady_state_consensus_7n.csv,steady_state_consensus_7n,TCP,harsh,7,,5,355004336,355.004,,,,
steady_state_consensus_7n.csv,steady_state_consensus_7n,TCP,harsh,7,,6,356963731,356.964,,,,
steady_state_consensus_7n.csv,steady_state_consensus_7n,TCP,harsh,7,,7,465036630,465.037,,,,
steady_state_consensus_7n.csv,steady_state_consensus_7n,TCP,harsh,7,,8,352114226,352.114,,,,
steady_state_consensus_7n.csv,steady_state_consensus_7n,TCP,harsh,7,,9,398529203,398.529,,,,
steady_state_consensus_7n.csv,steady_state_consensus_7n,TCP,harsh,7,,10,354071035,354.071,,,,
steady_state_consensus_7n.csv,steady_state_consensus_7n,TCP,harsh,7,,11,356276569,356.277,,,,
steady_state_consensus_7n.csv,steady_state_consensus_7n,TCP,harsh,7,,12,343226990,343.227,,,,
steady_state_consensus_7n.csv,steady_state_consensus_7n,TCP,harsh,7,,13,397562097,397.562,,,,
steady_state_consensus_7n.csv,steady_state_consensus_7n,TCP,harsh,7,,14,283708961,283.709,,,,
steady_state_consensus_7n.csv,steady_state_consensus_7n,TCP,harsh,7,,15,289033090,289.033,,,,
steady_state_consensus_7n.csv,steady_state_consensus_7n,TCP,harsh,7,,16,424775584,424.776,,,,
steady_state_consensus_7n.csv,steady_state_consensus_7n,TCP,harsh,7,,17,255835905,255.836,,,,
steady_state_consensus_7n.csv,steady_state_consensus_7n,TCP,harsh,7,,18,296255703,296.256,,,,
steady_state_consensus_7n.csv,steady_state_consensus_7n,TCP,harsh,7,,19,279682238,279.682,,,,
steady_state_consensus_7n.csv,steady_state_consensus_7n,TCP,harsh,7,,20,355221668,355.222,,,,
steady_state_consensus_7n.csv,steady_state_consensus_7n,TCP,harsh,7,,21,389207345,389.207,,,,
steady_state_consensus_7n.csv,steady_state_consensus_7n,TCP,harsh,7,,22,671839605,671.840,,,,
steady_state_consensus_7n.csv,steady_state_consensus_7n,TCP,harsh,7,,23,354824612,354.825,,,,
steady_state_consensus_7n.csv,steady_state_consensus_7n,TCP,harsh,7,,24,277832269,277.832,,,,
steady_state_consensus_7n.csv,steady_state_consensus_7n,TCP,harsh,7,,25,327308888,327.309,,,,
steady_state_consensus_7n.csv,steady_state_consensus_7n,TCP,harsh,7,,26,356885007,356.885,,,,
steady_state_consensus_7n.csv,steady_state_consensus_7n,TCP,harsh,7,,27,281967663,281.968,,,,
steady_state_consensus_7n.csv,steady_state_consensus_7n,TCP,harsh,7,,28,410782097,410.782,,,,
steady_state_consensus_7n.csv,steady_state_consensus_7n,TCP,harsh,7,,29,342403210,342.403,,,,
steady_state_consensus_7n.csv,steady_state_consensus_7n,TCP,harsh,7,,30,436098790,436.099,,,,
steady_state_consensus_7n.csv,steady_state_consensus_7n,QUIC,harsh,7,,1,297137669,297.138,,,,
steady_state_consensus_7n.csv,steady_state_consensus_7n,QUIC,harsh,7,,2,292899936,292.900,,,,
steady_state_consensus_7n.csv,steady_state_consensus_7n,QUIC,harsh,7,,3,245989563,245.990,,,,
steady_state_consensus_7n.csv,steady_state_consensus_7n,QUIC,harsh,7,,4,239504570,239.505,,,,
steady_state_consensus_7n.csv,steady_state_consensus_7n,QUIC,harsh,7,,5,223085461,223.085,,,,
steady_state_consensus_7n.csv,steady_state_consensus_7n,QUIC,harsh,7,,6,309657959,309.658,,,,
steady_state_consensus_7n.csv,steady_state_consensus_7n,QUIC,harsh,7,,7,233991568,233.992,,,,
steady_state_consensus_7n.csv,steady_state_consensus_7n,QUIC,harsh,7,,8,221445818,221.446,,,,
steady_state_consensus_7n.csv,steady_state_consensus_7n,QUIC,harsh,7,,9,419881759,419.882,,,,
steady_state_consensus_7n.csv,steady_state_consensus_7n,QUIC,harsh,7,,10,211406405,211.406,,,,
steady_state_consensus_7n.csv,steady_state_consensus_7n,QUIC,harsh,7,,11,216574539,216.575,,,,
steady_state_consensus_7n.csv,steady_state_consensus_7n,QUIC,harsh,7,,12,309963503,309.964,,,,
steady_state_consensus_7n.csv,steady_state_consensus_7n,QUIC,harsh,7,,13,198508480,198.508,,,,
steady_state_consensus_7n.csv,steady_state_consensus_7n,QUIC,harsh,7,,14,304275451,304.275,,,,
steady_state_consensus_7n.csv,steady_state_consensus_7n,QUIC,harsh,7,,15,186624456,186.624,,,,
steady_state_consensus_7n.csv,steady_state_consensus_7n,QUIC,harsh,7,,16,272344240,272.344,,,,
steady_state_consensus_7n.csv,steady_state_consensus_7n,QUIC,harsh,7,,17,216556690,216.557,,,,
steady_state_consensus_7n.csv,steady_state_consensus_7n,QUIC,harsh,7,,18,205239381,205.239,,,,
steady_state_consensus_7n.csv,steady_state_consensus_7n,QUIC,harsh,7,,19,324927528,324.928,,,,
steady_state_consensus_7n.csv,steady_state_consensus_7n,QUIC,harsh,7,,20,213717297,213.717,,,,
steady_state_consensus_7n.csv,steady_state_consensus_7n,QUIC,harsh,7,,21,216493097,216.493,,,,
steady_state_consensus_7n.csv,steady_state_consensus_7n,QUIC,harsh,7,,22,202948078,202.948,,,,
steady_state_consensus_7n.csv,steady_state_consensus_7n,QUIC,harsh,7,,23,220025926,220.026,,,,
steady_state_consensus_7n.csv,steady_state_consensus_7n,QUIC,harsh,7,,24,216848217,216.848,,,,
steady_state_consensus_7n.csv,steady_state_consensus_7n,QUIC,harsh,7,,25,211294784,211.295,,,,
steady_state_consensus_7n.csv,steady_state_consensus_7n,QUIC,harsh,7,,26,262014794,262.015,,,,
steady_state_consensus_7n.csv,steady_state_consensus_7n,QUIC,harsh,7,,27,212702546,212.703,,,,
steady_state_consensus_7n.csv,steady_state_consensus_7n,QUIC,harsh,7,,28,216095590,216.096,,,,
steady_state_consensus_7n.csv,steady_state_consensus_7n,QUIC,harsh,7,,29,208029795,208.030,,,,
steady_state_consensus_7n.csv,steady_state_consensus_7n,QUIC,harsh,7,,30,212405231,212.405,,,,
throughput.csv,throughput,TCP,localhost,,,1,9790579,9.791,batch_size,100,batch_duration_ns,9790579
throughput.csv,throughput,TCP,localhost,,,2,18114512,18.115,batch_size,100,batch_duration_ns,18114512
throughput.csv,throughput,TCP,localhost,,,3,19111027,19.111,batch_size,100,batch_duration_ns,19111027
throughput.csv,throughput,TCP,localhost,,,4,17536391,17.536,batch_size,100,batch_duration_ns,17536391
throughput.csv,throughput,TCP,localhost,,,5,18839649,18.840,batch_size,100,batch_duration_ns,18839649
throughput.csv,throughput,TCP,localhost,,,6,15407568,15.408,batch_size,100,batch_duration_ns,15407568
throughput.csv,throughput,TCP,localhost,,,7,14491191,14.491,batch_size,100,batch_duration_ns,14491191
throughput.csv,throughput,TCP,localhost,,,8,10081370,10.081,batch_size,100,batch_duration_ns,10081370
throughput.csv,throughput,TCP,localhost,,,9,10980283,10.980,batch_size,100,batch_duration_ns,10980283
throughput.csv,throughput,TCP,localhost,,,10,10822487,10.822,batch_size,100,batch_duration_ns,10822487
throughput.csv,throughput,TCP,localhost,,,11,10711105,10.711,batch_size,100,batch_duration_ns,10711105
throughput.csv,throughput,TCP,localhost,,,12,11987612,11.988,batch_size,100,batch_duration_ns,11987612
throughput.csv,throughput,TCP,localhost,,,13,14115940,14.116,batch_size,100,batch_duration_ns,14115940
throughput.csv,throughput,TCP,localhost,,,14,9107115,9.107,batch_size,100,batch_duration_ns,9107115
throughput.csv,throughput,TCP,localhost,,,15,9075596,9.076,batch_size,100,batch_duration_ns,9075596
throughput.csv,throughput,TCP,localhost,,,16,9565241,9.565,batch_size,100,batch_duration_ns,9565241
throughput.csv,throughput,TCP,localhost,,,17,8510338,8.510,batch_size,100,batch_duration_ns,8510338
throughput.csv,throughput,TCP,localhost,,,18,10890985,10.891,batch_size,100,batch_duration_ns,10890985
throughput.csv,throughput,TCP,localhost,,,19,10930208,10.930,batch_size,100,batch_duration_ns,10930208
throughput.csv,throughput,TCP,localhost,,,20,9267876,9.268,batch_size,100,batch_duration_ns,9267876
throughput.csv,throughput,TCP,localhost,,,21,9732502,9.733,batch_size,100,batch_duration_ns,9732502
throughput.csv,throughput,TCP,localhost,,,22,12828842,12.829,batch_size,100,batch_duration_ns,12828842
throughput.csv,throughput,TCP,localhost,,,23,11258167,11.258,batch_size,100,batch_duration_ns,11258167
throughput.csv,throughput,TCP,localhost,,,24,9356178,9.356,batch_size,100,batch_duration_ns,9356178
throughput.csv,throughput,TCP,localhost,,,25,9515684,9.516,batch_size,100,batch_duration_ns,9515684
throughput.csv,throughput,TCP,localhost,,,26,9184034,9.184,batch_size,100,batch_duration_ns,9184034
throughput.csv,throughput,TCP,localhost,,,27,9734715,9.735,batch_size,100,batch_duration_ns,9734715
throughput.csv,throughput,TCP,localhost,,,28,9412547,9.413,batch_size,100,batch_duration_ns,9412547
throughput.csv,throughput,TCP,localhost,,,29,9530911,9.531,batch_size,100,batch_duration_ns,9530911
throughput.csv,throughput,TCP,localhost,,,30,9439383,9.439,batch_size,100,batch_duration_ns,9439383
throughput.csv,throughput,TCP,localhost,,,31,19291996,19.292,batch_size,100,batch_duration_ns,19291996
throughput.csv,throughput,TCP,localhost,,,32,15591006,15.591,batch_size,100,batch_duration_ns,15591006
throughput.csv,throughput,TCP,localhost,,,33,14532069,14.532,batch_size,100,batch_duration_ns,14532069
throughput.csv,throughput,TCP,localhost,,,34,13693404,13.693,batch_size,100,batch_duration_ns,13693404
throughput.csv,throughput,TCP,localhost,,,35,13679798,13.680,batch_size,100,batch_duration_ns,13679798
throughput.csv,throughput,TCP,localhost,,,36,13349140,13.349,batch_size,100,batch_duration_ns,13349140
throughput.csv,throughput,TCP,localhost,,,37,15219210,15.219,batch_size,100,batch_duration_ns,15219210
throughput.csv,throughput,TCP,localhost,,,38,18607980,18.608,batch_size,100,batch_duration_ns,18607980
throughput.csv,throughput,TCP,localhost,,,39,16840640,16.841,batch_size,100,batch_duration_ns,16840640
throughput.csv,throughput,TCP,localhost,,,40,14605653,14.606,batch_size,100,batch_duration_ns,14605653
throughput.csv,throughput,TCP,localhost,,,41,13210885,13.211,batch_size,100,batch_duration_ns,13210885
throughput.csv,throughput,TCP,localhost,,,42,13392286,13.392,batch_size,100,batch_duration_ns,13392286
throughput.csv,throughput,TCP,localhost,,,43,16400943,16.401,batch_size,100,batch_duration_ns,16400943
throughput.csv,throughput,TCP,localhost,,,44,18551784,18.552,batch_size,100,batch_duration_ns,18551784
throughput.csv,throughput,TCP,localhost,,,45,17463666,17.464,batch_size,100,batch_duration_ns,17463666
throughput.csv,throughput,TCP,localhost,,,46,17427744,17.428,batch_size,100,batch_duration_ns,17427744
throughput.csv,throughput,TCP,localhost,,,47,19559117,19.559,batch_size,100,batch_duration_ns,19559117
throughput.csv,throughput,TCP,localhost,,,48,15531584,15.532,batch_size,100,batch_duration_ns,15531584
throughput.csv,throughput,TCP,localhost,,,49,17594286,17.594,batch_size,100,batch_duration_ns,17594286
throughput.csv,throughput,TCP,localhost,,,50,19240153,19.240,batch_size,100,batch_duration_ns,19240153
throughput.csv,throughput,QUIC,localhost,,,1,6453130,6.453,batch_size,100,batch_duration_ns,6453130
throughput.csv,throughput,QUIC,localhost,,,2,2896376,2.896,batch_size,100,batch_duration_ns,2896376
throughput.csv,throughput,QUIC,localhost,,,3,5692139,5.692,batch_size,100,batch_duration_ns,5692139
throughput.csv,throughput,QUIC,localhost,,,4,3014948,3.015,batch_size,100,batch_duration_ns,3014948
throughput.csv,throughput,QUIC,localhost,,,5,2545600,2.546,batch_size,100,batch_duration_ns,2545600
throughput.csv,throughput,QUIC,localhost,,,6,3127972,3.128,batch_size,100,batch_duration_ns,3127972
throughput.csv,throughput,QUIC,localhost,,,7,3637951,3.638,batch_size,100,batch_duration_ns,3637951
throughput.csv,throughput,QUIC,localhost,,,8,6738437,6.738,batch_size,100,batch_duration_ns,6738437
throughput.csv,throughput,QUIC,localhost,,,9,4633823,4.634,batch_size,100,batch_duration_ns,4633823
throughput.csv,throughput,QUIC,localhost,,,10,2456343,2.456,batch_size,100,batch_duration_ns,2456343
throughput.csv,throughput,QUIC,localhost,,,11,2012225,2.012,batch_size,100,batch_duration_ns,2012225
throughput.csv,throughput,QUIC,localhost,,,12,3197646,3.198,batch_size,100,batch_duration_ns,3197646
throughput.csv,throughput,QUIC,localhost,,,13,4314301,4.314,batch_size,100,batch_duration_ns,4314301
throughput.csv,throughput,QUIC,localhost,,,14,2582475,2.582,batch_size,100,batch_duration_ns,2582475
throughput.csv,throughput,QUIC,localhost,,,15,4758173,4.758,batch_size,100,batch_duration_ns,4758173
throughput.csv,throughput,QUIC,localhost,,,16,3988690,3.989,batch_size,100,batch_duration_ns,3988690
throughput.csv,throughput,QUIC,localhost,,,17,1597807,1.598,batch_size,100,batch_duration_ns,1597807
throughput.csv,throughput,QUIC,localhost,,,18,1525640,1.526,batch_size,100,batch_duration_ns,1525640
throughput.csv,throughput,QUIC,localhost,,,19,3014458,3.014,batch_size,100,batch_duration_ns,3014458
throughput.csv,throughput,QUIC,localhost,,,20,2804514,2.805,batch_size,100,batch_duration_ns,2804514
throughput.csv,throughput,QUIC,localhost,,,21,1900901,1.901,batch_size,100,batch_duration_ns,1900901
throughput.csv,throughput,QUIC,localhost,,,22,6855698,6.856,batch_size,100,batch_duration_ns,6855698
throughput.csv,throughput,QUIC,localhost,,,23,2189995,2.190,batch_size,100,batch_duration_ns,2189995
throughput.csv,throughput,QUIC,localhost,,,24,1432305,1.432,batch_size,100,batch_duration_ns,1432305
throughput.csv,throughput,QUIC,localhost,,,25,1483206,1.483,batch_size,100,batch_duration_ns,1483206
throughput.csv,throughput,QUIC,localhost,,,26,1484764,1.485,batch_size,100,batch_duration_ns,1484764
throughput.csv,throughput,QUIC,localhost,,,27,4155584,4.156,batch_size,100,batch_duration_ns,4155584
throughput.csv,throughput,QUIC,localhost,,,28,2567905,2.568,batch_size,100,batch_duration_ns,2567905
throughput.csv,throughput,QUIC,localhost,,,29,3616406,3.616,batch_size,100,batch_duration_ns,3616406
throughput.csv,throughput,QUIC,localhost,,,30,1840776,1.841,batch_size,100,batch_duration_ns,1840776
throughput.csv,throughput,QUIC,localhost,,,31,1811456,1.811,batch_size,100,batch_duration_ns,1811456
throughput.csv,throughput,QUIC,localhost,,,32,3837970,3.838,batch_size,100,batch_duration_ns,3837970
throughput.csv,throughput,QUIC,localhost,,,33,2955207,2.955,batch_size,100,batch_duration_ns,2955207
throughput.csv,throughput,QUIC,localhost,,,34,1118036,1.118,batch_size,100,batch_duration_ns,1118036
throughput.csv,throughput,QUIC,localhost,,,35,4206753,4.207,batch_size,100,batch_duration_ns,4206753
throughput.csv,throughput,QUIC,localhost,,,36,3244955,3.245,batch_size,100,batch_duration_ns,3244955
throughput.csv,throughput,QUIC,localhost,,,37,1849121,1.849,batch_size,100,batch_duration_ns,1849121
throughput.csv,throughput,QUIC,localhost,,,38,2675036,2.675,batch_size,100,batch_duration_ns,2675036
throughput.csv,throughput,QUIC,localhost,,,39,4613555,4.614,batch_size,100,batch_duration_ns,4613555
throughput.csv,throughput,QUIC,localhost,,,40,2464010,2.464,batch_size,100,batch_duration_ns,2464010
throughput.csv,throughput,QUIC,localhost,,,41,5821553,5.822,batch_size,100,batch_duration_ns,5821553
throughput.csv,throughput,QUIC,localhost,,,42,4079787,4.080,batch_size,100,batch_duration_ns,4079787
throughput.csv,throughput,QUIC,localhost,,,43,1888893,1.889,batch_size,100,batch_duration_ns,1888893
throughput.csv,throughput,QUIC,localhost,,,44,3291737,3.292,batch_size,100,batch_duration_ns,3291737
throughput.csv,throughput,QUIC,localhost,,,45,4669681,4.670,batch_size,100,batch_duration_ns,4669681
throughput.csv,throughput,QUIC,localhost,,,46,2675943,2.676,batch_size,100,batch_duration_ns,2675943
throughput.csv,throughput,QUIC,localhost,,,47,1597894,1.598,batch_size,100,batch_duration_ns,1597894
throughput.csv,throughput,QUIC,localhost,,,48,5977412,5.977,batch_size,100,batch_duration_ns,5977412
throughput.csv,throughput,QUIC,localhost,,,49,4025941,4.026,batch_size,100,batch_duration_ns,4025941
throughput.csv,throughput,QUIC,localhost,,,50,3733929,3.734,batch_size,100,batch_duration_ns,3733929
throughput.csv,throughput,TCP,10ms,,,1,7392829,7.393,batch_size,100,batch_duration_ns,7392829
throughput.csv,throughput,TCP,10ms,,,2,4616058,4.616,batch_size,100,batch_duration_ns,4616058
throughput.csv,throughput,TCP,10ms,,,3,3051584,3.052,batch_size,100,batch_duration_ns,3051584
throughput.csv,throughput,TCP,10ms,,,4,2902797,2.903,batch_size,100,batch_duration_ns,2902797
throughput.csv,throughput,TCP,10ms,,,5,3207279,3.207,batch_size,100,batch_duration_ns,3207279
throughput.csv,throughput,TCP,10ms,,,6,3675564,3.676,batch_size,100,batch_duration_ns,3675564
throughput.csv,throughput,TCP,10ms,,,7,2895822,2.896,batch_size,100,batch_duration_ns,2895822
throughput.csv,throughput,TCP,10ms,,,8,2507919,2.508,batch_size,100,batch_duration_ns,2507919
throughput.csv,throughput,TCP,10ms,,,9,2628425,2.628,batch_size,100,batch_duration_ns,2628425
throughput.csv,throughput,TCP,10ms,,,10,2816847,2.817,batch_size,100,batch_duration_ns,2816847
throughput.csv,throughput,TCP,10ms,,,11,3633900,3.634,batch_size,100,batch_duration_ns,3633900
throughput.csv,throughput,TCP,10ms,,,12,3387043,3.387,batch_size,100,batch_duration_ns,3387043
throughput.csv,throughput,TCP,10ms,,,13,2958754,2.959,batch_size,100,batch_duration_ns,2958754
throughput.csv,throughput,TCP,10ms,,,14,2666825,2.667,batch_size,100,batch_duration_ns,2666825
throughput.csv,throughput,TCP,10ms,,,15,2858360,2.858,batch_size,100,batch_duration_ns,2858360
throughput.csv,throughput,TCP,10ms,,,16,2688469,2.688,batch_size,100,batch_duration_ns,2688469
throughput.csv,throughput,TCP,10ms,,,17,2720525,2.721,batch_size,100,batch_duration_ns,2720525
throughput.csv,throughput,TCP,10ms,,,18,2729880,2.730,batch_size,100,batch_duration_ns,2729880
throughput.csv,throughput,TCP,10ms,,,19,4604850,4.605,batch_size,100,batch_duration_ns,4604850
throughput.csv,throughput,TCP,10ms,,,20,2768476,2.768,batch_size,100,batch_duration_ns,2768476
throughput.csv,throughput,TCP,10ms,,,21,2563634,2.564,batch_size,100,batch_duration_ns,2563634
throughput.csv,throughput,TCP,10ms,,,22,2402216,2.402,batch_size,100,batch_duration_ns,2402216
throughput.csv,throughput,TCP,10ms,,,23,2421912,2.422,batch_size,100,batch_duration_ns,2421912
throughput.csv,throughput,TCP,10ms,,,24,2350090,2.350,batch_size,100,batch_duration_ns,2350090
throughput.csv,throughput,TCP,10ms,,,25,2291494,2.291,batch_size,100,batch_duration_ns,2291494
throughput.csv,throughput,TCP,10ms,,,26,4403222,4.403,batch_size,100,batch_duration_ns,4403222
throughput.csv,throughput,TCP,10ms,,,27,3288990,3.289,batch_size,100,batch_duration_ns,3288990
throughput.csv,throughput,TCP,10ms,,,28,1479598,1.480,batch_size,100,batch_duration_ns,1479598
throughput.csv,throughput,TCP,10ms,,,29,1583509,1.584,batch_size,100,batch_duration_ns,1583509
throughput.csv,throughput,TCP,10ms,,,30,1540891,1.541,batch_size,100,batch_duration_ns,1540891
throughput.csv,throughput,TCP,10ms,,,31,1785351,1.785,batch_size,100,batch_duration_ns,1785351
throughput.csv,throughput,TCP,10ms,,,32,2733762,2.734,batch_size,100,batch_duration_ns,2733762
throughput.csv,throughput,TCP,10ms,,,33,2867580,2.868,batch_size,100,batch_duration_ns,2867580
throughput.csv,throughput,TCP,10ms,,,34,3921135,3.921,batch_size,100,batch_duration_ns,3921135
throughput.csv,throughput,TCP,10ms,,,35,7141451,7.141,batch_size,100,batch_duration_ns,7141451
throughput.csv,throughput,TCP,10ms,,,36,20487869,20.488,batch_size,100,batch_duration_ns,20487869
throughput.csv,throughput,TCP,10ms,,,37,15566590,15.567,batch_size,100,batch_duration_ns,15566590
throughput.csv,throughput,TCP,10ms,,,38,19929091,19.929,batch_size,100,batch_duration_ns,19929091
throughput.csv,throughput,TCP,10ms,,,39,18944829,18.945,batch_size,100,batch_duration_ns,18944829
throughput.csv,throughput,TCP,10ms,,,40,21410768,21.411,batch_size,100,batch_duration_ns,21410768
throughput.csv,throughput,TCP,10ms,,,41,20229448,20.229,batch_size,100,batch_duration_ns,20229448
throughput.csv,throughput,TCP,10ms,,,42,21003717,21.004,batch_size,100,batch_duration_ns,21003717
throughput.csv,throughput,TCP,10ms,,,43,16032208,16.032,batch_size,100,batch_duration_ns,16032208
throughput.csv,throughput,TCP,10ms,,,44,11267870,11.268,batch_size,100,batch_duration_ns,11267870
throughput.csv,throughput,TCP,10ms,,,45,11711450,11.711,batch_size,100,batch_duration_ns,11711450
throughput.csv,throughput,TCP,10ms,,,46,9792079,9.792,batch_size,100,batch_duration_ns,9792079
throughput.csv,throughput,TCP,10ms,,,47,11897391,11.897,batch_size,100,batch_duration_ns,11897391
throughput.csv,throughput,TCP,10ms,,,48,10758216,10.758,batch_size,100,batch_duration_ns,10758216
throughput.csv,throughput,TCP,10ms,,,49,11249228,11.249,batch_size,100,batch_duration_ns,11249228
throughput.csv,throughput,TCP,10ms,,,50,10908382,10.908,batch_size,100,batch_duration_ns,10908382
throughput.csv,throughput,QUIC,10ms,,,1,1855809,1.856,batch_size,100,batch_duration_ns,1855809
throughput.csv,throughput,QUIC,10ms,,,2,1905477,1.905,batch_size,100,batch_duration_ns,1905477
throughput.csv,throughput,QUIC,10ms,,,3,4369308,4.369,batch_size,100,batch_duration_ns,4369308
throughput.csv,throughput,QUIC,10ms,,,4,2829615,2.830,batch_size,100,batch_duration_ns,2829615
throughput.csv,throughput,QUIC,10ms,,,5,3339192,3.339,batch_size,100,batch_duration_ns,3339192
throughput.csv,throughput,QUIC,10ms,,,6,8647964,8.648,batch_size,100,batch_duration_ns,8647964
throughput.csv,throughput,QUIC,10ms,,,7,3168405,3.168,batch_size,100,batch_duration_ns,3168405
throughput.csv,throughput,QUIC,10ms,,,8,2734836,2.735,batch_size,100,batch_duration_ns,2734836
throughput.csv,throughput,QUIC,10ms,,,9,2066840,2.067,batch_size,100,batch_duration_ns,2066840
throughput.csv,throughput,QUIC,10ms,,,10,1978894,1.979,batch_size,100,batch_duration_ns,1978894
throughput.csv,throughput,QUIC,10ms,,,11,1730032,1.730,batch_size,100,batch_duration_ns,1730032
throughput.csv,throughput,QUIC,10ms,,,12,1660096,1.660,batch_size,100,batch_duration_ns,1660096
throughput.csv,throughput,QUIC,10ms,,,13,3092823,3.093,batch_size,100,batch_duration_ns,3092823
throughput.csv,throughput,QUIC,10ms,,,14,2058770,2.059,batch_size,100,batch_duration_ns,2058770
throughput.csv,throughput,QUIC,10ms,,,15,6597891,6.598,batch_size,100,batch_duration_ns,6597891
throughput.csv,throughput,QUIC,10ms,,,16,2834022,2.834,batch_size,100,batch_duration_ns,2834022
throughput.csv,throughput,QUIC,10ms,,,17,2989908,2.990,batch_size,100,batch_duration_ns,2989908
throughput.csv,throughput,QUIC,10ms,,,18,3241711,3.242,batch_size,100,batch_duration_ns,3241711
throughput.csv,throughput,QUIC,10ms,,,19,3052330,3.052,batch_size,100,batch_duration_ns,3052330
throughput.csv,throughput,QUIC,10ms,,,20,1293431,1.293,batch_size,100,batch_duration_ns,1293431
throughput.csv,throughput,QUIC,10ms,,,21,2121685,2.122,batch_size,100,batch_duration_ns,2121685
throughput.csv,throughput,QUIC,10ms,,,22,3403679,3.404,batch_size,100,batch_duration_ns,3403679
throughput.csv,throughput,QUIC,10ms,,,23,1537511,1.538,batch_size,100,batch_duration_ns,1537511
throughput.csv,throughput,QUIC,10ms,,,24,2835771,2.836,batch_size,100,batch_duration_ns,2835771
throughput.csv,throughput,QUIC,10ms,,,25,2936966,2.937,batch_size,100,batch_duration_ns,2936966
throughput.csv,throughput,QUIC,10ms,,,26,1571185,1.571,batch_size,100,batch_duration_ns,1571185
throughput.csv,throughput,QUIC,10ms,,,27,1725294,1.725,batch_size,100,batch_duration_ns,1725294
throughput.csv,throughput,QUIC,10ms,,,28,1718965,1.719,batch_size,100,batch_duration_ns,1718965
throughput.csv,throughput,QUIC,10ms,,,29,2257202,2.257,batch_size,100,batch_duration_ns,2257202
throughput.csv,throughput,QUIC,10ms,,,30,2841527,2.842,batch_size,100,batch_duration_ns,2841527
throughput.csv,throughput,QUIC,10ms,,,31,9430984,9.431,batch_size,100,batch_duration_ns,9430984
throughput.csv,throughput,QUIC,10ms,,,32,2537833,2.538,batch_size,100,batch_duration_ns,2537833
throughput.csv,throughput,QUIC,10ms,,,33,1762875,1.763,batch_size,100,batch_duration_ns,1762875
throughput.csv,throughput,QUIC,10ms,,,34,1835517,1.836,batch_size,100,batch_duration_ns,1835517
throughput.csv,throughput,QUIC,10ms,,,35,1719949,1.720,batch_size,100,batch_duration_ns,1719949
throughput.csv,throughput,QUIC,10ms,,,36,1497307,1.497,batch_size,100,batch_duration_ns,1497307
throughput.csv,throughput,QUIC,10ms,,,37,1402661,1.403,batch_size,100,batch_duration_ns,1402661
throughput.csv,throughput,QUIC,10ms,,,38,2353209,2.353,batch_size,100,batch_duration_ns,2353209
throughput.csv,throughput,QUIC,10ms,,,39,4067559,4.068,batch_size,100,batch_duration_ns,4067559
throughput.csv,throughput,QUIC,10ms,,,40,9725358,9.725,batch_size,100,batch_duration_ns,9725358
throughput.csv,throughput,QUIC,10ms,,,41,2581506,2.582,batch_size,100,batch_duration_ns,2581506
throughput.csv,throughput,QUIC,10ms,,,42,2391873,2.392,batch_size,100,batch_duration_ns,2391873
throughput.csv,throughput,QUIC,10ms,,,43,3643682,3.644,batch_size,100,batch_duration_ns,3643682
throughput.csv,throughput,QUIC,10ms,,,44,1547943,1.548,batch_size,100,batch_duration_ns,1547943
throughput.csv,throughput,QUIC,10ms,,,45,2150124,2.150,batch_size,100,batch_duration_ns,2150124
throughput.csv,throughput,QUIC,10ms,,,46,2460093,2.460,batch_size,100,batch_duration_ns,2460093
throughput.csv,throughput,QUIC,10ms,,,47,2328243,2.328,batch_size,100,batch_duration_ns,2328243
throughput.csv,throughput,QUIC,10ms,,,48,2859308,2.859,batch_size,100,batch_duration_ns,2859308
throughput.csv,throughput,QUIC,10ms,,,49,2089211,2.089,batch_size,100,batch_duration_ns,2089211
throughput.csv,throughput,QUIC,10ms,,,50,3730910,3.731,batch_size,100,batch_duration_ns,3730910
throughput.csv,throughput,TCP,1pct_loss,,,1,2722049,2.722,batch_size,100,batch_duration_ns,2722049
throughput.csv,throughput,TCP,1pct_loss,,,2,3042821,3.043,batch_size,100,batch_duration_ns,3042821
throughput.csv,throughput,TCP,1pct_loss,,,3,2452964,2.453,batch_size,100,batch_duration_ns,2452964
throughput.csv,throughput,TCP,1pct_loss,,,4,3093311,3.093,batch_size,100,batch_duration_ns,3093311
throughput.csv,throughput,TCP,1pct_loss,,,5,2445469,2.445,batch_size,100,batch_duration_ns,2445469
throughput.csv,throughput,TCP,1pct_loss,,,6,2890818,2.891,batch_size,100,batch_duration_ns,2890818
throughput.csv,throughput,TCP,1pct_loss,,,7,2389279,2.389,batch_size,100,batch_duration_ns,2389279
throughput.csv,throughput,TCP,1pct_loss,,,8,3022252,3.022,batch_size,100,batch_duration_ns,3022252
throughput.csv,throughput,TCP,1pct_loss,,,9,2371685,2.372,batch_size,100,batch_duration_ns,2371685
throughput.csv,throughput,TCP,1pct_loss,,,10,2294673,2.295,batch_size,100,batch_duration_ns,2294673
throughput.csv,throughput,TCP,1pct_loss,,,11,2202078,2.202,batch_size,100,batch_duration_ns,2202078
throughput.csv,throughput,TCP,1pct_loss,,,12,2649872,2.650,batch_size,100,batch_duration_ns,2649872
throughput.csv,throughput,TCP,1pct_loss,,,13,2394431,2.394,batch_size,100,batch_duration_ns,2394431
throughput.csv,throughput,TCP,1pct_loss,,,14,2512699,2.513,batch_size,100,batch_duration_ns,2512699
throughput.csv,throughput,TCP,1pct_loss,,,15,2536070,2.536,batch_size,100,batch_duration_ns,2536070
throughput.csv,throughput,TCP,1pct_loss,,,16,3254691,3.255,batch_size,100,batch_duration_ns,3254691
throughput.csv,throughput,TCP,1pct_loss,,,17,2492675,2.493,batch_size,100,batch_duration_ns,2492675
throughput.csv,throughput,TCP,1pct_loss,,,18,2664249,2.664,batch_size,100,batch_duration_ns,2664249
throughput.csv,throughput,TCP,1pct_loss,,,19,2565130,2.565,batch_size,100,batch_duration_ns,2565130
throughput.csv,throughput,TCP,1pct_loss,,,20,3640610,3.641,batch_size,100,batch_duration_ns,3640610
throughput.csv,throughput,TCP,1pct_loss,,,21,2989596,2.990,batch_size,100,batch_duration_ns,2989596
throughput.csv,throughput,TCP,1pct_loss,,,22,2311070,2.311,batch_size,100,batch_duration_ns,2311070
throughput.csv,throughput,TCP,1pct_loss,,,23,2888176,2.888,batch_size,100,batch_duration_ns,2888176
throughput.csv,throughput,TCP,1pct_loss,,,24,2154601,2.155,batch_size,100,batch_duration_ns,2154601
throughput.csv,throughput,TCP,1pct_loss,,,25,3090200,3.090,batch_size,100,batch_duration_ns,3090200
throughput.csv,throughput,TCP,1pct_loss,,,26,2688499,2.688,batch_size,100,batch_duration_ns,2688499
throughput.csv,throughput,TCP,1pct_loss,,,27,2457662,2.458,batch_size,100,batch_duration_ns,2457662
throughput.csv,throughput,TCP,1pct_loss,,,28,3774498,3.774,batch_size,100,batch_duration_ns,3774498
throughput.csv,throughput,TCP,1pct_loss,,,29,3198618,3.199,batch_size,100,batch_duration_ns,3198618
throughput.csv,throughput,TCP,1pct_loss,,,30,5743047,5.743,batch_size,100,batch_duration_ns,5743047
throughput.csv,throughput,TCP,1pct_loss,,,31,4504115,4.504,batch_size,100,batch_duration_ns,4504115
throughput.csv,throughput,TCP,1pct_loss,,,32,3664214,3.664,batch_size,100,batch_duration_ns,3664214
throughput.csv,throughput,TCP,1pct_loss,,,33,3639632,3.640,batch_size,100,batch_duration_ns,3639632
throughput.csv,throughput,TCP,1pct_loss,,,34,3651775,3.652,batch_size,100,batch_duration_ns,3651775
throughput.csv,throughput,TCP,1pct_loss,,,35,4514769,4.515,batch_size,100,batch_duration_ns,4514769
throughput.csv,throughput,TCP,1pct_loss,,,36,3810523,3.811,batch_size,100,batch_duration_ns,3810523
throughput.csv,throughput,TCP,1pct_loss,,,37,3913883,3.914,batch_size,100,batch_duration_ns,3913883
throughput.csv,throughput,TCP,1pct_loss,,,38,4704160,4.704,batch_size,100,batch_duration_ns,4704160
throughput.csv,throughput,TCP,1pct_loss,,,39,4239888,4.240,batch_size,100,batch_duration_ns,4239888
throughput.csv,throughput,TCP,1pct_loss,,,40,4704353,4.704,batch_size,100,batch_duration_ns,4704353
throughput.csv,throughput,TCP,1pct_loss,,,41,2689476,2.689,batch_size,100,batch_duration_ns,2689476
throughput.csv,throughput,TCP,1pct_loss,,,42,1318630,1.319,batch_size,100,batch_duration_ns,1318630
throughput.csv,throughput,TCP,1pct_loss,,,43,1573286,1.573,batch_size,100,batch_duration_ns,1573286
throughput.csv,throughput,TCP,1pct_loss,,,44,1441931,1.442,batch_size,100,batch_duration_ns,1441931
throughput.csv,throughput,TCP,1pct_loss,,,45,1460110,1.460,batch_size,100,batch_duration_ns,1460110
throughput.csv,throughput,TCP,1pct_loss,,,46,1302853,1.303,batch_size,100,batch_duration_ns,1302853
throughput.csv,throughput,TCP,1pct_loss,,,47,1335487,1.335,batch_size,100,batch_duration_ns,1335487
throughput.csv,throughput,TCP,1pct_loss,,,48,1590417,1.590,batch_size,100,batch_duration_ns,1590417
throughput.csv,throughput,TCP,1pct_loss,,,49,1460566,1.461,batch_size,100,batch_duration_ns,1460566
throughput.csv,throughput,TCP,1pct_loss,,,50,1670094,1.670,batch_size,100,batch_duration_ns,1670094
throughput.csv,throughput,QUIC,1pct_loss,,,1,2537873,2.538,batch_size,100,batch_duration_ns,2537873
throughput.csv,throughput,QUIC,1pct_loss,,,2,4683880,4.684,batch_size,100,batch_duration_ns,4683880
throughput.csv,throughput,QUIC,1pct_loss,,,3,2661338,2.661,batch_size,100,batch_duration_ns,2661338
throughput.csv,throughput,QUIC,1pct_loss,,,4,2353449,2.353,batch_size,100,batch_duration_ns,2353449
throughput.csv,throughput,QUIC,1pct_loss,,,5,1994065,1.994,batch_size,100,batch_duration_ns,1994065
throughput.csv,throughput,QUIC,1pct_loss,,,6,9544487,9.544,batch_size,100,batch_duration_ns,9544487
throughput.csv,throughput,QUIC,1pct_loss,,,7,7593500,7.593,batch_size,100,batch_duration_ns,7593500
throughput.csv,throughput,QUIC,1pct_loss,,,8,2020876,2.021,batch_size,100,batch_duration_ns,2020876
throughput.csv,throughput,QUIC,1pct_loss,,,9,2057460,2.057,batch_size,100,batch_duration_ns,2057460
throughput.csv,throughput,QUIC,1pct_loss,,,10,3924108,3.924,batch_size,100,batch_duration_ns,3924108
throughput.csv,throughput,QUIC,1pct_loss,,,11,3444900,3.445,batch_size,100,batch_duration_ns,3444900
throughput.csv,throughput,QUIC,1pct_loss,,,12,11829821,11.830,batch_size,100,batch_duration_ns,11829821
throughput.csv,throughput,QUIC,1pct_loss,,,13,1770398,1.770,batch_size,100,batch_duration_ns,1770398
throughput.csv,throughput,QUIC,1pct_loss,,,14,4921447,4.921,batch_size,100,batch_duration_ns,4921447
throughput.csv,throughput,QUIC,1pct_loss,,,15,12677184,12.677,batch_size,100,batch_duration_ns,12677184
throughput.csv,throughput,QUIC,1pct_loss,,,16,2290540,2.291,batch_size,100,batch_duration_ns,2290540
throughput.csv,throughput,QUIC,1pct_loss,,,17,2807954,2.808,batch_size,100,batch_duration_ns,2807954
throughput.csv,throughput,QUIC,1pct_loss,,,18,4568351,4.568,batch_size,100,batch_duration_ns,4568351
throughput.csv,throughput,QUIC,1pct_loss,,,19,1574819,1.575,batch_size,100,batch_duration_ns,1574819
throughput.csv,throughput,QUIC,1pct_loss,,,20,12915329,12.915,batch_size,100,batch_duration_ns,12915329
throughput.csv,throughput,QUIC,1pct_loss,,,21,3786857,3.787,batch_size,100,batch_duration_ns,3786857
throughput.csv,throughput,QUIC,1pct_loss,,,22,2555774,2.556,batch_size,100,batch_duration_ns,2555774
throughput.csv,throughput,QUIC,1pct_loss,,,23,1885146,1.885,batch_size,100,batch_duration_ns,1885146
throughput.csv,throughput,QUIC,1pct_loss,,,24,8484535,8.485,batch_size,100,batch_duration_ns,8484535
throughput.csv,throughput,QUIC,1pct_loss,,,25,9004184,9.004,batch_size,100,batch_duration_ns,9004184
throughput.csv,throughput,QUIC,1pct_loss,,,26,1589177,1.589,batch_size,100,batch_duration_ns,1589177
throughput.csv,throughput,QUIC,1pct_loss,,,27,3249318,3.249,batch_size,100,batch_duration_ns,3249318
throughput.csv,throughput,QUIC,1pct_loss,,,28,8433246,8.433,batch_size,100,batch_duration_ns,8433246
throughput.csv,throughput,QUIC,1pct_loss,,,29,7959575,7.960,batch_size,100,batch_duration_ns,7959575
throughput.csv,throughput,QUIC,1pct_loss,,,30,4602760,4.603,batch_size,100,batch_duration_ns,4602760
throughput.csv,throughput,QUIC,1pct_loss,,,31,9776724,9.777,batch_size,100,batch_duration_ns,9776724
throughput.csv,throughput,QUIC,1pct_loss,,,32,8874369,8.874,batch_size,100,batch_duration_ns,8874369
throughput.csv,throughput,QUIC,1pct_loss,,,33,3160319,3.160,batch_size,100,batch_duration_ns,3160319
throughput.csv,throughput,QUIC,1pct_loss,,,34,9000690,9.001,batch_size,100,batch_duration_ns,9000690
throughput.csv,throughput,QUIC,1pct_loss,,,35,9621277,9.621,batch_size,100,batch_duration_ns,9621277
throughput.csv,throughput,QUIC,1pct_loss,,,36,9539093,9.539,batch_size,100,batch_duration_ns,9539093
throughput.csv,throughput,QUIC,1pct_loss,,,37,10607958,10.608,batch_size,100,batch_duration_ns,10607958
throughput.csv,throughput,QUIC,1pct_loss,,,38,4636784,4.637,batch_size,100,batch_duration_ns,4636784
throughput.csv,throughput,QUIC,1pct_loss,,,39,9605639,9.606,batch_size,100,batch_duration_ns,9605639
throughput.csv,throughput,QUIC,1pct_loss,,,40,16773492,16.773,batch_size,100,batch_duration_ns,16773492
throughput.csv,throughput,QUIC,1pct_loss,,,41,14330963,14.331,batch_size,100,batch_duration_ns,14330963
throughput.csv,throughput,QUIC,1pct_loss,,,42,4266183,4.266,batch_size,100,batch_duration_ns,4266183
throughput.csv,throughput,QUIC,1pct_loss,,,43,16473053,16.473,batch_size,100,batch_duration_ns,16473053
throughput.csv,throughput,QUIC,1pct_loss,,,44,5960084,5.960,batch_size,100,batch_duration_ns,5960084
throughput.csv,throughput,QUIC,1pct_loss,,,45,15262878,15.263,batch_size,100,batch_duration_ns,15262878
throughput.csv,throughput,QUIC,1pct_loss,,,46,6354004,6.354,batch_size,100,batch_duration_ns,6354004
throughput.csv,throughput,QUIC,1pct_loss,,,47,15513483,15.513,batch_size,100,batch_duration_ns,15513483
throughput.csv,throughput,QUIC,1pct_loss,,,48,18843443,18.843,batch_size,100,batch_duration_ns,18843443
throughput.csv,throughput,QUIC,1pct_loss,,,49,20148985,20.149,batch_size,100,batch_duration_ns,20148985
throughput.csv,throughput,QUIC,1pct_loss,,,50,7006915,7.007,batch_size,100,batch_duration_ns,7006915
throughput.csv,throughput,TCP,5pct_loss,,,1,3233692,3.234,batch_size,100,batch_duration_ns,3233692
throughput.csv,throughput,TCP,5pct_loss,,,2,8227644,8.228,batch_size,100,batch_duration_ns,8227644
throughput.csv,throughput,TCP,5pct_loss,,,3,4450686,4.451,batch_size,100,batch_duration_ns,4450686
throughput.csv,throughput,TCP,5pct_loss,,,4,4002138,4.002,batch_size,100,batch_duration_ns,4002138
throughput.csv,throughput,TCP,5pct_loss,,,5,4414041,4.414,batch_size,100,batch_duration_ns,4414041
throughput.csv,throughput,TCP,5pct_loss,,,6,3517077,3.517,batch_size,100,batch_duration_ns,3517077
throughput.csv,throughput,TCP,5pct_loss,,,7,3823808,3.824,batch_size,100,batch_duration_ns,3823808
throughput.csv,throughput,TCP,5pct_loss,,,8,3163999,3.164,batch_size,100,batch_duration_ns,3163999
throughput.csv,throughput,TCP,5pct_loss,,,9,3339191,3.339,batch_size,100,batch_duration_ns,3339191
throughput.csv,throughput,TCP,5pct_loss,,,10,4538906,4.539,batch_size,100,batch_duration_ns,4538906
throughput.csv,throughput,TCP,5pct_loss,,,11,3649232,3.649,batch_size,100,batch_duration_ns,3649232
throughput.csv,throughput,TCP,5pct_loss,,,12,2642221,2.642,batch_size,100,batch_duration_ns,2642221
throughput.csv,throughput,TCP,5pct_loss,,,13,4109675,4.110,batch_size,100,batch_duration_ns,4109675
throughput.csv,throughput,TCP,5pct_loss,,,14,3570570,3.571,batch_size,100,batch_duration_ns,3570570
throughput.csv,throughput,TCP,5pct_loss,,,15,3024077,3.024,batch_size,100,batch_duration_ns,3024077
throughput.csv,throughput,TCP,5pct_loss,,,16,3604402,3.604,batch_size,100,batch_duration_ns,3604402
throughput.csv,throughput,TCP,5pct_loss,,,17,2960558,2.961,batch_size,100,batch_duration_ns,2960558
throughput.csv,throughput,TCP,5pct_loss,,,18,2880698,2.881,batch_size,100,batch_duration_ns,2880698
throughput.csv,throughput,TCP,5pct_loss,,,19,3095710,3.096,batch_size,100,batch_duration_ns,3095710
throughput.csv,throughput,TCP,5pct_loss,,,20,3249628,3.250,batch_size,100,batch_duration_ns,3249628
throughput.csv,throughput,TCP,5pct_loss,,,21,3148088,3.148,batch_size,100,batch_duration_ns,3148088
throughput.csv,throughput,TCP,5pct_loss,,,22,3272395,3.272,batch_size,100,batch_duration_ns,3272395
throughput.csv,throughput,TCP,5pct_loss,,,23,3034702,3.035,batch_size,100,batch_duration_ns,3034702
throughput.csv,throughput,TCP,5pct_loss,,,24,2931641,2.932,batch_size,100,batch_duration_ns,2931641
throughput.csv,throughput,TCP,5pct_loss,,,25,3032760,3.033,batch_size,100,batch_duration_ns,3032760
throughput.csv,throughput,TCP,5pct_loss,,,26,2777901,2.778,batch_size,100,batch_duration_ns,2777901
throughput.csv,throughput,TCP,5pct_loss,,,27,2791991,2.792,batch_size,100,batch_duration_ns,2791991
throughput.csv,throughput,TCP,5pct_loss,,,28,3559663,3.560,batch_size,100,batch_duration_ns,3559663
throughput.csv,throughput,TCP,5pct_loss,,,29,4241242,4.241,batch_size,100,batch_duration_ns,4241242
throughput.csv,throughput,TCP,5pct_loss,,,30,3032266,3.032,batch_size,100,batch_duration_ns,3032266
throughput.csv,throughput,TCP,5pct_loss,,,31,2882372,2.882,batch_size,100,batch_duration_ns,2882372
throughput.csv,throughput,TCP,5pct_loss,,,32,3078658,3.079,batch_size,100,batch_duration_ns,3078658
throughput.csv,throughput,TCP,5pct_loss,,,33,3672749,3.673,batch_size,100,batch_duration_ns,3672749
throughput.csv,throughput,TCP,5pct_loss,,,34,3205748,3.206,batch_size,100,batch_duration_ns,3205748
throughput.csv,throughput,TCP,5pct_loss,,,35,3445455,3.445,batch_size,100,batch_duration_ns,3445455
throughput.csv,throughput,TCP,5pct_loss,,,36,2793390,2.793,batch_size,100,batch_duration_ns,2793390
throughput.csv,throughput,TCP,5pct_loss,,,37,2758470,2.758,batch_size,100,batch_duration_ns,2758470
throughput.csv,throughput,TCP,5pct_loss,,,38,2759350,2.759,batch_size,100,batch_duration_ns,2759350
throughput.csv,throughput,TCP,5pct_loss,,,39,3046933,3.047,batch_size,100,batch_duration_ns,3046933
throughput.csv,throughput,TCP,5pct_loss,,,40,3422602,3.423,batch_size,100,batch_duration_ns,3422602
throughput.csv,throughput,TCP,5pct_loss,,,41,4347086,4.347,batch_size,100,batch_duration_ns,4347086
throughput.csv,throughput,TCP,5pct_loss,,,42,2845648,2.846,batch_size,100,batch_duration_ns,2845648
throughput.csv,throughput,TCP,5pct_loss,,,43,3087754,3.088,batch_size,100,batch_duration_ns,3087754
throughput.csv,throughput,TCP,5pct_loss,,,44,4229126,4.229,batch_size,100,batch_duration_ns,4229126
throughput.csv,throughput,TCP,5pct_loss,,,45,2472832,2.473,batch_size,100,batch_duration_ns,2472832
throughput.csv,throughput,TCP,5pct_loss,,,46,2667514,2.668,batch_size,100,batch_duration_ns,2667514
throughput.csv,throughput,TCP,5pct_loss,,,47,4786085,4.786,batch_size,100,batch_duration_ns,4786085
throughput.csv,throughput,TCP,5pct_loss,,,48,4333942,4.334,batch_size,100,batch_duration_ns,4333942
throughput.csv,throughput,TCP,5pct_loss,,,49,4347941,4.348,batch_size,100,batch_duration_ns,4347941
throughput.csv,throughput,TCP,5pct_loss,,,50,3772705,3.773,batch_size,100,batch_duration_ns,3772705
throughput.csv,throughput,QUIC,5pct_loss,,,1,4277054,4.277,batch_size,100,batch_duration_ns,4277054
throughput.csv,throughput,QUIC,5pct_loss,,,2,2465393,2.465,batch_size,100,batch_duration_ns,2465393
throughput.csv,throughput,QUIC,5pct_loss,,,3,2156061,2.156,batch_size,100,batch_duration_ns,2156061
throughput.csv,throughput,QUIC,5pct_loss,,,4,1966590,1.967,batch_size,100,batch_duration_ns,1966590
throughput.csv,throughput,QUIC,5pct_loss,,,5,1882351,1.882,batch_size,100,batch_duration_ns,1882351
throughput.csv,throughput,QUIC,5pct_loss,,,6,15377169,15.377,batch_size,100,batch_duration_ns,15377169
throughput.csv,throughput,QUIC,5pct_loss,,,7,2350848,2.351,batch_size,100,batch_duration_ns,2350848
throughput.csv,throughput,QUIC,5pct_loss,,,8,2425989,2.426,batch_size,100,batch_duration_ns,2425989
throughput.csv,throughput,QUIC,5pct_loss,,,9,7220473,7.220,batch_size,100,batch_duration_ns,7220473
throughput.csv,throughput,QUIC,5pct_loss,,,10,11966879,11.967,batch_size,100,batch_duration_ns,11966879
throughput.csv,throughput,QUIC,5pct_loss,,,11,2390628,2.391,batch_size,100,batch_duration_ns,2390628
throughput.csv,throughput,QUIC,5pct_loss,,,12,16295651,16.296,batch_size,100,batch_duration_ns,16295651
throughput.csv,throughput,QUIC,5pct_loss,,,13,7653101,7.653,batch_size,100,batch_duration_ns,7653101
throughput.csv,throughput,QUIC,5pct_loss,,,14,15078289,15.078,batch_size,100,batch_duration_ns,15078289
throughput.csv,throughput,QUIC,5pct_loss,,,15,19452815,19.453,batch_size,100,batch_duration_ns,19452815
throughput.csv,throughput,QUIC,5pct_loss,,,16,20352633,20.353,batch_size,100,batch_duration_ns,20352633
throughput.csv,throughput,QUIC,5pct_loss,,,17,19980816,19.981,batch_size,100,batch_duration_ns,19980816
throughput.csv,throughput,QUIC,5pct_loss,,,18,27616246,27.616,batch_size,100,batch_duration_ns,27616246
throughput.csv,throughput,QUIC,5pct_loss,,,19,20443450,20.443,batch_size,100,batch_duration_ns,20443450
throughput.csv,throughput,QUIC,5pct_loss,,,20,21816717,21.817,batch_size,100,batch_duration_ns,21816717
throughput.csv,throughput,QUIC,5pct_loss,,,21,21470131,21.470,batch_size,100,batch_duration_ns,21470131
throughput.csv,throughput,QUIC,5pct_loss,,,22,21351236,21.351,batch_size,100,batch_duration_ns,21351236
throughput.csv,throughput,QUIC,5pct_loss,,,23,21631329,21.631,batch_size,100,batch_duration_ns,21631329
throughput.csv,throughput,QUIC,5pct_loss,,,24,20286254,20.286,batch_size,100,batch_duration_ns,20286254
throughput.csv,throughput,QUIC,5pct_loss,,,25,20801853,20.802,batch_size,100,batch_duration_ns,20801853
throughput.csv,throughput,QUIC,5pct_loss,,,26,19831356,19.831,batch_size,100,batch_duration_ns,19831356
throughput.csv,throughput,QUIC,5pct_loss,,,27,19295942,19.296,batch_size,100,batch_duration_ns,19295942
throughput.csv,throughput,QUIC,5pct_loss,,,28,21077490,21.077,batch_size,100,batch_duration_ns,21077490
throughput.csv,throughput,QUIC,5pct_loss,,,29,19122997,19.123,batch_size,100,batch_duration_ns,19122997
throughput.csv,throughput,QUIC,5pct_loss,,,30,22122124,22.122,batch_size,100,batch_duration_ns,22122124
throughput.csv,throughput,QUIC,5pct_loss,,,31,21072573,21.073,batch_size,100,batch_duration_ns,21072573
throughput.csv,throughput,QUIC,5pct_loss,,,32,21010853,21.011,batch_size,100,batch_duration_ns,21010853
throughput.csv,throughput,QUIC,5pct_loss,,,33,20619676,20.620,batch_size,100,batch_duration_ns,20619676
throughput.csv,throughput,QUIC,5pct_loss,,,34,20568473,20.568,batch_size,100,batch_duration_ns,20568473
throughput.csv,throughput,QUIC,5pct_loss,,,35,20519792,20.520,batch_size,100,batch_duration_ns,20519792
throughput.csv,throughput,QUIC,5pct_loss,,,36,21069234,21.069,batch_size,100,batch_duration_ns,21069234
throughput.csv,throughput,QUIC,5pct_loss,,,37,20191065,20.191,batch_size,100,batch_duration_ns,20191065
throughput.csv,throughput,QUIC,5pct_loss,,,38,20343405,20.343,batch_size,100,batch_duration_ns,20343405
throughput.csv,throughput,QUIC,5pct_loss,,,39,20311190,20.311,batch_size,100,batch_duration_ns,20311190
throughput.csv,throughput,QUIC,5pct_loss,,,40,38310458,38.310,batch_size,100,batch_duration_ns,38310458
throughput.csv,throughput,QUIC,5pct_loss,,,41,2821409,2.821,batch_size,100,batch_duration_ns,2821409
throughput.csv,throughput,QUIC,5pct_loss,,,42,19823784,19.824,batch_size,100,batch_duration_ns,19823784
throughput.csv,throughput,QUIC,5pct_loss,,,43,19250117,19.250,batch_size,100,batch_duration_ns,19250117
throughput.csv,throughput,QUIC,5pct_loss,,,44,23022250,23.022,batch_size,100,batch_duration_ns,23022250
throughput.csv,throughput,QUIC,5pct_loss,,,45,20443869,20.444,batch_size,100,batch_duration_ns,20443869
throughput.csv,throughput,QUIC,5pct_loss,,,46,38356391,38.356,batch_size,100,batch_duration_ns,38356391
throughput.csv,throughput,QUIC,5pct_loss,,,47,40405822,40.406,batch_size,100,batch_duration_ns,40405822
throughput.csv,throughput,QUIC,5pct_loss,,,48,20870708,20.871,batch_size,100,batch_duration_ns,20870708
throughput.csv,throughput,QUIC,5pct_loss,,,49,22573948,22.574,batch_size,100,batch_duration_ns,22573948
throughput.csv,throughput,QUIC,5pct_loss,,,50,20447017,20.447,batch_size,100,batch_duration_ns,20447017
